"Path","Hash"
"C:\Users\USER\slh-bot-clean\.dockerignore","7EB70257593DA06F682A3DDDA54A9D260D4FC514F645237F5CA74B08F8DA61A6"
"C:\Users\USER\slh-bot-clean\.env","5564B6AFD30B16E1D22C5FEBE7EBE2879B61C7B5A7BAB527BE288E854BC9E940"
"C:\Users\USER\slh-bot-clean\.env.example","DAB86F98B7A39BCC9853D93C3BC2248395C09B901C15B89FAF1D6BA60BB33B84"
"C:\Users\USER\slh-bot-clean\.gitignore","8E1552B2DCF293EBB6681DB3EB6F74131EE31C80106C83C5CBB448C6A08ED246"
"C:\Users\USER\slh-bot-clean\.railway_bust","CA97CC706DC49ECC090DDED6BCC1833B2EEEC14B41BE6F59DE4127994EEAF6BB"
"C:\Users\USER\slh-bot-clean\.railwayignore","A5537F888E2E2E21D1F3BECA737181487D6ED37778C3C2F63F0ACCB06B16914D"
"C:\Users\USER\slh-bot-clean\_archive\legacy_handlers\20260813_210100\broadcast_handler.py","9743B031F2E0CD740159AFEE005E50E0EB60D315A21140B01BFFF8B73329C93D"
"C:\Users\USER\slh-bot-clean\ACTIVE_MARKDOWN.txt","E4D439105582EC4B7CBA7B299736B247C9D1D4363B38927703120314A31BF72F"
"C:\Users\USER\slh-bot-clean\adapters\cli.py","9FF59686572511F78317E9971EB1010E0064FFAE1C4CC36D8DE5F126CCCDC4F2"
"C:\Users\USER\slh-bot-clean\add_sync_patch.py","B6FE7BFFE798B6E8187E1BE93ADCB96E513C28E636D52B74B30B885BE1ED31D6"
"C:\Users\USER\slh-bot-clean\add_timeline_mode.sh","704DAC3660C30AEEEB15CDE88A9E29653B92786B00DDB8A35734151B471C3CB1"
"C:\Users\USER\slh-bot-clean\add_visibility_report.py","1124E2F06DA7AA78DA0DD83CC817755C203124FF52B675E7BB4B45A43412B252"
"C:\Users\USER\slh-bot-clean\admin_handler.py","AD6155E04A953962B74165A6609E7CBE314AE087BAD13E203C9BD4142DD1621D"
"C:\Users\USER\slh-bot-clean\admin_handler.py.bak_before_fix","8104B895F2A34449D65ABE4380A1C2C65BEBF2557320DCE671A167FB4CCAFE1E"
"C:\Users\USER\slh-bot-clean\admin_handler.py.before_html_fix","7C9C078F26C2DEEF8344042889034109C649C5FEF39916F5AE42675A789F2CF3"
"C:\Users\USER\slh-bot-clean\admin_handler.py.before_html_fix2","7C9C078F26C2DEEF8344042889034109C649C5FEF39916F5AE42675A789F2CF3"
"C:\Users\USER\slh-bot-clean\admin_handler.py.before_plain_fix","8104B895F2A34449D65ABE4380A1C2C65BEBF2557320DCE671A167FB4CCAFE1E"
"C:\Users\USER\slh-bot-clean\admin_menu.txt","C651CE0E75B53A0070333005975D8C910D09457B0C152039A6C4EC0D4EBA047D"
"C:\Users\USER\slh-bot-clean\admin_utils.py","74D280101FF9AA209AC99586916E3D70B7103BC102519BF5BDC52C25F2A3FFEA"
"C:\Users\USER\slh-bot-clean\advanced_ask_handler.py","186114BD408628C532A03221087AB855EBCA755F429099A3FC99D2A90E8C086F"
"C:\Users\USER\slh-bot-clean\advanced_ask_handler.py.bak_2124","964F0B40D922FAEDE379D67996AD065345468F967F9531EB1AE840B4EE42C51D"
"C:\Users\USER\slh-bot-clean\advanced_ask_handler.py.bak_2131","BCA5CD74EBCF09B91D33A1738F75D2EB5E7AD1B581CB88AE7FC376CD1CAF5F23"
"C:\Users\USER\slh-bot-clean\advanced_ask_handler.py.bak_file","4ADC2803592D65137F04A20DCEC4903E063C091F46312549C6B0240C398D2554"
"C:\Users\USER\slh-bot-clean\agent_client.py","8263D1F4E0849C8244C7B66A97B127168DC4DCFA0F59D798E83F85DBBF82930E"
"C:\Users\USER\slh-bot-clean\agent_client_pc.py","AFFC75B2EB76ED4BB7EA50DF08B69BBF7C99959C89A4DC2F344F1FD70FA229D7"
"C:\Users\USER\slh-bot-clean\AGENT_RULES.md","C682C096AC993D2CF1F288B1C7B09490ACCFD2AD6B8460436CF918BB91B40DBD"
"C:\Users\USER\slh-bot-clean\agents\echo.py","D44BEC47F8CF12D5A58BEB5D49FE6743CC98DBEFA0677BA8321DC661C4BB756A"
"C:\Users\USER\slh-bot-clean\agents\echo_agent.py","793CAE7805422CBE0E6DA704EC8CC9F5C3590F044D42F0D8720C16CA4F854E2A"
"C:\Users\USER\slh-bot-clean\agents\system_guard.py","D41B27E6F16C2EEEECB9358883C2BEECBE888C62B62ECE47C1C8B206F6BCF7F6"
"C:\Users\USER\slh-bot-clean\allowed_ids.json","FDD597B8B14664B5AC564C81F3D71BC9C2C9FA9BB6940C300068F6DEAB63D52A"
"C:\Users\USER\slh-bot-clean\API_REFERENCE.md","98F803D6B73811A6396357D84460E04242CB7C67F755EBF4C2FB530BB492BD02"
"C:\Users\USER\slh-bot-clean\ARCHITECTURE.md","EACDCE685A1960DC317876D10C78475E99F6A00BDC06669983F8CD42F6CD3380"
"C:\Users\USER\slh-bot-clean\archive\legacy_clients\agent_client_termux.py","2CEE96755624BA776E2145F5EFEC67BBFAC112C18901D8606C2BB474291D90EA"
"C:\Users\USER\slh-bot-clean\archive\legacy_economy\app.py","CB8DD1750EA64BB91971BF70AEDAF8AC41148F621B3340C4C12C3A61AD0A8FBF"
"C:\Users\USER\slh-bot-clean\archive\legacy_economy\compare_wallets.py","EF3BD5111EA1CFEBF9193C6A732F3252CFA65D72AA98E844913F62444513033F"
"C:\Users\USER\slh-bot-clean\archive\legacy_economy\database.py","073F37D29CE24C3A306D08685768A428895FA02061BD9F11C7419367446596B1"
"C:\Users\USER\slh-bot-clean\archive\legacy_economy\fix_db.py","94DD825D692A41DF9A0EB9742E79AC3AD51A4359D177E1B49ACD454551AFF3C8"
"C:\Users\USER\slh-bot-clean\archive\legacy_economy\fix_registration.py","15E9923B28325810A7692ADD7F2D9D30801EC5044A6E1100BC71CE4D46C07042"
"C:\Users\USER\slh-bot-clean\archive\legacy_economy\railway_bot.py","53504F2BBA03429FE841C5039A14479958D4FAE03739CE531196B17847A243E3"
"C:\Users\USER\slh-bot-clean\archive\web3_disabled\import_binance.py","3F4D499E13A1697B9CB90B07F8B1CEFA2B82B2BF6F213F174D862F0BC56226BB"
"C:\Users\USER\slh-bot-clean\archive\web3_disabled\staking_handler.py","E6691249D289CFB0A63E7FF5B492C029B9D8120169C3ED7C464ADBDEB10DD8DA"
"C:\Users\USER\slh-bot-clean\ask_handler.py","77D3AF1A2F0EB2B8479CE614C33F0FC6AA935779E78662EB3E8DA861CB10B42B"
"C:\Users\USER\slh-bot-clean\ask_test.py","C060CCA088485D476EA9E8FA17E3042BE0281001570191916459EBEB9EEC489B"
"C:\Users\USER\slh-bot-clean\assignment_approval.py","FBD41224213BABEEE26F0A96F23488B13A6E4772F8D44CBACA90E4654ADBCB43"
"C:\Users\USER\slh-bot-clean\assignment_commit.py","B08F3B9F9FFAEE3173D8DCB79E97C93EA0B636F8102557D1EEAED3F159ED1E48"
"C:\Users\USER\slh-bot-clean\assignment_preview.py","B8158BC8A6CB2D6953613B4AB63B900829B78D4CB6FF67E3658D638AC18BD251"
"C:\Users\USER\slh-bot-clean\audit.jsonl","E533AA14FDC5856D01B5969F10A2239D9E7D9ADC13CD3040A8356341F666F809"
"C:\Users\USER\slh-bot-clean\AUDIT_20260813_FULL\01_identity.txt","73B525516E8A10A543F258EF8F2410CFFC43D9F2A884CB0A4263148364A3DA35"
"C:\Users\USER\slh-bot-clean\AUDIT_20260813_FULL\02_git_diff_stat.txt","E3B0C44298FC1C149AFBF4C8996FB92427AE41E4649B934CA495991B7852B855"
"C:\Users\USER\slh-bot-clean\AUDIT_20260813_FULL\02_git_history.txt","E7836E79960DB9B004A00E1F576D471997D43F67FB05E32C0CA4BBCC04A4990C"
"C:\Users\USER\slh-bot-clean\AUDIT_20260813_FULL\02_git_status.txt","24FA842495E2E6A876FCAA2ED498D8539272578BA8F4903A8ACFE37E1F5F9F9D"
"C:\Users\USER\slh-bot-clean\AUDIT_20260813_FULL\03_deployment.txt","3881702B48644E82CAAC5B340D192F6D54499A218A8D7EABC39E3C3E8BEC5E5C"
"C:\Users\USER\slh-bot-clean\AUDIT_20260813_FULL\04_python_inventory.txt","064250BC5D17CB5980D3845A39CF44A381CDDDF3E3C208A2A456B07B0E81C0E9"
"C:\Users\USER\slh-bot-clean\AUDIT_20260813_FULL\05_entrypoint_candidates.txt","E33EE36461FCA4B5108F89B705D52AD0F0BEFA46B72DA3052181F24288540677"
"C:\Users\USER\slh-bot-clean\AUDIT_20260813_FULL\06_loader_candidates.txt","4F300CCF44EF5A95077F35F83848FC5EB2CFF9AB0B5019E45D1A3CA32FDA4735"
"C:\Users\USER\slh-bot-clean\AUDIT_20260813_FULL\07_state_inventory.txt","EA5788A4B34F1CFB6C8D42F497C1E3D50B715A5F942567729C860F908B8DB8D5"
"C:\Users\USER\slh-bot-clean\AUDIT_20260813_FULL\08_handlers.txt","BCCE9BAA6DD5B0007D5D25D742B1CF166BCF7D83527A781A25C6F865463FCE51"
"C:\Users\USER\slh-bot-clean\AUDIT_20260813_FULL\09_tests.txt","8B68E79606BF4657B33B020AFCC14EF093BF350BB9377884C5F967C44942D992"
"C:\Users\USER\slh-bot-clean\AUDIT_20260813_FULL\10_legacy_backup.txt","8BA58E017D21C6A7BA447BF8448040BBAE6F9E3702B73D990A84F67730C07431"
"C:\Users\USER\slh-bot-clean\AUDIT_20260813_FULL\11_documents.txt","ACCF856FA28DDB688ECE4357581A4E72EA70432401C38DDCC4004718BC51EC8E"
"C:\Users\USER\slh-bot-clean\AUDIT_DEEP.md","879EE37CCDCA87360BF806CABDE8D95BB970544E26310E6E7DE920CF8D65B952"
"C:\Users\USER\slh-bot-clean\audit_logger.py","C7A4690A9B6597ACDC66FC023141F0D53B0D0A136785E4BB45B93502509770B1"
"C:\Users\USER\slh-bot-clean\AUDIT_OUTPUT.txt","E42ADADA3D25B8202B41189739C73EA75C0037308CF61528A913791F62866617"
"C:\Users\USER\slh-bot-clean\BALANCE_WRITES.txt","48D63DAB7407E15586FFA39D169838CB669591A94E9B76BB0AF86B0BFAF0E934"
"C:\Users\USER\slh-bot-clean\bot.log.old","6486F31CDEA01C88B10AFA5697BF626288043EBF10B8951B178015B14B617C89"
"C:\Users\USER\slh-bot-clean\bot.py.legacy_disabled","83F3C4165FEF395A12542E3C6746008F69EB77D427CE10B4FD59DCE4F910A847"
"C:\Users\USER\slh-bot-clean\bot_core.py","9D1D136DFCD22D2306B22EE2BFA6B168A88585F9476CB8161BC442A7E3168159"
"C:\Users\USER\slh-bot-clean\bot_gateway.py","1C7FE0231468A7E832A873DD076D4C3CB0D5B0E24642568DC3417BC3752F388C"
"C:\Users\USER\slh-bot-clean\bot_gateway.py.bak_before_namefix","03C3B914C1BC5D565708606225C8FBD5974B0ADDA90B16DDAF0AB96A7AA756FA"
"C:\Users\USER\slh-bot-clean\bot_gateway.py.before_fix","03C3B914C1BC5D565708606225C8FBD5974B0ADDA90B16DDAF0AB96A7AA756FA"
"C:\Users\USER\slh-bot-clean\bot_gateway.py.pre_dotenv_fix.bak","63A6A62A7765289E92DE0AFAF623A14382DD51E4A5210268FE6C852CB78270E8"
"C:\Users\USER\slh-bot-clean\bot_gateway.py.pre_dotenv_force_fix.bak","63A6A62A7765289E92DE0AFAF623A14382DD51E4A5210268FE6C852CB78270E8"
"C:\Users\USER\slh-bot-clean\bot_gateway.py.pre_envsafe_fix.bak","01198756B2DB664B99FA5AF156189C42BAFBA0B75760F2C4D9DAB21C24D48B1F"
"C:\Users\USER\slh-bot-clean\bot_stable.py","CC5BFA425D1FE53C87C5166DC8DD3E0E77BE6F4C6C6AB6D721D67E3D931FFB4A"
"C:\Users\USER\slh-bot-clean\bot_stable.py.backup_before_market_cleanup","3D2E4FC9128EE50E8E0C71FCC3F06ED4B47E902D25E2F546D3B23093CB7B5509"
"C:\Users\USER\slh-bot-clean\bot_stable.py.backup_before_remove_legacy_ask","B348B7D71CED5580426E9C210403166F348C0FD64F722D52A449BA64A17C1F1A"
"C:\Users\USER\slh-bot-clean\bot_stable.py.backup_market_fix","3D2E4FC9128EE50E8E0C71FCC3F06ED4B47E902D25E2F546D3B23093CB7B5509"
"C:\Users\USER\slh-bot-clean\bot_stable.py.backup_remove_ask","B348B7D71CED5580426E9C210403166F348C0FD64F722D52A449BA64A17C1F1A"
"C:\Users\USER\slh-bot-clean\bot_stable.py.before_authority_cleanup_20260813","19C198798AF245A2973070C6C779EA6CD38CA0D53C2E41E5D7C39E5FC188932E"
"C:\Users\USER\slh-bot-clean\bot_stable.py.before_loader_cleanup","AFC76CAB43CCA62231A2A4490AD34720A468EB7F85229D07C718964FAAAE5794"
"C:\Users\USER\slh-bot-clean\bot_stable.py.before_logs_cleanup","A01C0D07B76610468C8CD7755C04DD4EFD06DDF8ADC62595166DBDE18B9A45BD"
"C:\Users\USER\slh-bot-clean\bot_stable.py.before_logs_remove_final","A01C0D07B76610468C8CD7755C04DD4EFD06DDF8ADC62595166DBDE18B9A45BD"
"C:\Users\USER\slh-bot-clean\bot_stable.py.pre_context_import_fix","638F0E02B02CF3469C6BA65695FDB27BFD21662A584F31917B65F5F8D17C38E1"
"C:\Users\USER\slh-bot-clean\bot_stable.py.pre_eventbus_fix","E3DCF5F62190B6479298967EAC706599B99AE8CE28DBCFD947A73FFE3344BA31"
"C:\Users\USER\slh-bot-clean\bot_stable.py.pre_mission_import_fix","638F0E02B02CF3469C6BA65695FDB27BFD21662A584F31917B65F5F8D17C38E1"
"C:\Users\USER\slh-bot-clean\bot_telegram.py","63466ABC99631F7D6BADE3BF642D586024A48C97D94DD5331479E16426363CD7"
"C:\Users\USER\slh-bot-clean\bot_telegram.py.backup","63466ABC99631F7D6BADE3BF642D586024A48C97D94DD5331479E16426363CD7"
"C:\Users\USER\slh-bot-clean\branding\favicon.svg","623CF1130309AC1F9E7A4382176CE9C849F3F4C84ABEBCFB8EDFDDE5FFF9D3F6"
"C:\Users\USER\slh-bot-clean\branding\SLH_LOGO.txt","A22578325CA7FE917B0AB60092C7C73501853D392EF976108F8E5F99145BF7F5"
"C:\Users\USER\slh-bot-clean\branding\slh-logo.svg","2C922BE9F97EE921A87E7F962B555797B160B9C4F24EA051253C89803C857ACE"
"C:\Users\USER\slh-bot-clean\bridged_runtime.txt","D18015E45ED241D6241E14010164D8C1FCD0061C467C0CC18C7BCDCCD0AB8D4E"
"C:\Users\USER\slh-bot-clean\brief_handler.py","8DE3C693E78A8B9AB60A915C9CAE0888EC62CC851DD96A2B85D7C9418FF79C5F"
"C:\Users\USER\slh-bot-clean\broadcast_script.txt","90F0DBC4433927A73D7CBA234246B8C59C514D302DF2644B85742BDCBBCFCFC0"
"C:\Users\USER\slh-bot-clean\build.sh","DBD9F0F200D64B2638B304D4859DDBF79CD3CFCFBE00ACB84D9F1CAE3F0CFEB2"
"C:\Users\USER\slh-bot-clean\c","CCC04FEC3B678E9F620CFA3BC2091C2BE2A884C6FC1EA0317F330B190AA61714"
"C:\Users\USER\slh-bot-clean\check_api_start.sh","6FDBB3EE8C970D7E1C167D8B64871D14FA16A9A6A6FC111216496434D52BE618"
"C:\Users\USER\slh-bot-clean\check_Dockerfile","E3857CA785F08418715FFDF2B2F0E398FF76C15822F3B0A6CA3A0AE81C93FD5C"
"C:\Users\USER\slh-bot-clean\checkpoint_manager.py","0BF2A42A50BC57B404A2FC40402F01DA6D7BD9D78F959F2F9255BC5D4B5DF0FE"
"C:\Users\USER\slh-bot-clean\CLEAN_CURRENT_TREE.txt","BAA36539ACF06FDF8BE93A05AE7557D1D675A28ED9BDB275677E9C3A5D06AB2A"
"C:\Users\USER\slh-bot-clean\command_audit.py","AA153446726C06114AC29829D2BB1543835EF7AC4B0199956720572A54822E85"
"C:\Users\USER\slh-bot-clean\COMMAND_OWNERSHIP_AUDIT.json","612919F9881337762A4C816B04EE878457F38F7031C5FE661C98CB3B91C9E169"
"C:\Users\USER\slh-bot-clean\complete_handler.py","54099FC9355B57602B8728271F2E71AE737929AF0E8B25B75372DB0D2562BEBB"
"C:\Users\USER\slh-bot-clean\config.json","491B3435BBC28081BE1D0959990A25B80323756A59A6FA54272F449A9FF43623"
"C:\Users\USER\slh-bot-clean\config.json.broken","61CD9BED513BF676E6D40F74BA949AF9F25CBF52DDBB38F11659731D086373C3"
"C:\Users\USER\slh-bot-clean\config.tmp","E3B0C44298FC1C149AFBF4C8996FB92427AE41E4649B934CA495991B7852B855"
"C:\Users\USER\slh-bot-clean\config.txt","ABB1DCB483FE7A5F7780EB3869820C4EB384D241A4CD990AC7C6307302B3F442"
"C:\Users\USER\slh-bot-clean\CONTROL_CENTER_FORENSIC_20260726_095133.txt.gz","A381A65BA994AA609B27196B7CEB758737287898EC674552EC67DE1A519BE6A4"
"C:\Users\USER\slh-bot-clean\control_layer.py","2D8BE06E31A2031642E62665A9F3F172CE9272E3A1BD51F6874538478E6FA129"
"C:\Users\USER\slh-bot-clean\core\academy_manager.py","929C36C03AE2CCA21368CC451A248206014688EEDD45DBA0CE2A8D138E11ACDD"
"C:\Users\USER\slh-bot-clean\core\agent_factory.py","6A72C4E5943C524B59F8F74F1C13E010B0740D1F455688892425B60EE49AD418"
"C:\Users\USER\slh-bot-clean\core\agent_registry.py","19AA0360019665C16D714538F5764DB0892BC3B537A3D48C342D29928CF2C105"
"C:\Users\USER\slh-bot-clean\core\agent_registry.py.pre_state_store_20260726T193953Z","F967F3A8FFEE232830959024ED0DCC67049CC39D25A8D09DC54EBF5B672FF52A"
"C:\Users\USER\slh-bot-clean\core\agent_state_store.py","93D4667782B0BC191C48036112E615E27774B97A8015EF1816080276F462DC9E"
"C:\Users\USER\slh-bot-clean\core\ai_guard.py","94239FCD1B120FF732B030AEEE81A2181FC48F5B386DCEFB02EA642BEEB08801"
"C:\Users\USER\slh-bot-clean\core\ask_debug.py","8E9BD247766EB82DE916B60381F83A177D146029B7A923E98C3D74BF627C2D60"
"C:\Users\USER\slh-bot-clean\core\ask_guard.py","B89043CCCF463B27CCAA8EEA2BFFE678C696649B3F0C5D1D142144CA054C3A54"
"C:\Users\USER\slh-bot-clean\core\ask_router.py","CA7FEBE5F3E57522C32A898D9C64BF286317E8DCC8DD96B9FCB9A8312FAF6644"
"C:\Users\USER\slh-bot-clean\core\ask_router.py.bak2","211744084C4A93AA9959281D702C8F5FB5699C2FB3D3DE76AFA3069A560B91B6"
"C:\Users\USER\slh-bot-clean\core\audit.py","7874CDADFDE5E080F4BCA56FA8876387D1ECE3C1F0B4FE824F314A6851B92015"
"C:\Users\USER\slh-bot-clean\core\bootstrap_commands.py","666817031EFA33D0F8F239414F297108D4397BD55EB808106DD54104927EC636"
"C:\Users\USER\slh-bot-clean\core\command_registry_loader.py","A92CB344CC19607A8108EF065EBC792DC5CB0697E9DD97747040FF3E5981CDE6"
"C:\Users\USER\slh-bot-clean\core\command_router.py","18856C834F2D12C5B7826506779C9505A561A2C8E6E03D349CEAAD598AB686CA"
"C:\Users\USER\slh-bot-clean\core\context_builder.py","5EB38F67D0F0B665514AFFF963FAB2A7628771C7CB1F3654A6498C7B23898BE4"
"C:\Users\USER\slh-bot-clean\core\control_center.py","AE30788F8199C715AA7028E1FE8A8B046C0B0E98B02C5BC239E4738D9E5D6FCE"
"C:\Users\USER\slh-bot-clean\core\control_center_api.py","E2FAC2165FB9EE8EBB754A531EFAEA8C307DC1530462C968BF4D563EEC3A0B16"
"C:\Users\USER\slh-bot-clean\core\dispatcher.py","E04C631D80BF3B5D0B543C365987C51653D2D5C70E605E75AA58C813B7693883"
"C:\Users\USER\slh-bot-clean\core\economy_bridge.py","F1933569FA8A6B4A50D0622D364FCBED41ADD0BF1C44D309F103056529BD9DA5"
"C:\Users\USER\slh-bot-clean\core\event_bus.py","68ED6D9EA4EF62B5634F53F461328EC25E09DB642C6C9E876A742615006ADF83"
"C:\Users\USER\slh-bot-clean\core\event_store.py","4BCD080FE9BF9C0EBF88D97E288D40954007F89C130FB0DDF9EBB2A16276EF44"
"C:\Users\USER\slh-bot-clean\core\identity.py","5EDA4C2F7DB91B72A966C6D24666A6E27CC6CF3A7EEE0E67657A9F7D57D9509D"
"C:\Users\USER\slh-bot-clean\core\identity_resolver.py","5B778355F05662D79821370C86F9F9A630D29913EB324B0AB5EA08EA09E9A68E"
"C:\Users\USER\slh-bot-clean\core\kernel.py","DE3F883CAC0975F81C7CB74405839EFD10CCC1B5A87563C703BE5DA3CEC21B9E"
"C:\Users\USER\slh-bot-clean\core\keyboard_detector.py","D1AE0155C4BB4A112835C80EB93B4E451DB88C809957444C3EB4C4AE318A23E1"
"C:\Users\USER\slh-bot-clean\core\lesson_engine.py","E1F74CAD4ECD795A4681C90EE5570C49A27335BB6259F480A08361F2FB6F6A0C"
"C:\Users\USER\slh-bot-clean\core\message_utils.py","3160797690CCEBBF7C79516F4D4EDB8B3EA1E7B6EEEE11863169A46C3BA7C452"
"C:\Users\USER\slh-bot-clean\core\migration.py","85894DAAB98687918BEEEC7ED0879BD306584C897C51F5B85AC37426C0BBCD10"
"C:\Users\USER\slh-bot-clean\core\mission_lifecycle.py","08629FC36C4C7DBF8F88B6E6D945619F71CA63E48F04B0BDE74CFCF6D4E3D3DA"
"C:\Users\USER\slh-bot-clean\core\mission_lock.py","29AF1FBAC75BCA1A0046AA1314DA1A70E9F378551348173A68B6020F11A6DDDE"
"C:\Users\USER\slh-bot-clean\core\mission_orchestrator.py","316B72C0994CE839509362EDC8378A555C604913FB47D0CD57FD75678C9AA8E5"
"C:\Users\USER\slh-bot-clean\core\mission_state.py","3CA154883DBAD5ED6E4B7C44295EDCF69AB7643884A099434FA3FC6621FBB737"
"C:\Users\USER\slh-bot-clean\core\profile_manager.py","1B651E154079A1B3D82E805F2B496A0C219FF5F6F9282AF9518E1524D803FADF"
"C:\Users\USER\slh-bot-clean\core\project_graph.py","40ED34F53DCABD1E6A8C79F5BB0760099678B9BE92F0E3DB9FDC3239BF7FFDD9"
"C:\Users\USER\slh-bot-clean\core\project_registry.py","658B969CF75188367B9594C075FBABDDA57202123D17D9F6F7222D07B833F36A"
"C:\Users\USER\slh-bot-clean\core\reward_engine.py","A2B36D39B264C409F73C811408123EA0392A9AD51CD8A65E68E27294E163B336"
"C:\Users\USER\slh-bot-clean\core\runtime.py","678102466A867E62C3B422F876AE7102F8E42FB30D4A88694529556EF979334F"
"C:\Users\USER\slh-bot-clean\core\system_collector.py","2BEBA965B904DE82E985675C0D29716841311AD30C11DA73AABAB4A77F29EC8A"
"C:\Users\USER\slh-bot-clean\core\system_state_gateway.py","79CAE16E841F0DE54A0257C6E29D9FE738F3E9CC196DC8A899902E3AE2243794"
"C:\Users\USER\slh-bot-clean\core\telegram_router_bridge.py","0C0227A8AE77BAA298AEAD49EDEFA52877DD274C195AE92E9815FEFEDB3DCE49"
"C:\Users\USER\slh-bot-clean\core_engine.py","A15DC2A7E0CC8EF70815F4C9FDC5D436AD2C8EED7649611CBAA084B9DEE264CC"
"C:\Users\USER\slh-bot-clean\course_handlers.py","1016A853E82D4128F5A8A4E6460FB84A4023C79B642CF40032BC2EB5FC45874C"
"C:\Users\USER\slh-bot-clean\courses.json","E9A4A04F8B18515C90132D0F93B1F3B9612F27E796199E66401A4954C2607A1B"
"C:\Users\USER\slh-bot-clean\courses\bitcoin_mastery\lesson_proposals\btc_security_409_identity_collision.json","9F32256B677CF80893BCB5B8C458E92C46BE8E1DCBEA3B6668C4B4B9A206B518"
"C:\Users\USER\slh-bot-clean\courses\registry\README.md","6A95245A7CCCEB90B6AFE2389F98EF75E3DF1F81BCA932E39A841A009336CC93"
"C:\Users\USER\slh-bot-clean\create_takeover_manifest.py","CD2BA6967BB7DF9080A0BE094F7CE38883D3500280B568BECCDCB0447E8F4197"
"C:\Users\USER\slh-bot-clean\CURRENT_HANDLERS.txt","E3B0C44298FC1C149AFBF4C8996FB92427AE41E4649B934CA495991B7852B855"
"C:\Users\USER\slh-bot-clean\current_url.txt","FD2E2309304546BA3445AB6283F41593256BE9166DEC5D2A20BB1B6ED8CB010E"
"C:\Users\USER\slh-bot-clean\daily_check.sh","9304480DEB4FF2CEE7EC8FEE753845B7E0A9FB48E8603952FCADE8C2BE175020"
"C:\Users\USER\slh-bot-clean\dashboard.html","42A265A9F2C46B6E51B94432644E29FB41F75C8226CE9BAEA97926A90B62C49C"
"C:\Users\USER\slh-bot-clean\deep_diagnostic.sh","DCC93F8F7EA219375CD5E08893B22C6B53FDBF395D7531A479DAACB8D2F65D32"
"C:\Users\USER\slh-bot-clean\deep_recovery.sh.disabled","B7D446683BFF22B492F921EAA4CC900121E09CCCEEB42486675E6AEF989791CC"
"C:\Users\USER\slh-bot-clean\demo_handlers.py","D548A9206760EC5B3BE083132E0F18BED5DFAA065C9ADA677C1E7927F0C23E98"
"C:\Users\USER\slh-bot-clean\DEPLOYMENT_PLAN.md","4C611472B13323E25A11FA28E540CC40956E59FBC1AAB2B4D5295A05CE33137C"
"C:\Users\USER\slh-bot-clean\DEVELOPER_GUIDE.md","B0053819420488740B030B39CB09B384A5CD9942B5647BDF57CE2651A4DF6604"
"C:\Users\USER\slh-bot-clean\DEVELOPER_ONBOARDING.md","2F75B707E4E033C7774DA9732D5569C6B5F86665F9D89998A3739ECE233E7904"
"C:\Users\USER\slh-bot-clean\device_bridge.py","B499412A96F11429FA19CB810C2DD79C15DFA53BE1085F0702E71C84033E4F55"
"C:\Users\USER\slh-bot-clean\diag_fix_handlers.py","0B5153404788BC5D789BEB05391BDC8448447DD2BDB0119E8CF389B5A6C959D6"
"C:\Users\USER\slh-bot-clean\diag_handler.py","8174CA4059555CD1B445CF4985ABB3B2977A39A772618039E1A33E415C2EE065"
"C:\Users\USER\slh-bot-clean\diag_scan.sh","DB5371BEB38653E68C0807EBB5DB0112B92E21C6BBE508B5A52BDA989B04BD16"
"C:\Users\USER\slh-bot-clean\diagnose_all.sh","469E11577C9673AEF0BE1922AD4753C0EDA270BAAE75956017856E323ECA1EFA"
"C:\Users\USER\slh-bot-clean\diagnose_deploy.sh","BE838314366075E039E3C39147109B6F2E74DECB37AEB87194B7E98E147D0029"
"C:\Users\USER\slh-bot-clean\diagnose_railway.sh","E309E8143D99B878E97FD3647A8DA615851EB81E00701309FB1627C5365D498D"
"C:\Users\USER\slh-bot-clean\diagnostic_handler.py","84DD71FC549B97CB632891CC6F3AF678B2F18A69A3C191463BDBDAA0BBB65DFB"
"C:\Users\USER\slh-bot-clean\DIFF_TERMUX_WINDOWS.txt","69D46E62843CD418045DE5F8380172A988906EF3C8B093F0E5F416BA56022EC3"
"C:\Users\USER\slh-bot-clean\DIFF_WINDOWS_GIT.txt","1BAC5D13D1DECD2F35B929F897B057D6EEA780C5D7E09DD43C3955562B9F50E4"
"C:\Users\USER\slh-bot-clean\dna_lock.py","22A46353A928843D64B3586CF5990BC6D4C9F7BAA230473CEC2DD879DC7237FA"
"C:\Users\USER\slh-bot-clean\DO_NOT_RUN_LOCALLY.md","DF64ECF957EE5A1618C149C4EC9BCB008ACA29866899D15DE5C613F042250AFD"
"C:\Users\USER\slh-bot-clean\docs\architecture\SLH_OS_RUNTIME_ARCHITECTURE.md","5184C4C0539C1F6819E373543FC94DBA93499CD15D1E1A6E2342CDB6EB6E6564"
"C:\Users\USER\slh-bot-clean\docs\financial\SLH_FINANCIAL_ARCHITECTURE.md","F97DED0624A1720112850D3AC0FFC0C1699DA6E7FAA24C4EECBBBD205E1C4975"
"C:\Users\USER\slh-bot-clean\docs\financial\SLH_REWARD_ENGINE_SPEC.md","F8EE0DFBDD3D7E6C5E4D0C9AAD3981BE5CB7ABBDF1B1CA814A0C8FBA2223BB26"
"C:\Users\USER\slh-bot-clean\docs\financial\SLH_STAKING_MODEL.md","9E36A206C171BF52E74F076BD596E32B897CDDEADB606187D71D03E5CF7E614D"
"C:\Users\USER\slh-bot-clean\docs\journal\20260711_branding_restore.md","34D10ACAFD97DA697D656888E734D9C8886A6726C7C6C32A69A208BA7F2DDCAF"
"C:\Users\USER\slh-bot-clean\docs\journal\20260711_dashboard_v2_stable.md","13814ABE3433DFAC0FB3A7A76571FA0623475325343EA0CE93E53BADB518586B"
"C:\Users\USER\slh-bot-clean\docs\launch\SLH_BETA_READINESS.md","95DC6A0AB5E9E8ED772E50E0FED91ACC4EB1C1457A9CF82B072F2C067356FD6D"
"C:\Users\USER\slh-bot-clean\docs\releases\SLH-v2.0-dashboard-branding.md","A358052EDF1795C8052D60306A3C6B28BDE940DF96C709F2325F90D689CC54BF"
"C:\Users\USER\slh-bot-clean\docs\SELF_MODEL.md","7DBFA90FDD60BD6AB09C8C900122900391B75637C2BAC8078B4D9AE55CAD1E46"
"C:\Users\USER\slh-bot-clean\docs\SLH\SLH_TELEGRAM_TOKEN_OWNERSHIP_MAP.json","AAEF410FCEF478E6C64C141EC9DE9EE95310E6694EE4069D363A7FB4EEAFE301"
"C:\Users\USER\slh-bot-clean\docs\SLH_OPERATIONS_MANUAL.md","F94B3DB388E947113AD5C31E11EEC279D7561407CAD4D03759021886AB5046E5"
"C:\Users\USER\slh-bot-clean\docs\SLH_PRE_CONFLICT_CHECKPOINT.json","8BC5C0D833D66E48C456238C7DE4E5D5565D0A047480A70A2A9469DE0C70EC60"
"C:\Users\USER\slh-bot-clean\docs\SLH_RAILWAY_INVENTORY.md","E7A8A4780AA33442135E0AB1E771C8D23715A5B7323F07BDD1A73F001A696994"
"C:\Users\USER\slh-bot-clean\docs\SLH_RAILWAY_MAP.md","27EB649C0284EAD63E40E8ABE56B1F58DBA770B68D384D0C35829AFCA227EDEB"
"C:\Users\USER\slh-bot-clean\docs\SLH_RAILWAY_SNAPSHOT_20260708.md","878B38B6580B24DA19C93F3A2E9595DDDAA25B280EBEC03D8EE2887B3116B53A"
"C:\Users\USER\slh-bot-clean\docs\SLH_REMOTE_PROJECT_INVENTORY.json","27464F6701959EC9CE4E9C3E35078D3245B8F598FEE2233BFF512D297F0EB347"
"C:\Users\USER\slh-bot-clean\docs\SLH_REMOTE_RECOVERY_AUDIT_20260809_153009.md","ED2715BAF585B2BC3CF844687E6C11F6FA4257C138DD3E4ACE6FCC833265EDE7"
"C:\Users\USER\slh-bot-clean\docs\SLH_SERVICE_OWNERSHIP_MAP_20260708.md","26282427BC3B458D49290C9F546D535EA4A2F43666B42EF3DC20A38574540EAE"
"C:\Users\USER\slh-bot-clean\docs\SLH_SOURCE_OF_TRUTH.md","E6DDBF544CEB53B39F1C93FB7E16DB27F50CE442FC0AB1670E870DFFAA7E3A7B"
"C:\Users\USER\slh-bot-clean\docs\system_memory\BROADCAST_APPROVAL_CHECKPOINT_20260713.md","E60F0F55D01492273BDB0825AC58B5A1BD80744A0884136F643577764C577B37"
"C:\Users\USER\slh-bot-clean\docs\system_memory\broadcast_assets\01_public_broadcast_message.md","E4A7C140E7D0DFAACA041A47A5826130D9A1A98E7E2181E136ECAA5320600610"
"C:\Users\USER\slh-bot-clean\docs\system_memory\broadcast_assets\02_interested_developer_document.md","8CF2204597FAD89723BE8612CF503423E5BA08285970372CB64F72DAE47350F3"
"C:\Users\USER\slh-bot-clean\docs\system_memory\broadcast_assets\03_candidate_application_form.md","C82304D3BAB7F4F11FA5B94D6D1BED061D3CAC2CF4228D9D470627291D34B9DF"
"C:\Users\USER\slh-bot-clean\docs\system_memory\BROADCAST_MESSAGE_PLAN_20260713.md","B172155B9A441C36E29894B8F6F0F6C3DEB434FA2ED4435E44A2C8AF5C168B7C"
"C:\Users\USER\slh-bot-clean\docs\system_memory\BROADCAST_READY_STATE_20260713.md","19895D20C6AE01ABD333DE4031706B081D038887504E610AD083910DF8F2C9A9"
"C:\Users\USER\slh-bot-clean\docs\system_memory\broadcast_release\01_SLH_PUBLIC_ANNOUNCEMENT.md","1F084255D2018AC9A5B24BC66BE26BFA0A8BAABA43A39CE7DDA26BE9D1BFEE91"
"C:\Users\USER\slh-bot-clean\docs\system_memory\broadcast_release\02_SLH_DEVELOPER_INVITATION.md","AE9CEB1ADC5E83968161A1D93110297C29D244199C020D99F4C7F129696BFE95"
"C:\Users\USER\slh-bot-clean\docs\system_memory\broadcast_release\03_SLH_PARTNER_ONE_PAGER.md","4C9C99EFC257447B0E35BA0D357A7955753CF5BCA11824EC9777382F4EA926DC"
"C:\Users\USER\slh-bot-clean\docs\system_memory\current_incident.txt","05FEB7A55B35CC9FBCF66087FB0CC0195447B1BB96A528BCC024BE1302BD1472"
"C:\Users\USER\slh-bot-clean\docs\system_memory\gateway_architecture_decision_20260713.md","17122D7C28379532C31ADBBB566D3EEFDACFFCF0AFBBE2EEF9EBA3F6698E8187"
"C:\Users\USER\slh-bot-clean\docs\system_memory\incidents\slh_409_diag_output.txt","087BCAEA53A22C67CD2A03E2E98280CB7C3FABDBFDB535BD06DF08197035731C"
"C:\Users\USER\slh-bot-clean\docs\system_memory\incidents\slh_409_full_diag.sh","E468A33E6BC84536BC97F45E820766FA36971286DC85139FB5FF9EA5890BDE40"
"C:\Users\USER\slh-bot-clean\docs\system_memory\slh_academy_microservices_course.md","7E6140EEF40D00DF3D36B638FB47598CC3EFA0E2F96B227EB53C08857994A861"
"C:\Users\USER\slh-bot-clean\docs\system_memory\slh_gateway_evolution_phase1_20260713.md","C5CD346106978237C36EC07F0C0F5A2B92EEE3110C15BC191ECFACA0B21337B1"
"C:\Users\USER\slh-bot-clean\docs\system_memory\SLH_LOAD_TEST_PROTOCOL.md","23241AAAFD0995124FFDF3AB4916EEC06D2C8FA5043ACBF38AA598B7BAD3D202"
"C:\Users\USER\slh-bot-clean\docs\system_memory\SLH_RUNTIME_BOUNDARY_MAP_20260713.md","BABD0ECA76E02821F5353D59955A122B878C8279B41A9C3113BD486253288864"
"C:\Users\USER\slh-bot-clean\docs\system_memory\SLH_RUNTIME_WORK_PROTOCOL.md","469F574886D550ACAE70F68C20D8E45088E53F0E03408D6A252AF8B7D9ACFA22"
"C:\Users\USER\slh-bot-clean\docs\system_memory\SLH_STABLE_GATEWAY_MILESTONE_20260713.md","4C9535A120908A0FAD6F13DBC83FA6B95CCD9DCE6C945CD6D25565F353EAE17F"
"C:\Users\USER\slh-bot-clean\docs\system_memory\telegram_polling_history.txt","4D7645D328D3B4C80E4FC281C648823BB1AB42B3FA9DD5DBB9DC76853E284F01"
"C:\Users\USER\slh-bot-clean\doctor_handler.py","7030A3CD2C736543BB6FE1209393A676885A609972D504D092287ACA3A9583BE"
"C:\Users\USER\slh-bot-clean\e_mode?","1A6802C0E25E962755254BAF7F227FE258FDB71898F1272A64C006D6DF185510"
"C:\Users\USER\slh-bot-clean\econ_handler.py","0DB6E5FE38B3B6CA37AC1158B35E4014AFF28015394FD56791FD62B4E38B48DF"
"C:\Users\USER\slh-bot-clean\econ_handler.py.backup_before_buy_cleanup","93B0A552BD80ED56764249F14A3311BFC0366362CE32DBC6F0136009A345880B"
"C:\Users\USER\slh-bot-clean\econ_handler.py.before_wallet_migration","AFE38ED2BEA3476646B1359B112D60497D352082DE8C27BAFB0C48F008332EEF"
"C:\Users\USER\slh-bot-clean\economy_audit_balance.txt","DA6C7C6BA57DC329B2DA7D2ADAAC1664EFBB6229CC92B6F96F9FEDDE77DA50EE"
"C:\Users\USER\slh-bot-clean\economy_audit_dashboard.txt","4900A7FB1F859871773717244B0A8CE7D9CF501273F5255425DCF7537F494BD4"
"C:\Users\USER\slh-bot-clean\economy_audit_payment.txt","8EB439889CC3FE4099DB0819CF87D7D38E9100FCF6BF3E1C34247D2A993BD69C"
"C:\Users\USER\slh-bot-clean\economy_audit_profile.txt","6594A7829A1CB94A2944659F78DFA60B72A571B37DF6590EFCB47D4466E5B61B"
"C:\Users\USER\slh-bot-clean\ECONOMY_PATCH_PLAN.txt","140F92E2FD655D90244C01C5E2CC718B4A8DC550FB894C8412261BB09AB418FB"
"C:\Users\USER\slh-bot-clean\ECONOMY_WIRING_AUDIT.txt","A1B630416C751740DD9788FC709A85A502D52E5FD18472447867EDD5FB077DF0"
"C:\Users\USER\slh-bot-clean\ENTRYPOINT_AUDIT.txt","E1BFBD9BD281DB649705D1BAFF4D716FC573466F96F34D34925099DB64B2798E"
"C:\Users\USER\slh-bot-clean\esp_test.py","7AC96E604F5A63C2C893BA1C16EC799BA8B1C115DA971746E8D9748B9BA6048D"
"C:\Users\USER\slh-bot-clean\events.db","E54BBA3C8181C3BBC1C3322673D0CEDA0ABB159660644BC88D0BF1473E807E92"
"C:\Users\USER\slh-bot-clean\expose_slh_state.sh","8ABC6D38890B1D5A17E0C2700B59320D95347AC1D271AD1D28702C5F33E4A6A2"
"C:\Users\USER\slh-bot-clean\file.py","5A89D628DB34315050E0C77D6D3DD343493B05F2FBBF4A1C40F2E6C9360F9A0B"
"C:\Users\USER\slh-bot-clean\final_fix.sh.disabled","679F77B7CDE545A09D620839A0F1CF2C7E0674DFB24BE5E6137A260695351C0A"
"C:\Users\USER\slh-bot-clean\final_verification.sh","BE10990A86FF43E6902B699F84535EA84ACA001F88A28474C655C9B3B9D19AE8"
"C:\Users\USER\slh-bot-clean\full_diag.sh","52B88C4EF129744947F06EFB423F5C49383AD93D4EB6BAE1DB59DE83E561E74A"
"C:\Users\USER\slh-bot-clean\full_diagnostic.sh","F37BAD847C7279DA8E9B5CEB6340FE3F3E0B5F2CC7B96F4E5122B7C72DDA90FE"
"C:\Users\USER\slh-bot-clean\full_logs.txt","0093E641F5BA8B1B9D7269B8936F60887D0856FC8F5B677779E0A4A94360B020"
"C:\Users\USER\slh-bot-clean\full_sync_check.sh","73F0F69F3E32EA56BBDED168B45898ED5247E0B0D95AE8EFA806871F54E56D03"
"C:\Users\USER\slh-bot-clean\FULL_SYSTEM_AUDIT.json","CEEF47A194307185F39A9F7110B82EBCCECD28D1265CAF2D5DDD2E7329AE6140"
"C:\Users\USER\slh-bot-clean\GIT_ADMIN_SEARCH.txt","AA3DCAEEB291C3DE3ED778DCDEE063D391C6ACBE002574C16E775DDBF056D5C4"
"C:\Users\USER\slh-bot-clean\GIT_ASK_SEARCH.txt","0EF5EC1BC226029300080B61385F51F659D5A96D545424604E6BA76112C515CA"
"C:\Users\USER\slh-bot-clean\GIT_AUG_TREE.txt","002383933AAABCC4B489790941AA0459CCA214951848C9DB3261347566A1185D"
"C:\Users\USER\slh-bot-clean\GIT_BOT_TOKEN_HISTORY.txt","2872C8088C5379EA6C1D41BAE6B6E6263A8944A69B578362E30AE0768FC848A9"
"C:\Users\USER\slh-bot-clean\GIT_COMMISSION_SEARCH.txt","E3B0C44298FC1C149AFBF4C8996FB92427AE41E4649B934CA495991B7852B855"
"C:\Users\USER\slh-bot-clean\GIT_CONTROL_SEARCH.txt","3F8D1BEBE0AF560902FFE8D69BCAB028231DBCF4CEE3DE4513B80BE903841BA1"
"C:\Users\USER\slh-bot-clean\GIT_DIFF_FIRST_TO_NOW.txt","111C01C7E89CF5137296E0E815C45EA22573CF1960F328489739BFACAA41B023"
"C:\Users\USER\slh-bot-clean\GIT_DIFF_STABLE_TO_HEAD.txt","E3B0C44298FC1C149AFBF4C8996FB92427AE41E4649B934CA495991B7852B855"
"C:\Users\USER\slh-bot-clean\GIT_DISABLED_AND_BACKUPS.txt","904CFBDE7D266C30DBEFAADEACC256CFDC98079C33CB8C5CA7C76EFF94AC5B38"
"C:\Users\USER\slh-bot-clean\GIT_ECON_BALANCE.txt","AFB64462B9924807FBE1555D61CAA9A7CF35D8A82413FD73B9B125CB9552AFA7"
"C:\Users\USER\slh-bot-clean\GIT_ECON_BUY.txt","58C30DB9CE5E3087E5A2A28BADBFCB1BE393CBDBE70412D8BF8CF4A8439C3155"
"C:\Users\USER\slh-bot-clean\GIT_ECON_PAY.txt","C0E5E9DC6A00840EBC4233BE8D816FF6B72ADD6C0753C317D36340DD602A77B9"
"C:\Users\USER\slh-bot-clean\GIT_ECON_REVENUE.txt","E3B0C44298FC1C149AFBF4C8996FB92427AE41E4649B934CA495991B7852B855"
"C:\Users\USER\slh-bot-clean\GIT_EVENTBUS_HISTORY.txt","3E012F95225D850901188D0D4E788563D2B8A5B21C2764AE6564C1AEB4942D71"
"C:\Users\USER\slh-bot-clean\GIT_FIRST_TREE.txt","6F6F99DE29AE25B5567A31F30B606832956697D47EB237EE5604FABC758DA4EC"
"C:\Users\USER\slh-bot-clean\GIT_FULL_TREE.txt","BAA36539ACF06FDF8BE93A05AE7557D1D675A28ED9BDB275677E9C3A5D06AB2A"
"C:\Users\USER\slh-bot-clean\GIT_HISTORY_GRAPH.txt","FAEA885ED1CA0ECABC2BA2A0E8BFE31A215D001F3A40855D8CD194CDC60123EE"
"C:\Users\USER\slh-bot-clean\GIT_JULY_TREE.txt","C278C50C983A62174A49084AB968CF0849CE04A5078CD1681E6007C218AC84EA"
"C:\Users\USER\slh-bot-clean\GIT_LLM_SEARCH.txt","82D04AED3618822681BFBF49E426C27A477879B12ED7FDE0FDE4030FAC243030"
"C:\Users\USER\slh-bot-clean\GIT_PROJECT_SEARCH.txt","1AB1C02CF51B2689492DFB0DF71150AC90E6462914C2745E85FF15B59A2993FB"
"C:\Users\USER\slh-bot-clean\GIT_RAILWAY_HISTORY.txt","87887B2F53D40D7D2AAE6A6E1B26534A4725CC7F5DB2281EA112B3AB02C40458"
"C:\Users\USER\slh-bot-clean\GIT_REFERRAL_SEARCH.txt","B1F8C788A741B4F63D61C972B7B94189B3C2A81F651BD44FD9587774CB4DAE91"
"C:\Users\USER\slh-bot-clean\GIT_REMOVED_4d90da6.txt","107D373187A5E5988FA526F37A48760D2B5900E56BCE745188C1C75E546A9F97"
"C:\Users\USER\slh-bot-clean\GIT_SLH_BOT_TREE.txt","E3B0C44298FC1C149AFBF4C8996FB92427AE41E4649B934CA495991B7852B855"
"C:\Users\USER\slh-bot-clean\GIT_STATE_ENGINE_HISTORY.txt","AFB9C67B80EF630DA72FF3A444BF4B4D628877AE5E50F12CBB84D61473D2E68C"
"C:\Users\USER\slh-bot-clean\GIT_STATE_SEARCH.txt","FDB7C7B4F1F1891E0E48458AAE0728617AA93A269C3AB05EBA93D68AE6C08BC5"
"C:\Users\USER\slh-bot-clean\GIT_SUBMODULE_STATUS.txt","E3B0C44298FC1C149AFBF4C8996FB92427AE41E4649B934CA495991B7852B855"
"C:\Users\USER\slh-bot-clean\guide_handler.py","6F1C6B6B15F8E502D6E86ECD81E909EB8865BFB0DDF3E4B24D1ECE48DB563179"
"C:\Users\USER\slh-bot-clean\handler_audit_report.txt","02E26409C92F72BC7D80FE33E74240303DC09BD19FC195668C03D2281056AAB3"
"C:\Users\USER\slh-bot-clean\HANDLER_LOADER_AUDIT.txt","C5AE229F81EE683E50149892210C35A92989A9CB61B0CBFAFF2E792D2124C59B"
"C:\Users\USER\slh-bot-clean\handlers\academy_handler.py","D98707A5177A00363FF40F17E62FEE61BAA46EB5C7D1684B6846E7404A0B84CC"
"C:\Users\USER\slh-bot-clean\handlers\academy_menu_handler.py","EC859EB3311A76ACC941A0E56196B880AB1EE10CFB0587109A5C531007AF6253"
"C:\Users\USER\slh-bot-clean\handlers\admin_extras.py","3F68BF5E7C8EB1D979B86FE908F82F5189EA9624E9FFCFC373EB6C80B32EB523"
"C:\Users\USER\slh-bot-clean\handlers\advanced_ask_handler.py","923D29E3C135A2D56C2F19C79E3C0A0ACA0E960A9BF357C5DE7F77E301B6E3C5"
"C:\Users\USER\slh-bot-clean\handlers\agents_handler.py","B6B701A356CBEC652D7F6073861F5E90DC49D0963D38588C0130B6FF0E4D81CE"
"C:\Users\USER\slh-bot-clean\handlers\ai_voting_handler.py","D8D6F158F65BE0D67BABAD69CCD145AA09989C7D863A8F402441FD86AD129DC0"
"C:\Users\USER\slh-bot-clean\handlers\ai_voting_handler.py.backup_20260811_183953","20D3F1D3F6770113237A49476762B7A162ED169791467D8B81D709260D3BD042"
"C:\Users\USER\slh-bot-clean\handlers\askdebug_handler.py","93B78C3BA5E795BECE86F8589C38A038F63A87AFBA9F3833020984910BC7FDD2"
"C:\Users\USER\slh-bot-clean\handlers\audit_handler.py","40C93DA04A3D3649C391DBB7A5A7F3D78B12AAFB2ECDF19352940141004FB02B"
"C:\Users\USER\slh-bot-clean\handlers\audit_handler.py.bak","09C3D5A8AEED1BD49E82CE05BB031BEB0E9C48B40306102FAC0114E234984445"
"C:\Users\USER\slh-bot-clean\handlers\autoexec_handler.py","6AB3A3E90B366CA1AFF8715A24285D4CB6C6A83319F0FC41534887464D3EA67D"
"C:\Users\USER\slh-bot-clean\handlers\bot_identity_handler.py","B98A667023FDA86434D472AEDAD23AA2ACC05220EF25890396D847BEDB796FCB"
"C:\Users\USER\slh-bot-clean\handlers\broadcast_handler.py","26B890680D80E395034EC7581EF1403067F7742329635715E3A20F7FD5FBC72A"
"C:\Users\USER\slh-bot-clean\handlers\cleanup_handler.py","BD65E1661D8B3CFDBC21CE43C5A58AB874D85A836064AEDBF1507CD013B3091E"
"C:\Users\USER\slh-bot-clean\handlers\dashboard_handler.py","955FF13235D92DF6A2DE1EC0EF33FAB3F9F23B6D985AF8CBC45676965C5833C4"
"C:\Users\USER\slh-bot-clean\handlers\dashboard_handler.py.bak","64E9CF00F3E189DFDC203F5203DD5859E753EAFE9426722848679D7A482D1A40"
"C:\Users\USER\slh-bot-clean\handlers\dashboard_handler.py.before_wallet_migration","85B23D3FEEEBBAA7F355F2947FE4A2F0FDA656E4397AC64B50FE894B6DB12F3F"
"C:\Users\USER\slh-bot-clean\handlers\deploy_handler.py","A63AA3841B66E31EB43B1377A3E5DA3B10EFED8644602B4DABF640DD56AA52BB"
"C:\Users\USER\slh-bot-clean\handlers\deploy_handler.py.backup","EC6A0D8F3DB44012F6DB1F94C22892880FE251464F5AFFC1BF84E1CFABF345A2"
"C:\Users\USER\slh-bot-clean\handlers\dev_admin.py","ECABC9099851E6EB07A28977FB0E7472F6077CCF5AC656B3A76691F1E155C6A6"
"C:\Users\USER\slh-bot-clean\handlers\dev_handler.py","83EF766B600281D7D86A79415298ED41F3A83915304C0B0DC9BB81883607CF03"
"C:\Users\USER\slh-bot-clean\handlers\device_bridge.py","C36CD0DE2B367D3749C570240C712B11D8F300DDA0A7C2F11AB809BE9ED33367"
"C:\Users\USER\slh-bot-clean\handlers\device_handler.py","10D58E74729A007F34254D73A8ADFCD68409A9AD5C7745290B7C984877E022A9"
"C:\Users\USER\slh-bot-clean\handlers\endday_handler.py","CD0242A2B51398C1D30B62DA72E3F1FB9FD3B640C05FA907A8769EB773637E03"
"C:\Users\USER\slh-bot-clean\handlers\esp_handler.py","8E25AE49A73F5C65DF60D90A60029977520EFF8B3EAEC306D90ED978E5D3BC1F"
"C:\Users\USER\slh-bot-clean\handlers\esp_handler.py.backup","53888525820FDD64B89CABD173944B90C7DCE93EFDB310BB0264A52B13D30B75"
"C:\Users\USER\slh-bot-clean\handlers\exec_handler.py","C0263487CEF65FA82B35DFBC5881DFEC5C90D82D137370FD94308EBF16DDDF8C"
"C:\Users\USER\slh-bot-clean\handlers\exec_request_handler.py","D77A491888987DDE9E4FD2D7CED9AADF2B495F94BA0DB5DBDA0C9BCF7436C1DE"
"C:\Users\USER\slh-bot-clean\handlers\feedback_handler.py","28875BCEB5EA5D0FF9E89D6B15079232F30D8354DE436AF749CC59965BA7F39E"
"C:\Users\USER\slh-bot-clean\handlers\gateway_handler.py","E8A6CA872C4541CFCE9DE72E301C2BCAD3E7656784B55A19FA592D76BDC76903"
"C:\Users\USER\slh-bot-clean\handlers\git_handler.py","D3BD2FFA63E5A9551303A100626A50EFB7BD1F0A90825ACE552A2B40CEFE7C1E"
"C:\Users\USER\slh-bot-clean\handlers\governance_handler.py","2676B745EED8C3E20BD15B44FB46A6AC7BDBF4D18F90C0B16F32816F5AA8DCC8"
"C:\Users\USER\slh-bot-clean\handlers\help_handler.py","096185445ED9A0B88E944FD58AB69ABC20D35BAE2D12468C53329E49F28E3CD3"
"C:\Users\USER\slh-bot-clean\handlers\join_handler.py","7E1F6C550B4A9B540DF0E0A257A0620A155368A8318B5CD0D547A5EED3320A7B"
"C:\Users\USER\slh-bot-clean\handlers\join_handler.py.backup_rbac_fix","DE06FBE83EE11514D83994270C2328D440496414D823C9D51F2F96BE78F27A2C"
"C:\Users\USER\slh-bot-clean\handlers\journal_handler.py","D5D8422CDB5AE3B47C50DC88A49A3F30640F0DDE7406FD273147B8FB5AC9A58F"
"C:\Users\USER\slh-bot-clean\handlers\kb_handler.py","D30BA209103502630D8E66D07C75CB10E2D40CD3419E9A8D6BF968A30ED552B9"
"C:\Users\USER\slh-bot-clean\handlers\leaderboard_handler.py","2C48AA5AC8EACFC96794D57C891475A72330C40D9B97A0B03C4BD386C0BE136A"
"C:\Users\USER\slh-bot-clean\handlers\lesson_handler.py","5F3943B7D42866550C380342B849808389A9A115A0B430C45DD94C05C52422E0"
"C:\Users\USER\slh-bot-clean\handlers\llm_handler.py","CEEF923C0E2EB00565DE9442F24039C9DFECF38EDBD2653472E89FF9E347CBFF"
"C:\Users\USER\slh-bot-clean\handlers\llm_handler.py.backup","DEE89499B10F607853D7C7FD42DC016CA5430E676D23B2D8474F2D98005A42F1"
"C:\Users\USER\slh-bot-clean\handlers\llm_handler.py.backup_20260813_021507","DDFE1248DC036AA66DF56427A1A43D35661C2F66539B9A60AEB837B1C49BFF39"
"C:\Users\USER\slh-bot-clean\handlers\llm_handler.py.backup_20260813_021603","DDFE1248DC036AA66DF56427A1A43D35661C2F66539B9A60AEB837B1C49BFF39"
"C:\Users\USER\slh-bot-clean\handlers\llm_handler.py.backup_20260813_022653","FB193141B7FE5F6DE1E2B242B9D098AD3AC8C0EF7D28EE1A79D3929E836B0627"
"C:\Users\USER\slh-bot-clean\handlers\llm_handler.py.backup_agents_fix","514D61E569AEE0ABE10427D57208678E974ED736B42D4E3B733034FE3FE9BC30"
"C:\Users\USER\slh-bot-clean\handlers\llm_handler.py.backup_final_agents_lock","A7EF2D25D00E4EAFA89784D8ABA8FD132193B03FC9C94B486898A378DA06EBDD"
"C:\Users\USER\slh-bot-clean\handlers\llm_handler.py.backup2","DEE89499B10F607853D7C7FD42DC016CA5430E676D23B2D8474F2D98005A42F1"
"C:\Users\USER\slh-bot-clean\handlers\llm_handler.py.before_agent_guard_fix","C4E1A97471C1E58D495A24A32256E06F3CE5E6ACF66E48A5A0EAB0F383DED83B"
"C:\Users\USER\slh-bot-clean\handlers\llm_handler.py.before_agent_guard_insert","C4E1A97471C1E58D495A24A32256E06F3CE5E6ACF66E48A5A0EAB0F383DED83B"
"C:\Users\USER\slh-bot-clean\handlers\llm_handler.py.before_prompt_safety_fix","2E4AB287F8A195C2FCD74E8939D21DB11134D716DE165C560C90921B509DF531"
"C:\Users\USER\slh-bot-clean\handlers\llm_handler.py.before_ux_fix","986231DE8A348D0BA4CA6A2DB73D648959EE02E399925C13431D1A223741A859"
"C:\Users\USER\slh-bot-clean\handlers\loader.py","FC557AE8A9646F48B2812F3FE5972BA9BF42ED324C9E5028D6C8ACE57A74CBD0"
"C:\Users\USER\slh-bot-clean\handlers\loader.py.bak","1FEC935F1A93E17FB317E29854DA2FB3CCF2C4581F529CB24392D3579E978037"
"C:\Users\USER\slh-bot-clean\handlers\loader.py.before_loader_cleanup","003F5323E2765A12801B8C965F4A25548017A7A43F6ED08820E7903DA6F7F3DB"
"C:\Users\USER\slh-bot-clean\handlers\loader.py.pre_signature_fix","ECA685B3BEFDA5162A54F7D495BBB3EFCC39B4BE6236A37AB09D4206B8F0B9EC"
"C:\Users\USER\slh-bot-clean\handlers\logo_handler.py","2ECAE4B1329344509DDDB290682A6BB5F16BAFDA50A14C0399C322C8700AC6CB"
"C:\Users\USER\slh-bot-clean\handlers\map_handler.py","F1F928048C476557F25383494D40E4D2BAE4B7BC6CEF7778DAACB48727B51F6D"
"C:\Users\USER\slh-bot-clean\handlers\market_handler.py","C5DB401353C8E4363EA770B017B93F4E1E3B0D4545A3F1F22A54C8D05DD72A35"
"C:\Users\USER\slh-bot-clean\handlers\market_handler.py.bak","F8B72E74F61CBFBE3BF53622411F7E9440BEDEE2E2650C4DF84CF90A2F6E4694"
"C:\Users\USER\slh-bot-clean\handlers\me_handler.py","1844F80691D5E8BA99B0C1F71028F2AB9F5B49A3327E2B95FD7C1B34FFD74227"
"C:\Users\USER\slh-bot-clean\handlers\mission_handler.py","C6609229B43EA1AED7394062136B9E289299831FD8B5C637F6BA5A5AF0235AFE"
"C:\Users\USER\slh-bot-clean\handlers\monitor_handler.py","F1756369A866DBA29AA8FF7DBD9AC3C03E0CC7FED14C1598751D9A16A06D9BDA"
"C:\Users\USER\slh-bot-clean\handlers\morning_handler.py","582B503410B099679C5FC4857AAFF0EA630F8D0AF40544CB6B778B5EDCE2E555"
"C:\Users\USER\slh-bot-clean\handlers\natural_chat.py","614B7D042FAB2D50A4E209577AC7CB63416A7FC10106C4ECC52EB7865C2D1838"
"C:\Users\USER\slh-bot-clean\handlers\onboarding_v2.py","F129466A4CF8DA6B779847D41609E22C39F928D161901A89AF5E3EB1FC4FBB35"
"C:\Users\USER\slh-bot-clean\handlers\os_handler.py","B1486FB35868450A318A9F48141CFD083858A3E0DEBBF6644AFDB7FBCCF4348C"
"C:\Users\USER\slh-bot-clean\handlers\ownership_transfer_handler.py","7E01702D1FC63803485D203433268F364D597F2DEE689AB8AF527A7221D8C3F3"
"C:\Users\USER\slh-bot-clean\handlers\payment_handler.py","259D73BBE037D9A8D752BE6B427698E4478992FBC984CBBD92B62F8492CE8FEF"
"C:\Users\USER\slh-bot-clean\handlers\payment_handler.py.before_wallet_fix2","2B4E20A4A2E2F9854319A3D62CCBB23DF4539DE81AE0B370ED1F0926E0DBAEB5"
"C:\Users\USER\slh-bot-clean\handlers\payment_handler.py.before_wallet_migration","4520CD47CD0AE6CBAB9AC98C356BBF15DCD4279A02A0C74F5C2C960FACCB0E84"
"C:\Users\USER\slh-bot-clean\handlers\payment_handler.py.before_wallet_patch","2B4E20A4A2E2F9854319A3D62CCBB23DF4539DE81AE0B370ED1F0926E0DBAEB5"
"C:\Users\USER\slh-bot-clean\handlers\recovery_handler.py","C081FA9A59DB3B795B2A6134503BC0E86A257FF213CDF46B65E4E561E4E52211"
"C:\Users\USER\slh-bot-clean\handlers\recovery_verify_handler.py","7F122563FAFC0AD1A8492E7A1312F81450DC1F3BC0F06260079C87FD27285D7F"
"C:\Users\USER\slh-bot-clean\handlers\repeat_handler.py","F6870719CDBAE80F594E9842237A03BDC3C3CAB2979D2B2FF6AD9C1BDB4798E8"
"C:\Users\USER\slh-bot-clean\handlers\repeat_handler.py.before_fix","57DF9206BB4917BB689797EEC4442E6AB19ACDAB3AD30D65105E5864859AAED6"
"C:\Users\USER\slh-bot-clean\handlers\repeat_handler.py.before_send_fix","3A777F500A26339DE8A793960A8D510349166CAB7239A8C3F493EFED37E09C74"
"C:\Users\USER\slh-bot-clean\handlers\staking_handler.py","566A41E5432BBF036D1FAB74C6F0D0DE6CAF3239ACEEE2A3762D995A70EA3E50"
"C:\Users\USER\slh-bot-clean\handlers\store_handler.py","A25A915DBE7CAB5F8AEE7A3314692B83EF4CE0DA48174D771690A527D5C08301"
"C:\Users\USER\slh-bot-clean\handlers\system_handler.py","B8B700D234B6E7BC17C2D211C5F6A1F8BEC85F21D63A65A5C88F209BFE87554C"
"C:\Users\USER\slh-bot-clean\handlers\task_handler.py","5962BE1C37F1849DF35B34EBEFB5E53D927EB2B883D9B2895AC5BEDC7112F40B"
"C:\Users\USER\slh-bot-clean\handlers\task_handler.py.bak","A54DC0CC443F247A086FBBC581045719B4219581F9A42393C9359E1670556F43"
"C:\Users\USER\slh-bot-clean\handlers\termux_handler.py","4723F48AE724C0DDD946B5672C0C84F1BF0249BD610D9CB923A471F5A64215E3"
"C:\Users\USER\slh-bot-clean\handlers\ton_wallet.py","8A6AADDAE1F48756AD86A4863AB3018FEB1233CC54BA3B0CEBF34E4F55C9293D"
"C:\Users\USER\slh-bot-clean\handlers\user_handler.py","F2A2D612D4CBF2D3290CB0762C6F41D1AC8A575FEE4FF31E4C262CB6FF88ED40"
"C:\Users\USER\slh-bot-clean\handlers\ux_handler.py","B9C4363AA52D91D8B1D84EFE544678E75E26409A1215C3E451453973099F8D8D"
"C:\Users\USER\slh-bot-clean\handlers\voting_handler.py","672C8605CCC3CA9005CEBACEAFB783B2DDB1542E025401ADC358859E3F4F24A6"
"C:\Users\USER\slh-bot-clean\handlers\wallet_handler.py","890D7509400C00675F5C5408CE3DD7C840D6294D8EC46E1B1471E8DA61F3BC39"
"C:\Users\USER\slh-bot-clean\HANDOFF.md","CE38DABD210D340E7D973F5408661A00F41583229549632FBD838BCBEFC7851C"
"C:\Users\USER\slh-bot-clean\health_check.py","60BB0D73F231B02DEF5D311CBD4AE48B6392827C20B2A04886EA35B8754912BD"
"C:\Users\USER\slh-bot-clean\health_check.sh","DBC20B5BB27283F89237E6322D67BAB33B78F47D6D6DC9687707E275CA357D23"
"C:\Users\USER\slh-bot-clean\HEALTH_OUTPUT.txt","1F1E466BA7910245CAB65E8DCCDEE151A11DE9C1246777D1ACD87463EAB1E7BD"
"C:\Users\USER\slh-bot-clean\healthcheck.sh","0B268782EE571C54CDBC150EF3ED1648B74D61DBF0B94E441084BD1E7A4B2B63"
"C:\Users\USER\slh-bot-clean\heb_convert.py","31E96D4E49BF72E08B9918CA82BD2AFF59268255E44FBACC86161EA351047B67"
"C:\Users\USER\slh-bot-clean\help_handler.py","3A7487B5CE3BA6C54F12E616B7ED2A3827E73AA5132D449E312375A8D030A3ED"
"C:\Users\USER\slh-bot-clean\how 1070542bf --stat","5B4C989542602FD4BA57DA78217899A9157DE353DD463E6381AECBE1E2216CF6"
"C:\Users\USER\slh-bot-clean\init_router.py","E2F346E04DBB05076AA8AD78A5D51520F01F9B461DB20F49441E157397C63B31"
"C:\Users\USER\slh-bot-clean\inspect_slh.sh","4BF73EB64A9A2E14A6297EF059E85EB8DC765DC692A26F8E25E4B43F6FEB0B0B"
"C:\Users\USER\slh-bot-clean\inspector.py","0171591B2FF023B3999732B98D727876A7CAD3F51D5E718F562D055BCDA25780"
"C:\Users\USER\slh-bot-clean\internal_agent.py","65E2F5272008379176890E5E777B9739ECB8BAC40868AABD80A306EDF8CE7C74"
"C:\Users\USER\slh-bot-clean\join_fix.py","93407E884C08AE108DF069DEA33B6F64DFE080C48192BDDBDD116A6BB711B68B"
"C:\Users\USER\slh-bot-clean\journal.json","8377C4A0F6FB9CAB7A78EA9DE5335138F7BE731C0434CCD17484D606C7ACDAAC"
"C:\Users\USER\slh-bot-clean\JUNK_FILES.txt","00F80B8F1AC3D95B6E484BA9A9F88DCF5EBBD99C5CE7C8E94FD81DE675D08E1B"
"C:\Users\USER\slh-bot-clean\junk_handler.py","67133430244ABA3FE0CCC4905C1D18017735FD659516BD093927C74ECA4EEAA6"
"C:\Users\USER\slh-bot-clean\KERNEL_RULES.md","F04E8A5AD10FC6E66582616219A076959FC77DAF58BA4052E984C49A47E7EDF3"
"C:\Users\USER\slh-bot-clean\keys.secure","6138613D2649057EF8D74F066BB8386F582941871C9D6C7F9EBD93D31D073684"
"C:\Users\USER\slh-bot-clean\language_handler.py","6454F4BEB528BC9F29D33B3B7F9051FD6F09307D6A4C85847B789969C15A0DDD"
"C:\Users\USER\slh-bot-clean\learn_handlers.py.disabled","F90268C931B1D1551463856E6B1FEBC96D4AFFE9FA024561F4A6DF2A0A87722C"
"C:\Users\USER\slh-bot-clean\learning_path.py","29401BE3595BA8799B99A3FEBED9F8E042223229103A24911263A69BE99E4D5A"
"C:\Users\USER\slh-bot-clean\lessons\bitcoin_mastery\1.txt","DBBF8BAA06AC55F9ED3B5E4E0457E6A39FC58D392722347915E49E9E50DB6E03"
"C:\Users\USER\slh-bot-clean\lessons\bitcoin_mastery\10.txt","C028027E1EBE27B8129A2CB564921D8E507F22D4EDE68D050EF5A84EECFC1E17"
"C:\Users\USER\slh-bot-clean\lessons\bitcoin_mastery\11.txt","C7A110F13FD0D38A9F740CE1A256804A1E8BAA73EE0E101B388BC98EE60DAEF3"
"C:\Users\USER\slh-bot-clean\lessons\bitcoin_mastery\12.txt","45D2966AA48358EDAB4AAFD4A1EDC1523848569F2DAC7983C221AA49622EAD3F"
"C:\Users\USER\slh-bot-clean\lessons\bitcoin_mastery\2.txt","9D62506273BFD251C8CFDAEB38E5534D4F8CC440D786AFB19F25C2B81A2765BD"
"C:\Users\USER\slh-bot-clean\lessons\bitcoin_mastery\3.txt","AB647AA3B4D5635FBC22EB37DE6810227E098CD67DC7CAFD54ADA0D7C72BF48F"
"C:\Users\USER\slh-bot-clean\lessons\bitcoin_mastery\4.txt","BFF15150CBFF18E6E623F6F1E463FC3973F949FD5E83850D68B65BA45FFD912A"
"C:\Users\USER\slh-bot-clean\lessons\bitcoin_mastery\5.txt","CCE081ED1584C0D78D40B93A358E5E33CDA488B194C72A224A3A6F893ABAC9FC"
"C:\Users\USER\slh-bot-clean\lessons\bitcoin_mastery\6.txt","1ADEEA8F4CA504E8DABA468090FDFE450DF4F555BD41D7432BFCA0D80DB5A0A0"
"C:\Users\USER\slh-bot-clean\lessons\bitcoin_mastery\7.txt","F26227D8BF38F33D2373F93E8521542C3CD95F713640491A685ECBBA6B5ADED4"
"C:\Users\USER\slh-bot-clean\lessons\bitcoin_mastery\8.txt","5BE7F98F80875E75FA0E878619204B6495272BFBF4B85BA25AEECE58918B4A01"
"C:\Users\USER\slh-bot-clean\lessons\bitcoin_mastery\9.txt","43845CA3B4F126151AFABC3FC2CD70679A51D134D3963986124D6CAFF0F1FDD5"
"C:\Users\USER\slh-bot-clean\LLM_AUDIT.txt","FD07193217BA1ABCB3DCD96F8BCCE90662705D22A048963DCA66135B89E20785"
"C:\Users\USER\slh-bot-clean\load_keys.sh","63FC23BDC0FFF7B6136D1C7787ED80E543F81B2AD9DCB3B3E58D61759DBFA544"
"C:\Users\USER\slh-bot-clean\logger_handler.py","269DC32FD74D7105330BE463E3FDF9660B7864D4B79E0B938B58029EC9D55259"
"C:\Users\USER\slh-bot-clean\logo.txt","A22578325CA7FE917B0AB60092C7C73501853D392EF976108F8E5F99145BF7F5"
"C:\Users\USER\slh-bot-clean\logs\bot_startup.log","E5B026885C4C48E49D70769521664CBCC8C80EE1742EFF92F8828ED203E40C6D"
"C:\Users\USER\slh-bot-clean\logs\SLH_NIGHTLY_20260707.md","70E1583FF09BF99B983EFD29DBFA7FAD8A1A17ACC4D2524421F55F8364DE0196"
"C:\Users\USER\slh-bot-clean\main","E3B0C44298FC1C149AFBF4C8996FB92427AE41E4649B934CA495991B7852B855"
"C:\Users\USER\slh-bot-clean\manifest.json","11152FA3B00E40D28BC4DF2C5DEBAF1999EC3511BCF01DBC16207CED96A89AA9"
"C:\Users\USER\slh-bot-clean\MANIFEST_HANDLERS.txt","D9D85CC6C549EBAC8E2B95E336B66A6A246B1EC644FBDB5579DCE0AEF417A7D7"
"C:\Users\USER\slh-bot-clean\marketplace.py","5B6340C1A45712D3F4E7FC7211A4055EAE1BEEB39D61FDA2C933706C04926BD6"
"C:\Users\USER\slh-bot-clean\master_agent.py","3C243CD3AB75913485DC15CB68BF6E72ABAFC3A4E7461F7D89598172C80BB1EC"
"C:\Users\USER\slh-bot-clean\memory.db","BBAAFE8CAAB16974E524C495590E8026983895E86A3E60A399246D253A45A99E"
"C:\Users\USER\slh-bot-clean\mini_app.html","767416CEDA02D22C55079AB9463EDF637C3C1ADE0219466D92785C4E7D1E74E7"
"C:\Users\USER\slh-bot-clean\mission_assignment_commit.py","EB81C3CD052D6770EB1439C130914A13DB2FE0EC2E1BB4AD1C4BDCCC21AD8342"
"C:\Users\USER\slh-bot-clean\mission_assignment_preview.py","DFA2B0A1F6BDD4B440085ED4961CFA40F0FD091026F0236B2BE8B32AB9E98581"
"C:\Users\USER\slh-bot-clean\mission_completion_commit.py","E8D49DC82524FA1F2FD602D96AF50E5E6A2C49334261E55257E9BC259FFFFEDA"
"C:\Users\USER\slh-bot-clean\mission_completion_commit_2.py","575ADA911377AB0652861836257DF2E52560EDE6EB165C99AF4FDA9D68ADC2DD"
"C:\Users\USER\slh-bot-clean\mission_completion_gate.py","99CD8AFBEC5D2ABDB0A5E043BA7A5A8D049782ED5542CF45E492859F553E92E1"
"C:\Users\USER\slh-bot-clean\mission_control\branches.txt","BA5FC8E34A3C0FBA36EF787DFA3722162289D04674D4582504D5DC128794E36A"
"C:\Users\USER\slh-bot-clean\mission_control\filesystem_map.txt","546AABB82DF87347BF1807AAC22564D36CB7F5D359E9D06394958DC575F6053A"
"C:\Users\USER\slh-bot-clean\mission_control\git_history.txt","A1E97BF7AE90D8C507A18DDD63D268065A17597240114304D5CD53C98ACD0410"
"C:\Users\USER\slh-bot-clean\mission_control\git_status.txt","57ABFF4A5E5A689F5C3C2AE2D2E50B29872AC861463D663F36DBD7443ABE6809"
"C:\Users\USER\slh-bot-clean\mission_control\handlers_list.txt","A3F6772ED2F25A31DE605D26B4729C31ACBCDB59E0FBAAF2DC61003359831991"
"C:\Users\USER\slh-bot-clean\mission_control\merge_conflicts.txt","A4D11F2CC99B0134C48B644EFFDD0993A42AA43A0C05AFAF2709D363F89FBD88"
"C:\Users\USER\slh-bot-clean\mission_control\python_files_count.txt","0D39258BA2A00532262FA77781B94484357B499126BE88E43A6EA8BE85AE42AC"
"C:\Users\USER\slh-bot-clean\mission_control\railway_variables.txt","02853E429901DE23D4C6F450AC64D700DC7B417B664DA0626E4A1B22DC97F030"
"C:\Users\USER\slh-bot-clean\mission_control\runtime_files.txt","5F7425824F844DAA8987F9A1135FC302D52BD1E50F1B2B425E1065826BCE97D9"
"C:\Users\USER\slh-bot-clean\mission_control\security_files_scan.txt","AC244C4EF769729512DB6B72465D5C98654E13325A49C9ECC7CEB764C25BC7B8"
"C:\Users\USER\slh-bot-clean\mission_control\state_map.txt","528FB3E913116F6525FBA395578F09F3CD2D004AC94AD01B798CA262756E5DD6"
"C:\Users\USER\slh-bot-clean\mission_creation_commit.py","B6ED72E2C1E86BA4D01A22FECBC802495C328A19D80289959C1C88C3CEC4A87D"
"C:\Users\USER\slh-bot-clean\mission_creation_preview.py","B9ED25CB56214AE3011BE228EEC1530A6AF51BF9BC6A03BF597A8888D715FB6C"
"C:\Users\USER\slh-bot-clean\mission_execution_commit.py","8BBC57C19EF7A4EC6D091747AE0A15C81C6B819A63178CD72EAE4A78F564D29A"
"C:\Users\USER\slh-bot-clean\mission_execution_gate.py","D865159CB3B7D0AF7885799994167424FE82E246205C50F1551D099367B1C047"
"C:\Users\USER\slh-bot-clean\mission_execution_preview.py","981CC191CF72F85A27CE0C8A97E9C8AF0208A7ECB41C2A93FB4F07668169B132"
"C:\Users\USER\slh-bot-clean\mission_lifecycle_preview.py","C4747B5AE9D6B750672876FB60E03B46C927D07B383E11FCFB5383334FFC6CAB"
"C:\Users\USER\slh-bot-clean\mission_result_recorder.py","20BD6D66E6A5A89A3620B60F1F7B33397992732BC2AB6E310CECA3ADEAD5FF0A"
"C:\Users\USER\slh-bot-clean\mission_result_verifier.py","CC88BDDC5EF31A4241D001C5435388329126C75CCCC9E5E99E0899BEF3867784"
"C:\Users\USER\slh-bot-clean\mission_runner.py","D1081B12792265737FE5D620F0C0A93761CAF12648C53734742DF859E9B125AF"
"C:\Users\USER\slh-bot-clean\monitor.sh","C3564F07A439A3CADDADD47C0D7719DDDE1634345E7F716B781D7C2C2552ED69"
"C:\Users\USER\slh-bot-clean\monitor_handler.py","48AA5B8D0D53D1E2D121EE5EBFBB0277639EBCB62AF782D428C5F863DBFCF404"
"C:\Users\USER\slh-bot-clean\myprogress_handler.py","1B84951ED2539F880F9460A314605A2D46F81AE34885A34738CFF5ED3F0EEA88"
"C:\Users\USER\slh-bot-clean\N","E3B0C44298FC1C149AFBF4C8996FB92427AE41E4649B934CA495991B7852B855"
"C:\Users\USER\slh-bot-clean\NEXT_STEPS.md","25FE3B951CD6C5C2623D1004B9F0AF683647B8E5DD26BE541D8F266F2A2E02B3"
"C:\Users\USER\slh-bot-clean\onboarding_handler.py","CEEC87F53D54E72E032D6F5F5FD99EF33685CD5604787B37A350D2D82C31D09A"
"C:\Users\USER\slh-bot-clean\onboarding_scan.txt","4FC2AF01E3A4B20EE358F2616D57580A965DECDCFF7A8F98B9C84994879C72B6"
"C:\Users\USER\slh-bot-clean\payment_safety_check.sh","8F8905F64814814BAD067456C87779474CC25F3465C79AB633B3A21FA1DCC1BB"
"C:\Users\USER\slh-bot-clean\plugins.json","EF3BF23200F0B1CF7300D3EAAF740037AD63F360FB470C3AEDF13CE5686B2C57"
"C:\Users\USER\slh-bot-clean\plugins\__init__.py","5E3D18149E1972CCEA103C3272D44974C5DC47ABDFB3FFBD2A5293B902212767"
"C:\Users\USER\slh-bot-clean\plugins\admin.py","13DAED53B47E9163E8F8A7E643353CD4A1EE18B740B0B3F92607F52CD0CC424E"
"C:\Users\USER\slh-bot-clean\plugins\core\echo.py","4938A2388AF4C95B265A985D5399E4EC75F833B2B456D971FE773E1FD32E66D6"
"C:\Users\USER\slh-bot-clean\plugins\education.py","F1AD9BF515C00D82EE623D6D9CF4FCD96B20BA96305FBE70F79D768CA20B39A3"
"C:\Users\USER\slh-bot-clean\plugins\leaderboard.py","F7E3C5AD24B1F1CC155D45BD8B086A1FC6A3AD311D273055BD9ECEB59D702DED"
"C:\Users\USER\slh-bot-clean\plugins\shop.py","37F6CB484867FDF0C74366D77A033257D41ECF102E8CDF750DC1FA99CE3F763B"
"C:\Users\USER\slh-bot-clean\plugins\system.py","EDF2A31DCA70388B68C0D44ED4A15FF27F9312325421670B71208E943387F987"
"C:\Users\USER\slh-bot-clean\plugins\task.py","A753EB53F391BF04BA8130D0752D1218A849D6A811D3A45488F4BD6586274403"
"C:\Users\USER\slh-bot-clean\plugins\voting.py","5C969373E07D3CA3D603F78BCF7B71BAD183F10FD9D866AB09F7C9E22181B17A"
"C:\Users\USER\slh-bot-clean\plugins_store.json","A117A0422ADC13F266A06622F1E8C5F49AC895CEC24D80EB0988A4106D7D9766"
"C:\Users\USER\slh-bot-clean\plugins_store.py","C7636834B709B2C6DE88600194D6717D3A12E061F6C426140AF8E1BA7A9833D0"
"C:\Users\USER\slh-bot-clean\pre_change_audit.sh","6F74A3E9FAF5E0862BCFD6FD665E95BBA1AC886FD0388CA485E7BE8547D8883C"
"C:\Users\USER\slh-bot-clean\pre_change_check.sh","A0D709DD3D66BEDDD8AE695FE0475545F9670426258A1BE58C4446B06394FF84"
"C:\Users\USER\slh-bot-clean\pre_change_diag.sh","4089C26455B99C683F8A68509FA3D5651CB868A384BC07C7F80E5382F7487B2C"
"C:\Users\USER\slh-bot-clean\PRE_ECONOMY_FULL_AUDIT.txt","EFBEC83E6E86CA6A963F849A462BF11DFC9037D0CA470CAAC646FCB5EEB18766"
"C:\Users\USER\slh-bot-clean\Procfile","057243DC60856BA93BF1D9E9EE3A0946A66F521672BAA350218787941DFC7623"
"C:\Users\USER\slh-bot-clean\Procfile.backup","1D7A9B74FDF738616D7B72A70159122C964E3F88EA774259F30FED3A17BA9368"
"C:\Users\USER\slh-bot-clean\Procfile.disabled","71031CA02B4507BCB12405B736E4E119327D91CE72B60E21B9789C0BC3005ABD"
"C:\Users\USER\slh-bot-clean\Procfile.disabled_runtime","50D147BBA00E6BF22D1B96540FA62D2DC87C9A00DB62B7AFA80A8EC6777CF497"
"C:\Users\USER\slh-bot-clean\PROFILE_MANAGER_CALLS.txt","04BE5A02887DB77C479D8793764BDBFD6DD3366EE18285F13FC8151C88EEB75E"
"C:\Users\USER\slh-bot-clean\project_commands.py","86A0D8E0577A308FE680B018E270116081869B77F58DC9EEE0060B98B5C6BB21"
"C:\Users\USER\slh-bot-clean\railway.json","65003A15746CBD6CDE9ECEDDBEF94D93F43F4776B86807FFBA3DEEDBA8EE78E1"
"C:\Users\USER\slh-bot-clean\railway.json.backup","4DE34CB5EFA313B512D65FCF1A89D37454CFFF0E955DC31FBD3678975754013E"
"C:\Users\USER\slh-bot-clean\railway.json.before_startcommand.backup","E5234BB97D3AB8A5488EFEA30356948CC5B3B807496D643FAD3893E51519F4D9"
"C:\Users\USER\slh-bot-clean\railway.json.check","7BA09CDB5A219F86E7EBE59B398E772C9CEAFD8CC818D8854081D993FF641CDD"
"C:\Users\USER\slh-bot-clean\railway.toml.bak","BD0F4A9C67A87E345CF921C9F0F0917B94DFC9D902497E6E6DEECEE75FBF2DD2"
"C:\Users\USER\slh-bot-clean\railway.toml.bak.check","BD0F4A9C67A87E345CF921C9F0F0917B94DFC9D902497E6E6DEECEE75FBF2DD2"
"C:\Users\USER\slh-bot-clean\railway_bot_gateway.py.disabled","96BDFABDE56B5D7A917834AD88AF81E5EABA0F82754801209E9CD970B3232D20"
"C:\Users\USER\slh-bot-clean\railway_config.json","9B505E388EFF587028EC06DBE61DCAF2684CDCFE2E0545E6E94EA24785C34513"
"C:\Users\USER\slh-bot-clean\railway_db_snapshot.txt","D71BC16F7DA6370B52B8434356DB3FF374562F97AA17E889F1DAAECDEBD3D244"
"C:\Users\USER\slh-bot-clean\railway_Dockerfile","E3857CA785F08418715FFDF2B2F0E398FF76C15822F3B0A6CA3A0AE81C93FD5C"
"C:\Users\USER\slh-bot-clean\railway_loader.py.backup_before_contract_fix","1FEC935F1A93E17FB317E29854DA2FB3CCF2C4581F529CB24392D3579E978037"
"C:\Users\USER\slh-bot-clean\railway_loader.py.OLD_UNUSED","E439AC386EC1B3A8F124F9CF6859F2A6FB4DDDEA265E9D25788BC1C209E63C25"
"C:\Users\USER\slh-bot-clean\railway_pre_fix_check.sh","47A8C91C53512FDFA924561589DC2A056E10D7BEAD68BD4F53158AEF36D87AF1"
"C:\Users\USER\slh-bot-clean\railway_Procfile","3A058F6CD3080CAB152EEA526D4B23B56384D7531DA555B8376464AF539DF71A"
"C:\Users\USER\slh-bot-clean\railway_trigger.txt","9B8161C764EFA7C8BBB23EE39709D3BA28549CBE7A42EBBBA09938DD9CF6B6E1"
"C:\Users\USER\slh-bot-clean\README.md","59B11B5EE29E6623D8F11238639B7B10CDF03412E75FFE0CCBAD3FF74FE9A526"
"C:\Users\USER\slh-bot-clean\recovery\README.txt","9B60EB4148A050ED1DC80BB8A02ABB5040C801708D77C4A995F24FD371DEFB06"
"C:\Users\USER\slh-bot-clean\refresh_token_handler.py","CF80CCBE6729827F2D04E1F29FC2001912776415CF0E4A0B6B1FED3A1A461F41"
"C:\Users\USER\slh-bot-clean\RELEASE_AUDIT_20260810.txt","E7A9E57C0D89E17D465A18C53F18C41891D61989A8FF6904C38B04943CE47F89"
"C:\Users\USER\slh-bot-clean\RELEASE_STATUS.txt","58519BCEA36836DBCD82578630C47B593FE24CF1EE83A14094877EBC79F81B9A"
"C:\Users\USER\slh-bot-clean\RELEASE_STATUS_2026_07_21.md","01B8446C1A5627D32859B27440F0F6AFC11EF302154DDDBA67C5F72F552C15C6"
"C:\Users\USER\slh-bot-clean\REPORT_20260723_225642\critical_findings.md","641538858DAF4597311C36F9641965B719E884CCDA1E9EB5F1BD44F47D1E2747"
"C:\Users\USER\slh-bot-clean\REPORT_20260723_225642\devices.json","B513410DF903D11C0F4E54077A1CB9372C42C5DACF33BAF10FDCF66DDD56C9A7"
"C:\Users\USER\slh-bot-clean\REPORT_20260723_225642\SUMMARY.md","92888E317B678F742430A371263B7F46B5235BA945F032E4B8FCCDAD6E8C3C46"
"C:\Users\USER\slh-bot-clean\REPORT_20260723_225642\tasks.json","44136FA355B3678A1146AD16F7E8649E94FB4FC21FE77E8310C060F61CAAFF8A"
"C:\Users\USER\slh-bot-clean\report_handler.py","C74D31B4EE43E7929E0F9F3A643C3DF229390063D8FA7A1EAEEBDEF0A22775AC"
"C:\Users\USER\slh-bot-clean\report_handler.py.before_authority_cleanup_20260813","B76291DA26FDC2A824F9553656D77052ADEFEEFF0AB99B43A5F693EBAC59C148"
"C:\Users\USER\slh-bot-clean\REPUTATION_PLAN.md","D54B5AB9C79DD880B4E07CABBE1FFDBB0BDA5A1A2DEA4E702C1D33967139A9C3"
"C:\Users\USER\slh-bot-clean\requirements.txt","20F290591933A6F91B4C83745DED00C0C6F446623A689099FFB7F865317839AF"
"C:\Users\USER\slh-bot-clean\responsibility_map.py","840953A3BD083943A4DFE23190EEA81D09A0958BCE90FC12D244E4DBD60E2003"
"C:\Users\USER\slh-bot-clean\ROADMAP.md","AFCDB384EBBF5DA8CBB2F87CEAD837870258F4BD80CCB7C4695F96BDFE174C2C"
"C:\Users\USER\slh-bot-clean\roadmap_handler.py","2EC71EFE66B02683B0B06BE61C292847B0AC0D06515452BFED4C7658179EAB7C"
"C:\Users\USER\slh-bot-clean\run_bot.sh","A35C65E82FA119B2B71CC3932D7A2A5AAA7605D623758B0D7322F354DC11BEBB"
"C:\Users\USER\slh-bot-clean\RUN_GUIDE.md","DE1E3315DC01E8B32CD34D4E3591F7BA893EA061F8970FF564A43B2198D689BE"
"C:\Users\USER\slh-bot-clean\run_tests.sh","DDE5BDA7D7619C0A6EEDC11DB2DD6380F9FAF6A5927091B70389AC3446054457"
"C:\Users\USER\slh-bot-clean\runtime.txt","F7A2A754C668B4C5AC99CA7D4450E5E932DED39CC3B4CC2C115244681FCAB8CB"
"C:\Users\USER\slh-bot-clean\runtime_test.py","AA57D71E329485FD165B755214AA01013C34DDED9B2C7B6138F61F9E926A80F2"
"C:\Users\USER\slh-bot-clean\safe_progress.py","1D3F81EC5946F1A05568E8F48A762F83048A5F807F9EF4D0E1C3574D19D32F15"
"C:\Users\USER\slh-bot-clean\sandbox_handler.py","E9DC5E86F1FE2A679F7CA946C5D263FDD026472FFBE4598F75DBD0EA3B4FDFBB"
"C:\Users\USER\slh-bot-clean\SAVE_DB_USAGE.txt","4E7ED456F7992F476BE9E377C1979A422DB2B54D7C3D1258B3985A8F91C94E9E"
"C:\Users\USER\slh-bot-clean\scripts\slh_integrity_check.py","759867922F9BA194F189853D324BEDC79E23C1C3C7828899A5964332E7CB3452"
"C:\Users\USER\slh-bot-clean\security\permissions.py","061A8C79D41C541ECB56630E476DA99F5697E98E676100987C4BB2B15A299771"
"C:\Users\USER\slh-bot-clean\security\policies.json","ABEA191389D5E5C924BA64E09FE54E5C7852C75518FCFAB3809BB14C1F2BE328"
"C:\Users\USER\slh-bot-clean\security\roles.json","FC25E88B83DFD3518A3EA903FF00BF5495C8A1EB55894BC633EDF3AE49E72172"
"C:\Users\USER\slh-bot-clean\self_check.py","354C25AEBF196F893968BBA0569610BEAE8DACDDD71C6EC9F99C29844CB3CF52"
"C:\Users\USER\slh-bot-clean\self_model_audit.py","300D66D5220FCA1EEDC8719E6E73F42AE4A953DFF39223F870FBF3D7EA54BAFD"
"C:\Users\USER\slh-bot-clean\self_test.py","6C868F2CD57A43E0F7AD1272919EC97AF391D3446AF53FF18CA0D3067EBB41F5"
"C:\Users\USER\slh-bot-clean\services\task_service.py","DAD5945A25379B10E162F17C7FF933D232B29203AEFA075B3FE2F7DEEDF0C389"
"C:\Users\USER\slh-bot-clean\SESSION_CLOSURE_AUDIT.json","D354A9289EEE761C3691DC92A4C2FA3B5C520A5FC143990D9D6C4A6AF8ED6E94"
"C:\Users\USER\slh-bot-clean\SESSION_CLOSURE_MANIFEST.md","D289DA3A3006FBFD049F174EA8AEF0984305C359FA80ABEF2763A309DEDF2A32"
"C:\Users\USER\slh-bot-clean\show_dashboard.py","1A08FA5A0BC148C090A666BF0A8B675BB09A718F7CDE61C0E673B653DE09F234"
"C:\Users\USER\slh-bot-clean\show_journal.py","1FEC76DC1A356060BE40ABF80738CD7BF6B56CB8D491A1A03B8DD714F331EE20"
"C:\Users\USER\slh-bot-clean\slh.py","06CA551AFFD5AB3A4D4619DDE6A81F266E18F247EFA43D6F4E11FD50E27596D0"
"C:\Users\USER\slh-bot-clean\SLH_ADAPTER_BACKUP_20260804_182035\econ_handler.py","39257FC211065B90C697FBBF0CE5C6E7027D7BEAAB4724D4F3AC4BD9BD844ED6"
"C:\Users\USER\slh-bot-clean\SLH_ADAPTER_BACKUP_20260804_182035\leaderboard_handler.py","4422C6E58C90F7720334B58C8AA11E7C413E6A75AF23CC68C08CB684BFD4806F"
"C:\Users\USER\slh-bot-clean\SLH_ADAPTER_BACKUP_20260804_182035\payment_handler.py","7848790B54D6F02F3170E2198589B814DACA4649D1D0F8E8BC069F59EF3532BB"
"C:\Users\USER\slh-bot-clean\SLH_AGENT_HANDOFF.md","4B706B72B305DA8E1632A9C4A20109537DDE08685F00E1B6816B18C96929A50B"
"C:\Users\USER\slh-bot-clean\slh_all_in_one.sh","1E8C4BA17FCEEF1FF7DBA57079450040E3192FB0DF1004505230976385B43A65"
"C:\Users\USER\slh-bot-clean\SLH_ASK_FIX_BACKUP_20260804_182922\advanced_ask_handler.py","7E6B00DED4797C4DFBB1D75BE0334C3025CE8D29EC5EE6A0034E32D0B7FBA5A8"
"C:\Users\USER\slh-bot-clean\SLH_ASK_FIX_BACKUP_20260804_182922\llm_handler.py","ADA76367E7FA1DDB32494C2D07020E21405CE8B1F186333EED7130C62907FB76"
"C:\Users\USER\slh-bot-clean\slh_audit.py","0DBD93A6A6330A9DB251FF2FA428DAC1427151FF5A466B08213F0B81EBCA280F"
"C:\Users\USER\slh-bot-clean\SLH_AUDIT_20260813_201938.txt","BF8E5343EE5EB8CDB7EC9B303A1DA3AAC970A4333895D8B4ACF9FBE5D23180A4"
"C:\Users\USER\slh-bot-clean\slh_audit_report.json","42235429A835C6BACEB792A2EE25E89E71D28421EC3CC3FE2CE5566D25134B5F"
"C:\Users\USER\slh-bot-clean\slh_auto_audit.ps1","4E3006CE45D64E1D4F6C328E40BAF3985B08BF6B71B7DDDF6AD61FB6A4254EE1"
"C:\Users\USER\slh-bot-clean\slh_autopilot.py","9F815E5D5302A90D99E7196E96216EFA53D1EA0ADE512701917D2FFEA5B539FA"
"C:\Users\USER\slh-bot-clean\SLH_BOT_ADAPTER.py","B93101B05D0E223FB7D625377EE7B02B4DAD12DFF52FD79AA8F9C91CDA7CDE62"
"C:\Users\USER\slh-bot-clean\slh_broadcast_ready_check.sh","38E5A425261A2D44EBBE164B4F9310F4A015666D08282E314C2461AA8DAB9FED"
"C:\Users\USER\slh-bot-clean\slh_close_day.sh","49647973248F6FD454D73F70F595AA1D71531D26ABA4B5F6961B73CD16CD54E0"
"C:\Users\USER\slh-bot-clean\slh_command_map.sh","2E6CE9F9FE3D414E7F696F9EF42AE04DD6B668089B958DA2BD684FA78D03E5D7"
"C:\Users\USER\slh-bot-clean\SLH_COMMAND_MAP.txt","F1AC839DC1CA90097B2B99FB5137AB8F931369EBCF971394E8285462FCC16535"
"C:\Users\USER\slh-bot-clean\slh_consolidate.py","6C22C0F7493A0E9859018C70492E95C0F564929DE1460DCB0BEFC089C01DD046"
"C:\Users\USER\slh-bot-clean\slh_control.ps1","A985D015B54817C5A6880D54A1C82129F42B04EBC6E5E9B0BEEBA72C70D79318"
"C:\Users\USER\slh-bot-clean\slh_control_v1.ps1","A985D015B54817C5A6880D54A1C82129F42B04EBC6E5E9B0BEEBA72C70D79318"
"C:\Users\USER\slh-bot-clean\slh_daemon.sh","71D33EE8DCC66BEB044A64A18D0C4AF0CAFE02D90FD9C57AD42C702216D419EF"
"C:\Users\USER\slh-bot-clean\SLH_DASHBOARD_RECOVERY_BACKUP_20260811_180605\bot_gateway.py","CE58DC608C9DCB3DD1F509C2FD66B301EFB53B073006DBFD8337A32DC9844838"
"C:\Users\USER\slh-bot-clean\SLH_DASHBOARD_RECOVERY_BACKUP_20260811_180605\branding\favicon.svg","AB7270AED2F50E61200198F290C41DB7B79CDDB7EE189E0C0AEBB69BE6C1A421"
"C:\Users\USER\slh-bot-clean\SLH_DASHBOARD_RECOVERY_BACKUP_20260811_180605\branding\slh-logo.svg","6ECD2DF83DCC19B1B1F2D7E9D06217EFDCEDA117D8C8808D8AB7A8EAAAC1A973"
"C:\Users\USER\slh-bot-clean\SLH_DASHBOARD_RECOVERY_BACKUP_20260811_180605\dashboard.html","42A265A9F2C46B6E51B94432644E29FB41F75C8226CE9BAEA97926A90B62C49C"
"C:\Users\USER\slh-bot-clean\SLH_DASHBOARD_RECOVERY_BACKUP_20260811_180605\webapp.py","FA3EF25F3102F24641E6FBA59B478B5D25E15B427ED9EFFB63AF9441CEA82AC2"
"C:\Users\USER\slh-bot-clean\SLH_DEVELOPER_ONBOARDING_REPORT.txt","5299E4FEFB5ADD4B5FC5204CA331074679FD3F0331AB1464CDF9FCA38A6A97E4"
"C:\Users\USER\slh-bot-clean\SLH_DISCOVERY_20260802_211429.txt","D1BF4AFD86925FC153A9D76097EDB4D6F66252A524E31212ECDE68142064A365"
"C:\Users\USER\slh-bot-clean\slh_doctor.sh","D1099A2FCD03D15D90579FFFF8974FBFFE89E49184EE0D81661C9EECA20A56AB"
"C:\Users\USER\slh-bot-clean\slh_empire.db","951263F8897EA611969EE51A72208085C56CEE56EE2BBFA80144ED586A9A0D7E"
"C:\Users\USER\slh-bot-clean\slh_fix_and_push.sh","8EC3063AA3D8220800B24AAF0BF9AFDF23D0322F240E0C0C49DE02995E4CBA12"
"C:\Users\USER\slh-bot-clean\SLH_FIX_BACKUP_20260804_181820\leaderboard.py","6C2005E32C1B09CE3855CFDAA9D9AE7932CB6F3BE89150C705FF9877E3AC5CC3"
"C:\Users\USER\slh-bot-clean\SLH_FIX_BACKUP_20260804_181820\leaderboard_handler.py","4422C6E58C90F7720334B58C8AA11E7C413E6A75AF23CC68C08CB684BFD4806F"
"C:\Users\USER\slh-bot-clean\SLH_FIX_BACKUP_20260804_181820\loader.py","B0B3348C55A35BA06464985E2AF9C96C8EF43410477D8642BD1165D55ED9BACC"
"C:\Users\USER\slh-bot-clean\slh_freeze.sh","074BE60CAF3084F00E7C72402998CCADED8CED4FBD350E7D1672281753293CB4"
"C:\Users\USER\slh-bot-clean\SLH_FULL_AUDIT_20260810_152243.txt","5BEE31572D178A9298C6C00260D0993EA2790646CCEA8664302B9A7F023F93E6"
"C:\Users\USER\slh-bot-clean\slh_full_check.py","53B5F746DAD9102C15B4C4646FF4BBCF95A6D400B17CE9D80878599D9FE8DE9E"
"C:\Users\USER\slh-bot-clean\slh_full_diag.sh","C8412231078D64B5A1167D5CAA8D9A52571CA492EC91FF866332334A258E5846"
"C:\Users\USER\slh-bot-clean\slh_full_doctor.sh","3629117D636B2D8393CF18130C4B4C88564728CC1EA3A94C7BA7E84CD6712562"
"C:\Users\USER\slh-bot-clean\slh_full_system_audit.sh","CB7E1F9261E8AD95F9A36FAE83DC259C1780011A84FD8C911895254A4EAA239B"
"C:\Users\USER\slh-bot-clean\SLH_GATEWAY.py","9A96E57457A2C10580C309B5B01BBE02724CF54157077DED5D9A86F7F74C60F8"
"C:\Users\USER\slh-bot-clean\slh_git_diag_20260804_020650.txt","5A14BEAFC6A1F419A95137ACC495C7391C49ABD22B69F9707E0D2DDA018A154E"
"C:\Users\USER\slh-bot-clean\slh_handler_inventory.sh","08CA3956F5897A52D6E5F22ED58EE6525BC6502B1EDEC4F9BA674EBBB51FEAE6"
"C:\Users\USER\slh-bot-clean\SLH_HANDLER_MAP.txt","E5998D369378236F3CC017AF53DBCCCC20656FEE1D649DC11FE3E39AE08602E5"
"C:\Users\USER\slh-bot-clean\slh_hardening.py","70FFF8FC8115BC8501C16A7C720EC181088AB87E98C4982030E2E2E899B95F6F"
"C:\Users\USER\slh-bot-clean\SLH_KERNEL.py","BC3BF06CC17B048227346E00E443EA148E4FCE1E8C9B1AB53477D419265775D0"
"C:\Users\USER\slh-bot-clean\slh_launch_guard.sh","A1D66BD5433AB9A7484E460EE111F236C7DDA6798B301FBBDE703352B4D9ABAD"
"C:\Users\USER\slh-bot-clean\slh_light_20260702_0118.txt","75878C7001DDE69468FEEB63DACE9A73062AD83DA134CB904615682E1EA84FC2"
"C:\Users\USER\slh-bot-clean\SLH_LOCAL_TREE.txt","521EE589B2B1041BA08718E4FCFAD38FEED2FE8F1EDFE77E48C27290CB5A2E9E"
"C:\Users\USER\slh-bot-clean\slh_lock.py","040458B0CB156E0665EE88E721D08FA5F5A9439C94D6CE359376BD6DFB4A6BD0"
"C:\Users\USER\slh-bot-clean\SLH_MAIN.py","DFEC323E05A83FF8F91DCAD27DE20A6C5E34070ACEE47CEE1116DF27E446ADF8"
"C:\Users\USER\slh-bot-clean\SLH_MODULES.py","4D86FC9D9DB762BDEF28D0353BF8B95DC58FD39ABDB1902ADFD217940E079C37"
"C:\Users\USER\slh-bot-clean\slh_morning.sh","BE172E91C82BBB5FF9D728D9D6ED92BBA24F9097CE109BBFEC165C3E0DF9F243"
"C:\Users\USER\slh-bot-clean\slh_plan_20260702.txt","2E053FAD5062030A31C8E7DCCBF759BB90E22108026FCC430F21128F0A8CB7E0"
"C:\Users\USER\slh-bot-clean\slh_pre_broadcast_audit.sh","D0391E58FC64B616B78C38F62C6349AFCEC475225CB7B58F25FD355D0365424B"
"C:\Users\USER\slh-bot-clean\slh_prelaunch_check.sh","7A4A81AB744173BC16D0A5C59DD6C44A8FB2DE590E1E78E7CB3E5163E9829BD2"
"C:\Users\USER\slh-bot-clean\SLH_PYTHON_FILES.txt","1C1C8321FA6FAF096C6943D4E7A8A14F42CA1ED6F02A8BE8642E58EA85D5A13A"
"C:\Users\USER\slh-bot-clean\slh_recovery_check.sh","FB6F3615FD272034999FC109967EDA41230232119EF9FE5FD1F3B09234C58335"
"C:\Users\USER\slh-bot-clean\SLH_RECOVERY_PROTOCOL.md","43FC1D396B5D04D793408AB53BE6425A30210812B5ECD5B1C1A9918030BC6866"
"C:\Users\USER\slh-bot-clean\SLH_RELEASE_LOGS.txt","46DB66F0029C5009D84EDCBE1A129FD3DE417F29773013237A9214ADCAC25E96"
"C:\Users\USER\slh-bot-clean\SLH_RELEASE_VERIFY.json","40E4D1B53AA8803DFCC2E87AD0FF788CA6AEDEBE0108953FEE0861254A5D6D21"
"C:\Users\USER\slh-bot-clean\slh_runtime_audit.sh","922A10347A1DCF56896BC69A4BA47AC1B6F85CA613014E94AF62AA7F60981699"
"C:\Users\USER\slh-bot-clean\SLH_RUNTIME_AUTHORITY.json","1189F5B86A9A7BDDCB25A50CD237F43A2CD956D7C53AC0F2BF631D34CB21B100"
"C:\Users\USER\slh-bot-clean\slh_runtime_handler_test.sh","5C36C075ACB0B17EEDA44A183EB35F9DEF3EAE93633ADB837DF7B84A185E0331"
"C:\Users\USER\slh-bot-clean\SLH_RUNTIME_POLICY.md","3DFF4A64004E4EDCB9C1501B74F13903697D2A7F17CFEA592D4D4ED07B4A8909"
"C:\Users\USER\slh-bot-clean\SLH_RUNTIME_SNAPSHOT_20260708.md","763975603F90351A2AD667F9C33A373A939F9F430A7AA8999BEED2B93B36E7CB"
"C:\Users\USER\slh-bot-clean\slh_safe_diag.sh","E9D71C247171EFE94CC2BE5F5FA04266830D4C3DCFB586F8DF3CE067AEC18733"
"C:\Users\USER\slh-bot-clean\slh_safe_fix.sh","5A671F163F350036208A0E06AC593BAA5493C3F9A849BEF0C5C4A0E5FA85E231"
"C:\Users\USER\slh-bot-clean\slh_snapshot.py","A3A8595BA202690EDC02965A73E8AE8EEBB8FD3CF0652B493B02A196B288DDE9"
"C:\Users\USER\slh-bot-clean\slh_state.db","F729BF972D1761CFD9AFA159676EF2DE936A5B8495EE219E98D3B3BC71F090A4"
"C:\Users\USER\slh-bot-clean\slh_state_audit.py","0B964A5426FBD5795BDFADFC9FE4BF30885B5ABEEE8538DDB5310E2152534EC3"
"C:\Users\USER\slh-bot-clean\SLH_STATE_BACKUP_20260812_201902\agents.json","238AC84DEEA90544237046C2EA0266A8703743038E53929086B891E3F9CE69E0"
"C:\Users\USER\slh-bot-clean\SLH_STATE_BACKUP_20260812_201902\ai_health.json","1327E3298F805BEF059784547AF88155CC6284E36EE538F04C55684B790A902C"
"C:\Users\USER\slh-bot-clean\SLH_STATE_BACKUP_20260812_201902\db.json","A37F164C56D903755682E94E5BDB5305FD0187523E92F619ABEF41F18D88FA71"
"C:\Users\USER\slh-bot-clean\SLH_STATE_BACKUP_20260812_marketfix_bot_stable.py","3D2E4FC9128EE50E8E0C71FCC3F06ED4B47E902D25E2F546D3B23093CB7B5509"
"C:\Users\USER\slh-bot-clean\slh_status.sh","8C80ACB51AF158A0EF497526CB55E7144E3908167199436B6DEF201C7B204ACA"
"C:\Users\USER\slh-bot-clean\slh_sync_fix.py","6942181BDE4A5488437783FE19C81FA4A25EA0071C82417CCD563D47F8ADF66A"
"C:\Users\USER\slh-bot-clean\SLH_TREE.txt","552E82559F94F0E3281DF48BF2760D992A1E696ED263CA77602BE970BFFDB112"
"C:\Users\USER\slh-bot-clean\SLH_V1.2_FEATURE1.1.md","29D4D6C4BA9CD5D12F6449C4466D9C9CE6192082F9817619F02023247E6C31EF"
"C:\Users\USER\slh-bot-clean\SLH_V1.2_FEATURE1.md","C9DD17F98660D406FEF445152068EF1C43DDDE4D8458AE6A03FB16FB8651116F"
"C:\Users\USER\slh-bot-clean\SLH_V1.2_ROADMAP.md","C5E5E8E0876FFDF1E7D6D3DC17783EB8F5B600B7465EF2627737CDEE78805B23"
"C:\Users\USER\slh-bot-clean\slh_visibility_scan.py","C4D2F6059E8B972971D6E9FA6B106F2830E74D86D8AB6F02F125F3BD427F1FD6"
"C:\Users\USER\slh-bot-clean\slh-phase2-ready-20260712","E3B0C44298FC1C149AFBF4C8996FB92427AE41E4649B934CA495991B7852B855"
"C:\Users\USER\slh-bot-clean\slh-workflow.ps1","FEDAAD4064580369AB52C8EAEC236F9311F7686295F80A4B1017DE9C8DE60BD8"
"C:\Users\USER\slh-bot-clean\slh-workflow\.ps1","FEDAAD4064580369AB52C8EAEC236F9311F7686295F80A4B1017DE9C8DE60BD8"
"C:\Users\USER\slh-bot-clean\smart_leaderboard.py","FB6A37581D5544E6C75CE7FEE83C877F1049CA2E94B3930ADD4F29B38FCB69FF"
"C:\Users\USER\slh-bot-clean\snapshot.sh","E5F8937A72FB1F1D2120CEE6B150E0946B2AD48564FE31136B4A896FE9CB8940"
"C:\Users\USER\slh-bot-clean\SOURCE_OF_TRUTH.md","2F92EF1E1287223A3E0A528EF60BEA2FB128ED1ED748DFF1FB0DDC6A13E7B463"
"C:\Users\USER\slh-bot-clean\stable_checkpoint_20260712.sh","29CAC6D4331ADBBF86ED3E2CB1A8A9000D67AA3D08C97DD1F14201328F4C4E99"
"C:\Users\USER\slh-bot-clean\STABLE_STATE_20260711.md","AE99E65BC7365B6BFC3C24E95BA44363171764893B8238E977BB5561BBBB42D7"
"C:\Users\USER\slh-bot-clean\STABLE_STATUS_20260713.txt","FC773E873311BB15E76FE5CFA63C31D6AD3809AEF5543EA4542578482CF1F4F1"
"C:\Users\USER\slh-bot-clean\start.sh","92B1A507860DD9229CB5E9D4A1AD1860E34087A50B7022B21493FF2791C54148"
"C:\Users\USER\slh-bot-clean\start.sh.backup","92B1A507860DD9229CB5E9D4A1AD1860E34087A50B7022B21493FF2791C54148"
"C:\Users\USER\slh-bot-clean\start.sh.bak_20260804","92B1A507860DD9229CB5E9D4A1AD1860E34087A50B7022B21493FF2791C54148"
"C:\Users\USER\slh-bot-clean\start_full.sh","F1AF229421980CCAD765540A2EA3DA5799A3B47ACF39A77847E11970B39ECF0F"
"C:\Users\USER\slh-bot-clean\start_full.sh.backup","F1AF229421980CCAD765540A2EA3DA5799A3B47ACF39A77847E11970B39ECF0F"
"C:\Users\USER\slh-bot-clean\start_full.sh.bak_20260804","F1AF229421980CCAD765540A2EA3DA5799A3B47ACF39A77847E11970B39ECF0F"
"C:\Users\USER\slh-bot-clean\start_railway.sh","0E19466858DD7E9C5FDD7FB721E587B00DC507625F79D73F5E3ED190187A2554"
"C:\Users\USER\slh-bot-clean\start_safe.sh","F4F85FAD8DFE781DEF1EF9B4B23486E3DC7DA6603521E7A4310C5E1DB384D44B"
"C:\Users\USER\slh-bot-clean\start_secure.sh","B70C43A22FAE9A4577CE14A9F1B945FAA31D54539EB662FF460C0D7F27F538BD"
"C:\Users\USER\slh-bot-clean\start_server.sh","808444247F47F58E0BB20F8BC9A60509308E98C6C36B4E9454899F0DDC3BBA38"
"C:\Users\USER\slh-bot-clean\start_server.sh.backup","808444247F47F58E0BB20F8BC9A60509308E98C6C36B4E9454899F0DDC3BBA38"
"C:\Users\USER\slh-bot-clean\start_server.sh.bak_20260804","808444247F47F58E0BB20F8BC9A60509308E98C6C36B4E9454899F0DDC3BBA38"
"C:\Users\USER\slh-bot-clean\start_slh.sh","26E3F9005DDBF2E859444A36BEEFB79C7F437978A75C57F92AA3F061B2F0FE9C"
"C:\Users\USER\slh-bot-clean\startup_stderr.log","043C5E4D1298FBE2900B612F83280AE89FF669899E214C14D19EFE0CD56FC347"
"C:\Users\USER\slh-bot-clean\startup_stdout.log","E053FBE107046B1A9B1FD821E13149091D863E96652D98AEA7910845E49036DB"
"C:\Users\USER\slh-bot-clean\state\__init__.py","E3B0C44298FC1C149AFBF4C8996FB92427AE41E4649B934CA495991B7852B855"
"C:\Users\USER\slh-bot-clean\state\agents.json","238AC84DEEA90544237046C2EA0266A8703743038E53929086B891E3F9CE69E0"
"C:\Users\USER\slh-bot-clean\state\agents.json.before_gateway_fix","7157150CC0F5D746F02676FBBDE3ED5F7561688E05B36C0F59DD8E38112D2F1B"
"C:\Users\USER\slh-bot-clean\state\agents_archive.json","6C1F77E8CE0B8FD50E6C59B20A1A5DBB388E2A63D84B28FCE81FE334EB5BBF5D"
"C:\Users\USER\slh-bot-clean\state\agents_stable_checkpoint_20260715_195104.json","931F3A7534C76793BE087F2FF037FEEC6AC7302461A896F8C32D766C58DAA40F"
"C:\Users\USER\slh-bot-clean\state\ai_health.json","AEC306EB6C69CB6E334FFB8025D675B78C7514FD90AE952739C9D3A0F7682B23"
"C:\Users\USER\slh-bot-clean\state\audit.jsonl","138D173DB43CD3ADA4EE0C10C974B072ED56A9CF5B6A4D2B1007C8532F614264"
"C:\Users\USER\slh-bot-clean\state\backups\agents_mirror_20260807_161132.json","7157150CC0F5D746F02676FBBDE3ED5F7561688E05B36C0F59DD8E38112D2F1B"
"C:\Users\USER\slh-bot-clean\state\backups\agents_mirror_20260807_161201.json","7157150CC0F5D746F02676FBBDE3ED5F7561688E05B36C0F59DD8E38112D2F1B"
"C:\Users\USER\slh-bot-clean\state\backups\agents_mirror_20260807_162640.json","7157150CC0F5D746F02676FBBDE3ED5F7561688E05B36C0F59DD8E38112D2F1B"
"C:\Users\USER\slh-bot-clean\state\backups\agents_mirror_20260807_163053.json","7157150CC0F5D746F02676FBBDE3ED5F7561688E05B36C0F59DD8E38112D2F1B"
"C:\Users\USER\slh-bot-clean\state\backups\agents_mirror_20260807_163623.json","7157150CC0F5D746F02676FBBDE3ED5F7561688E05B36C0F59DD8E38112D2F1B"
"C:\Users\USER\slh-bot-clean\state\backups\agents_mirror_20260807_163927.json","CDB13BD23E2B2E1D55DD769F0F888BA8550225838AFF9799E272B5B2A9D12630"
"C:\Users\USER\slh-bot-clean\state\backups\agents_mirror_20260807_163959.json","CDB13BD23E2B2E1D55DD769F0F888BA8550225838AFF9799E272B5B2A9D12630"
"C:\Users\USER\slh-bot-clean\state\backups\agents_mirror_20260807_165130.json","CDB13BD23E2B2E1D55DD769F0F888BA8550225838AFF9799E272B5B2A9D12630"
"C:\Users\USER\slh-bot-clean\state\chats.json","54A670667D3D32AB5FE5F4F198C2DF6FE6B27E1E7920D9A60F388E729D5DF2A8"
"C:\Users\USER\slh-bot-clean\state\commands_registry.json","BF5842693A2A7BF02E0B9475F943F795C8DBB3D785D6D4C6BA1926B8AFE3F38F"
"C:\Users\USER\slh-bot-clean\state\consolidation_report.json","16A37EFE18D095C665D7BE4235DA69E2393EDCFEA61B9E2058F4694762166381"
"C:\Users\USER\slh-bot-clean\state\courses\bitcoin_101.json","1DD6C5B3B6BEC9F87E5E11037820BF092AD4962EB084475DEEF904E81AC8897F"
"C:\Users\USER\slh-bot-clean\state\custom_handlers\__init__.py","E3B0C44298FC1C149AFBF4C8996FB92427AE41E4649B934CA495991B7852B855"
"C:\Users\USER\slh-bot-clean\state\custom_handlers\ai_event_handler.py","1EF710FF2D47F1EAE91450AA8CE88F0B947FE53DE21CA2AB4D93873C1D730E11"
"C:\Users\USER\slh-bot-clean\state\custom_handlers\ai_voting_handler.py.backup","20D3F1D3F6770113237A49476762B7A162ED169791467D8B81D709260D3BD042"
"C:\Users\USER\slh-bot-clean\state\custom_handlers\audit_handler.py","17CC2EDD7EC01F6E2247463DF1FBD9555A04C501EA5B1FC7550B4F3045D1B3F8"
"C:\Users\USER\slh-bot-clean\state\custom_handlers\developer.py","AB6AB1F74E4BECA49DDAEA8427776D33F072EB1A8194C80925691748C5FA98FD"
"C:\Users\USER\slh-bot-clean\state\custom_handlers\dynamic_leaderboard.py","E1577BB369A8D2B512821F7E811D3042A24721105F200FBF9DEFE064E2A63170"
"C:\Users\USER\slh-bot-clean\state\custom_handlers\ping_fullcheck_handler.py","F2BF3C3DE494A5A4CEDA7D5512CA0EBD52A8AD9E61774C03B5A0090DD6AF93FA"
"C:\Users\USER\slh-bot-clean\state\custom_handlers\reputation_admin.py","B5B3FF014D188348D69A0F9FAE057BB6BB1E65FC169D415695284817BF8CD74A"
"C:\Users\USER\slh-bot-clean\state\custom_handlers\start_buttons.py.disabled","FFA22F3B85F90152F5F781B46B324AFE235B652C1704317ED6ABC0312A0EB2F8"
"C:\Users\USER\slh-bot-clean\state\custom_handlers\task_listener.py","D067CC57BAA0B68B2ECAC890FA5AD333C92A9438F72296F697FE9AC3209AB53C"
"C:\Users\USER\slh-bot-clean\state\custom_handlers\task_listener.py.pre_log_fix","1D0699E77668F83CF29C95651C38CC6A595E97B2FFA1E64AFC6A245679C2185D"
"C:\Users\USER\slh-bot-clean\state\custom_handlers_disabled\staking_basic.py","01240D9816326C0D507995FBFB592909C4B6EC0692B7587651E2884057AC596C"
"C:\Users\USER\slh-bot-clean\state\custom_handlers_disabled\token_handler.py","29796E604CC2969BA1D04C390DD8F8FC6679A768D8D8C17525AFDC53F8B39F43"
"C:\Users\USER\slh-bot-clean\state\custom_handlers_disabled\token_wizard.py","D2F5E0B6C0B4B04840C5EFEA931A80696735B6B4830B1914CCF5D8CE8384F2AB"
"C:\Users\USER\slh-bot-clean\state\daily_summary.json","16D2B2544F05C3FE63542B7A1B4030430F53DF5D12FC9AC801B60177B685C437"
"C:\Users\USER\slh-bot-clean\state\db.json","0C347DEF088DCC65C273140DE44B2759DD4F3D77182C19FB22AE685228AE2893"
"C:\Users\USER\slh-bot-clean\state\db.json.backup_debug","72FBFA27A5B569E935A8931E55996B2072CA1EECB9B42FAF7CB1C8E633E707F9"
"C:\Users\USER\slh-bot-clean\state\db.json.backup_token_import_20260806_123319","8D9E1F4B377AC5E63601EDF285EA06AAD494027BE24A5B7FD68D14974F4BB4D1"
"C:\Users\USER\slh-bot-clean\state\db.json.before_gateway_fix","C6F289ADA885F8D8B25200B29EA3822705006ADC23CCBBA4F5A33243213B1124"
"C:\Users\USER\slh-bot-clean\state\db.json.lock","E3B0C44298FC1C149AFBF4C8996FB92427AE41E4649B934CA495991B7852B855"
"C:\Users\USER\slh-bot-clean\state\db_launch_2026-07-14.json","5981898BC188BDDACD0BD9D2ABD59ABFCE72038440F6E0D39FF84C503DD684F1"
"C:\Users\USER\slh-bot-clean\state\db_local_backup_before_sync.json","77AF79AE6E01E4F84F22B2685B897DC558B416887EE66015BC1CEF8DF358BB00"
"C:\Users\USER\slh-bot-clean\state\demo_tasks.json","B703841FDFBAC244E448963C4AE4B35AED97DBC312204DB565E13F9E1EDE5381"
"C:\Users\USER\slh-bot-clean\state\developers.json","4D5BCC2F5E4E659E4D2E47B8FFA9A7EB900E4D39099DAD2AE34AEF033F6A937B"
"C:\Users\USER\slh-bot-clean\state\devices.json","B513410DF903D11C0F4E54077A1CB9372C42C5DACF33BAF10FDCF66DDD56C9A7"
"C:\Users\USER\slh-bot-clean\state\disabled_legacy_ask.txt","8FF573818EACEB13938AF0E8A5BA09A9F3D7E82099BF85AACEEABED1A2A12DD9"
"C:\Users\USER\slh-bot-clean\state\end_of_day_log.txt","BD56545678DB8C6AF7BFFE938EA7A040E15B283E865CA26DE21B61C052D0E063"
"C:\Users\USER\slh-bot-clean\state\event_log.json","A5338D955B09046EC0B16F3A9625B7955C763AAE07DC722E474E6078745F932F"
"C:\Users\USER\slh-bot-clean\state\exec_journal.jsonl","261EC08B811D12BE9A786465BF0FDE8DC7FB1AC8F90683CCF5AF06426A99B59E"
"C:\Users\USER\slh-bot-clean\state\governance.json","C3F9523A5CCB0894B9E186ED567B494C797AF7DEF0D6AABEE1937C01B9051936"
"C:\Users\USER\slh-bot-clean\state\hardening_report.json","96C90C92AD664E949ACA55E8C48EFFB2F112DBFEC79842B6C92F243B9EAF8EFB"
"C:\Users\USER\slh-bot-clean\state\journal.json","1B7A6AFB58CE9D1AB0DD41E566D637DBC98647399002C198AF5943C6F362A794"
"C:\Users\USER\slh-bot-clean\state\marketplace.json","015C3B40252C2D3E2939CEB3F32EA675C2BDCD432AE1BB61E5673B87F1E6FD29"
"C:\Users\USER\slh-bot-clean\state\memory.jsonl","41BF64F6818FC405A199AAC1975201B7A1FA8CA1A97EFDEA40B491BB8542327B"
"C:\Users\USER\slh-bot-clean\state\missions\.mission_lifecycle.lock","E3B0C44298FC1C149AFBF4C8996FB92427AE41E4649B934CA495991B7852B855"
"C:\Users\USER\slh-bot-clean\state\missions\board.json","947B08D4C5CDA68235740B5C049625B542717A9F9D58A8B54677199E285A4BED"
"C:\Users\USER\slh-bot-clean\state\missions\results\mission-1-20260726T083554Z.json","9B639B4EDEB2706E3B8E91E2DA05690F4E40B72026F54DD27F3A350F1E114C0A"
"C:\Users\USER\slh-bot-clean\state\missions\results\mission-2-20260726T085119Z.json","1CA8CEA8CDCF65409AE224A8CD71DA4DACC0C4AD86BFC7B1DC6FAD40A3D60370"
"C:\Users\USER\slh-bot-clean\state\missions\results\mission-3-20260726T090526Z.json","0721BF8DA173102376BD18BA3C4B14E780757F91A842DA354D584F127CC29118"
"C:\Users\USER\slh-bot-clean\state\missions\results\mission-4-20260726T091849Z.json","4779EF6984D14FF8D956517DF8669221B7F2636F1705926A493D236ED71E54C3"
"C:\Users\USER\slh-bot-clean\state\missions\results\mission-5-20260726T093030Z.json","DB330D6DE3F1FA1A2CDEBB2262F7AB5E36DFE0C564C541FC44051008564B03A7"
"C:\Users\USER\slh-bot-clean\state\missions\results\mission-6-20260726T093157Z.json","1D7E1613DB0C5B0A9FBE3F5C3BCF15D09EB054533E259920A8908EC2A1EC50F1"
"C:\Users\USER\slh-bot-clean\state\missions\results\mission-API-TEST-20260726T094818Z-20260726T094818Z.json","289337381039F0BB0B854C04257F8705256345B5E8473D4DE68407A3B833E4AA"
"C:\Users\USER\slh-bot-clean\state\missions\results\mission-SMOKE-20260726T143715190125Z-20260726T143715Z.json","C510BF897FB7EF8093523ACB746C92ACDFCBB127C36775891A32C5E1AF962CCA"
"C:\Users\USER\slh-bot-clean\state\monitor_config.json","AF04CA99D60B874867D90FC567541721E76D45FE78C4FFE5D0E7636EF6031235"
"C:\Users\USER\slh-bot-clean\state\plugins_store.json","0C925B79E0253945C38A8FCBA699F480634B31223CDE90A74F9FDC74BB01E8F7"
"C:\Users\USER\slh-bot-clean\state\progress.json","E3566B3A06430868D71E9287DFD6C6C520A3DA027AABEA01951D407EE131DC2F"
"C:\Users\USER\slh-bot-clean\state\reputation.json","8106F4AC1E242DA6DF62E1CFFF9367B0AD616AC49D4073BF9B6A78D2BBD4601D"
"C:\Users\USER\slh-bot-clean\state\reputation_actions.json","B9713B34C803F9DA5F63B8C5E1E54F8AEF4AAC998E1BD0B9B4EF13E4F7CAC803"
"C:\Users\USER\slh-bot-clean\state\reputation_audit.py","146CB43B0FCFB039631C2212514C78550A0AEAA0FAD0C0A84B4FFFE786E613DE"
"C:\Users\USER\slh-bot-clean\state\reputation_engine.py","3D8FA0BA454407431A55CE59FEC5D677A55769FACF3D8AFE4A09415A37834AFA"
"C:\Users\USER\slh-bot-clean\state\reputation_events.json","B3439FA3EC64CBD86AE5C4E5EB54A8479D5924301992874D0D83B8C74DCB1914"
"C:\Users\USER\slh-bot-clean\state\reputation_guard.py","610718267B4D1AF0E846853FCA2EE5D295566AE5998C566D8DAA3999243DEFC1"
"C:\Users\USER\slh-bot-clean\state\reputation_service.py","E031A3073CFB52977CFE46851B96A43603BA4E329B9B860D4AD8DD919EAAB0B7"
"C:\Users\USER\slh-bot-clean\state\reputation_verifier.py","91F057A41884F6895904203F7B4CE5600246CC111C1D545F0FDD08032517CF5E"
"C:\Users\USER\slh-bot-clean\state\rewards_ledger.json","4F53CDA18C2BAA0C0354BB5F9A3ECBE5ED12AB4D8E11BA873C2F11161202B945"
"C:\Users\USER\slh-bot-clean\state\SLH_MILESTONE_20260712.md","BFEF922BBCDD838EFEEEAB6E1998B5A50C8CA483085F5FB88D47608699E7C525"
"C:\Users\USER\slh-bot-clean\state\SLH_PHASE2_ROADMAP_20260712.md","9942D75029936BCF4E74584FD19B91E0AB1AFCA1BA7116BAA2E1D2874D8619C5"
"C:\Users\USER\slh-bot-clean\state\SLH_SECURITY_CONTROL_PLANE_20260712.md","415AF87B594DF0AE9BE648466DFF749362FC657EAB40E5D81BDCF3B24A46AA99"
"C:\Users\USER\slh-bot-clean\state\SLH_SECURITY_MODEL_20260712.md","832B4128E0CFF76EFC2E8E73DE2F665AC9827772DA8B63E996030DE44925A336"
"C:\Users\USER\slh-bot-clean\state\SLH_STABLE_CHECKPOINT_20260712.md","F7EEB43658048F0F36D2B4C19CBCC5F3B37936BBF186F733E62940EC3C8D497D"
"C:\Users\USER\slh-bot-clean\state\SLH_STATE_ARCHITECTURE_20260712.md","BEB3E2D6ECAEEFD6079F63C0B1C4E9CDD369F7050739C03C35EDD288D6241D01"
"C:\Users\USER\slh-bot-clean\state\snapshots\20260807_171952\agents.json","CDB13BD23E2B2E1D55DD769F0F888BA8550225838AFF9799E272B5B2A9D12630"
"C:\Users\USER\slh-bot-clean\state\snapshots\20260807_171952\ai_health.json","B8C5087BE618C6D39D3A0D96C2F3FC190F511DB838DC47D4E396D68065E18209"
"C:\Users\USER\slh-bot-clean\state\snapshots\20260807_171952\chats.json","54A670667D3D32AB5FE5F4F198C2DF6FE6B27E1E7920D9A60F388E729D5DF2A8"
"C:\Users\USER\slh-bot-clean\state\snapshots\20260807_171952\db.json","C6F289ADA885F8D8B25200B29EA3822705006ADC23CCBBA4F5A33243213B1124"
"C:\Users\USER\slh-bot-clean\state\snapshots\20260807_171952\tasks.json","44136FA355B3678A1146AD16F7E8649E94FB4FC21FE77E8310C060F61CAAFF8A"
"C:\Users\USER\slh-bot-clean\state\snapshots\20260807_172422\agents.json","CDB13BD23E2B2E1D55DD769F0F888BA8550225838AFF9799E272B5B2A9D12630"
"C:\Users\USER\slh-bot-clean\state\snapshots\20260807_172422\ai_health.json","B8C5087BE618C6D39D3A0D96C2F3FC190F511DB838DC47D4E396D68065E18209"
"C:\Users\USER\slh-bot-clean\state\snapshots\20260807_172422\chats.json","54A670667D3D32AB5FE5F4F198C2DF6FE6B27E1E7920D9A60F388E729D5DF2A8"
"C:\Users\USER\slh-bot-clean\state\snapshots\20260807_172422\db.json","C6F289ADA885F8D8B25200B29EA3822705006ADC23CCBBA4F5A33243213B1124"
"C:\Users\USER\slh-bot-clean\state\snapshots\20260807_172422\tasks.json","44136FA355B3678A1146AD16F7E8649E94FB4FC21FE77E8310C060F61CAAFF8A"
"C:\Users\USER\slh-bot-clean\state\snapshots\20260807_172507\agents.json","CDB13BD23E2B2E1D55DD769F0F888BA8550225838AFF9799E272B5B2A9D12630"
"C:\Users\USER\slh-bot-clean\state\snapshots\20260807_172507\ai_health.json","B8C5087BE618C6D39D3A0D96C2F3FC190F511DB838DC47D4E396D68065E18209"
"C:\Users\USER\slh-bot-clean\state\snapshots\20260807_172507\chats.json","54A670667D3D32AB5FE5F4F198C2DF6FE6B27E1E7920D9A60F388E729D5DF2A8"
"C:\Users\USER\slh-bot-clean\state\snapshots\20260807_172507\db.json","C6F289ADA885F8D8B25200B29EA3822705006ADC23CCBBA4F5A33243213B1124"
"C:\Users\USER\slh-bot-clean\state\snapshots\20260807_172507\tasks.json","44136FA355B3678A1146AD16F7E8649E94FB4FC21FE77E8310C060F61CAAFF8A"
"C:\Users\USER\slh-bot-clean\state\snapshots\20260807_173832\agents.json","CDB13BD23E2B2E1D55DD769F0F888BA8550225838AFF9799E272B5B2A9D12630"
"C:\Users\USER\slh-bot-clean\state\snapshots\20260807_173832\ai_health.json","B8C5087BE618C6D39D3A0D96C2F3FC190F511DB838DC47D4E396D68065E18209"
"C:\Users\USER\slh-bot-clean\state\snapshots\20260807_173832\chats.json","54A670667D3D32AB5FE5F4F198C2DF6FE6B27E1E7920D9A60F388E729D5DF2A8"
"C:\Users\USER\slh-bot-clean\state\snapshots\20260807_173832\db.json","C6F289ADA885F8D8B25200B29EA3822705006ADC23CCBBA4F5A33243213B1124"
"C:\Users\USER\slh-bot-clean\state\snapshots\20260807_173832\tasks.json","44136FA355B3678A1146AD16F7E8649E94FB4FC21FE77E8310C060F61CAAFF8A"
"C:\Users\USER\slh-bot-clean\state\snapshots\20260807_174602\agents.json","CDB13BD23E2B2E1D55DD769F0F888BA8550225838AFF9799E272B5B2A9D12630"
"C:\Users\USER\slh-bot-clean\state\snapshots\20260807_174602\ai_health.json","B8C5087BE618C6D39D3A0D96C2F3FC190F511DB838DC47D4E396D68065E18209"
"C:\Users\USER\slh-bot-clean\state\snapshots\20260807_174602\chats.json","54A670667D3D32AB5FE5F4F198C2DF6FE6B27E1E7920D9A60F388E729D5DF2A8"
"C:\Users\USER\slh-bot-clean\state\snapshots\20260807_174602\db.json","C6F289ADA885F8D8B25200B29EA3822705006ADC23CCBBA4F5A33243213B1124"
"C:\Users\USER\slh-bot-clean\state\snapshots\20260807_174602\tasks.json","44136FA355B3678A1146AD16F7E8649E94FB4FC21FE77E8310C060F61CAAFF8A"
"C:\Users\USER\slh-bot-clean\state\snapshots\agent_state_autopilot\20260806T112712Z\agents.json","A3D0AD0F8D53835B40894849CB8B2916BC1BE3F3DD5DEE6DA2B6412EAA1F280D"
"C:\Users\USER\slh-bot-clean\state\snapshots\agent_state_autopilot\20260806T112712Z\db.json","C6F289ADA885F8D8B25200B29EA3822705006ADC23CCBBA4F5A33243213B1124"
"C:\Users\USER\slh-bot-clean\state\snapshots\agent_state_autopilot\20260806T112712Z\manifest.json","F13C3EA51282AC822255CDD5FF11C5CC74ECAF724418FAEA3EA6359B2A2CB922"
"C:\Users\USER\slh-bot-clean\state\snapshots\agent_state_autopilot\20260807T121445Z\agents.json","7157150CC0F5D746F02676FBBDE3ED5F7561688E05B36C0F59DD8E38112D2F1B"
"C:\Users\USER\slh-bot-clean\state\snapshots\agent_state_autopilot\20260807T121445Z\db.json","C6F289ADA885F8D8B25200B29EA3822705006ADC23CCBBA4F5A33243213B1124"
"C:\Users\USER\slh-bot-clean\state\snapshots\agent_state_autopilot\20260807T121445Z\manifest.json","F13C3EA51282AC822255CDD5FF11C5CC74ECAF724418FAEA3EA6359B2A2CB922"
"C:\Users\USER\slh-bot-clean\state\snapshots\agent_state_autopilot\20260807T131128Z\agents.json","7157150CC0F5D746F02676FBBDE3ED5F7561688E05B36C0F59DD8E38112D2F1B"
"C:\Users\USER\slh-bot-clean\state\snapshots\agent_state_autopilot\20260807T131128Z\db.json","C6F289ADA885F8D8B25200B29EA3822705006ADC23CCBBA4F5A33243213B1124"
"C:\Users\USER\slh-bot-clean\state\snapshots\agent_state_autopilot\20260807T131128Z\manifest.json","F13C3EA51282AC822255CDD5FF11C5CC74ECAF724418FAEA3EA6359B2A2CB922"
"C:\Users\USER\slh-bot-clean\state\snapshots\agent_state_autopilot\20260807T131157Z\agents.json","CDB13BD23E2B2E1D55DD769F0F888BA8550225838AFF9799E272B5B2A9D12630"
"C:\Users\USER\slh-bot-clean\state\snapshots\agent_state_autopilot\20260807T131157Z\db.json","C6F289ADA885F8D8B25200B29EA3822705006ADC23CCBBA4F5A33243213B1124"
"C:\Users\USER\slh-bot-clean\state\snapshots\agent_state_autopilot\20260807T131157Z\manifest.json","F13C3EA51282AC822255CDD5FF11C5CC74ECAF724418FAEA3EA6359B2A2CB922"
"C:\Users\USER\slh-bot-clean\state\snapshots\agent_state_autopilot\20260807T132638Z\agents.json","CCCED91A6F49D53A00BA7BAA8BE02463B4155EDF62D48BDB0272AAEB766DAE22"
"C:\Users\USER\slh-bot-clean\state\snapshots\agent_state_autopilot\20260807T132638Z\db.json","D596690CB2190A21A75BF8F3AF5EC1AF76CC1ABC574AFADE09BAAD674E3901AE"
"C:\Users\USER\slh-bot-clean\state\snapshots\agent_state_autopilot\20260807T132638Z\manifest.json","F13C3EA51282AC822255CDD5FF11C5CC74ECAF724418FAEA3EA6359B2A2CB922"
"C:\Users\USER\slh-bot-clean\state\state_sync_report.json","8A44BA8893972E6529378B66F4A74F9342971140B03307134773096C448AF1AB"
"C:\Users\USER\slh-bot-clean\state\system.json","E3566B3A06430868D71E9287DFD6C6C520A3DA027AABEA01951D407EE131DC2F"
"C:\Users\USER\slh-bot-clean\state\system_memory.json","197D0FC12E6BA8B81E769F8C816ABFF0B1390F938A29E8FBE1F5EF0B8B9C230D"
"C:\Users\USER\slh-bot-clean\state\takeover\active_loader_audit.json","E072507DB6A977E3948A088402E76D3C7B2C522E0872ABAF2715E7CA293A5BD2"
"C:\Users\USER\slh-bot-clean\state\takeover\backups\board_before_api_creation_20260811T140726Z.json","947B08D4C5CDA68235740B5C049625B542717A9F9D58A8B54677199E285A4BED"
"C:\Users\USER\slh-bot-clean\state\takeover\full_static_handler_audit.json","87A2DD62D358921B9383F2CC415EE73E9D89487277E9AB786D3383861F2ADBFD"
"C:\Users\USER\slh-bot-clean\state\takeover\loader_registration_audit.json","F8D20EE0EBADF95D809E81A7CFB0AD88DD215E15BB437AA31823C372F4058644"
"C:\Users\USER\slh-bot-clean\state\takeover\manifest.json","F13C3EA51282AC822255CDD5FF11C5CC74ECAF724418FAEA3EA6359B2A2CB922"
"C:\Users\USER\slh-bot-clean\state\takeover\project_discovery.json","D922C130936691F9EF1753C328381179A419A9DAD25F1E2B6126C6A00D021212"
"C:\Users\USER\slh-bot-clean\state\takeover\project_graph.json","EDCD783091AC93B747BAD3636C13D9A38F8CBA838DA664E3F86D7EB1ED48C48A"
"C:\Users\USER\slh-bot-clean\state\takeover\project_registry.json","9CFE03BABC9048F90B2D1B555418B019518A6BA39EE4117C74B617B15EDF8F5F"
"C:\Users\USER\slh-bot-clean\state\takeover\runtime_command_registration_audit.json","156C8D0B321274CB4A95F197A4C0F9CC52C69FD3369F32DBA4C285F57167BA33"
"C:\Users\USER\slh-bot-clean\state\takeover\runtime_loading_path_audit.json","221622A9520C09395428C39AAFFC60CB9DF252C4FA72440D06132FF4AEF7C16C"
"C:\Users\USER\slh-bot-clean\state\takeover\runtime_state_access_classification.json","CAA2549848C0B473D2A521CFD993CFBE434679355DE83EB36F1FC33254B0A40C"
"C:\Users\USER\slh-bot-clean\state\takeover\runtime_state_dependency_map.json","D52F5CE484EAB054505278A99CA5571D0E92C087B2742629D3EF0286230772C1"
"C:\Users\USER\slh-bot-clean\state\takeover\state_migration_queue.json","67D43BA4EE3138210A413842BA1E195B3911C63A1799E8BBE9162C1215C53BC4"
"C:\Users\USER\slh-bot-clean\state\takeover\termux_project_inventory.json","BA70AF12FE1B728CD0165AC6CE5C3B4BAAD5F14DD95926D7CF5BE099E1E348CC"
"C:\Users\USER\slh-bot-clean\state\takeover\user_acceptance_audit.json","1DAC7C6C1200379F8933ACD301E481AB9A70A02CB766AC8A744F4028F01F4AC1"
"C:\Users\USER\slh-bot-clean\state\takeover\user_command_audit.json","37B0CD5D9610E078A87E41650C10955EA7EF1BB519A742A4507AF4E60A3B5307"
"C:\Users\USER\slh-bot-clean\state\takeover\user_command_wiring_audit.json","6EE97F9963A5406260680AA0375D74D3EAA36912D449D151836A14A1BCE253FF"
"C:\Users\USER\slh-bot-clean\state\tasks.json","44136FA355B3678A1146AD16F7E8649E94FB4FC21FE77E8310C060F61CAAFF8A"
"C:\Users\USER\slh-bot-clean\state\tasks\task_1783103094_beacon_research.json","87D08D34486A1999807CBACF2CC315DC52DAA9737CA2E81FDF1E2938A7C82F3F"
"C:\Users\USER\slh-bot-clean\state\token_loader.py","AE130161DB95ABFE15D5B3A585ECB3415A2CFCE053B46DBCC99C380FBE6DB38D"
"C:\Users\USER\slh-bot-clean\state\users.json","F58D97ED5A1512859C06CBDF2CD324D1DB03DD65A4FEC44E254F9157F0160A71"
"C:\Users\USER\slh-bot-clean\state\voting.json","492FCEFE16102DB68C8C2303142A2AF8B6FB3BD0BB6B556CF908ECD86F08699E"
"C:\Users\USER\slh-bot-clean\state_connection_map.txt","B8DDAD6BFF11F45B692BF7E4A032B56295ABFE7BCB043B38505DD79879FD7B23"
"C:\Users\USER\slh-bot-clean\state_engine.py","BEB66583EA310BF01A74E79BB5F02873F05F681126CA808D7204C10E3ABB64D3"
"C:\Users\USER\slh-bot-clean\state_manager.py","88666E2CD62A670D461C78914CB6C06E75988B27CAD4DD0DC8CC3CBB758567AA"
"C:\Users\USER\slh-bot-clean\STATE_USAGE_AUDIT.txt","415909B130603C3395B058784439C4EBDA99B275F6358F810349516248A4B3D9"
"C:\Users\USER\slh-bot-clean\state_writers_report.txt","A2E1ECE90DD3C63DFAFB6DC0A2721F027A080CD01198FEBE18D9C372B4E3CBFA"
"C:\Users\USER\slh-bot-clean\STATUS.md","1811C2D7306CCAE29ADC744DB56D50D8A5BBD3DE601E2F5203CE44B68F15EF6F"
"C:\Users\USER\slh-bot-clean\status_agents.txt","5AEF5BD37607F1AA0DCC2CC223B7722AA7CA791B2F4472301C06CEECC2B67BE6"
"C:\Users\USER\slh-bot-clean\store\engine.py","79D00B0FD5F495D3BAFDFCF5842D3BCCCD6A841728493B2856E7F12B9A368D18"
"C:\Users\USER\slh-bot-clean\store\grant_engine.py","9FE538BD856D146E74706AF5F865B858C09CEADE2B1F6E05282F2B9CEF02CB19"
"C:\Users\USER\slh-bot-clean\store\handler.py","F97BB9B608B5D54C9968142C0DCA8AE29688EC36C294E0ACDD654EDABA6419FA"
"C:\Users\USER\slh-bot-clean\store\items.json","3CDBF9BB12D0791CEFB7DCF502BD26A0F53B4BE025F144D178139CDE8F96DEE5"
"C:\Users\USER\slh-bot-clean\store\items.json.backup_marketplace_v1","14948FE60A68801B2EEE704F7171F724E56A041DD6CF577B389AC6F5202534F1"
"C:\Users\USER\slh-bot-clean\store\purchase_service.py","D6D11779DBDA7C91D5295C03DD1787C5607093D0F71315E724AEF28827DCDADC"
"C:\Users\USER\slh-bot-clean\STUDENT_GUIDE.md","F556A0DC64B4A6208F614407FCB4431A53DCC000BA8BB4B4486B6B77DBA0DF67"
"C:\Users\USER\slh-bot-clean\subscriptions.json","E3566B3A06430868D71E9287DFD6C6C520A3DA027AABEA01951D407EE131DC2F"
"C:\Users\USER\slh-bot-clean\subscriptions.py","EF6762123104B3C997BA56B2E1744DA4AA2AB5E05E730E61C3B46C53A5BBEC1C"
"C:\Users\USER\slh-bot-clean\sync.sh","146F79A3416FD195C3AFD53518C408F510EA0BC3856DB896713E4997EBD70CE6"
"C:\Users\USER\slh-bot-clean\system_diagnostics.py","C50A2D5C92587A09BA17D4200E08F32CFA9535D46E067AB7D3C6B914ECFAA8F6"
"C:\Users\USER\slh-bot-clean\system_health.py","27554829964F20BD4F26FAC00D53CE81179FE64504F6C3E00A2C8BAFFAD35E52"
"C:\Users\USER\slh-bot-clean\system_profile.json","44D90A6DE97AF4AEFAC2A0A228EE91E3084D8A153F93B7C6378183D9A7ACED07"
"C:\Users\USER\slh-bot-clean\SYSTEM_RULES.md","A1480DD2F2E4E4C078256CA1FD3D069F01A65F69E4A8448EECB00103BBC6A0BF"
"C:\Users\USER\slh-bot-clean\system_scan.sh","A8B9F1F55EB5F0E123EB071095C2DFEB277BE3889601FE9D4E7B55F0EF80509B"
"C:\Users\USER\slh-bot-clean\system_test.sh","E5F91B20B96CFF240203FE6E7A0D84E1898D39ECECE61519E4E530B9657CDA78"
"C:\Users\USER\slh-bot-clean\system_verification.sh","996011508FF7F36BE4A652D210DFAA8055AAC70D24CCE6FDC29D976B6317DDA1"
"C:\Users\USER\slh-bot-clean\t === ADMIN TEXT CHECK ===","7400741CC386C4A6266860E6634E8D77ED7DA7847C1F32ACD4A1F530A129FE3C"
"C:\Users\USER\slh-bot-clean\t === FIND HTML MODE ===","178CA3F0FEDB510FAE75647965545160625C4B57DDE8006883994E9C93F5D0E6"
"C:\Users\USER\slh-bot-clean\takeover_controller.py","6F2C6F807EBB158EAFDD10547C31D72A037D7149EA1C978DC7A6B556BFE85A7C"
"C:\Users\USER\slh-bot-clean\TASK_SNAPSHOT.txt","118D6CC10F9B3F42C6D2CF8194F34F03B3E788D144C2448A71909BC48737FD9B"
"C:\Users\USER\slh-bot-clean\TELEBOT_AUDIT.txt","5D61B06D8B7B54715A0EE285B531377DAE812F1A1B7D3913051D01CC8BA18A04"
"C:\Users\USER\slh-bot-clean\telegram_chat_audit.py","12FF178E16D3FF846F1A7BD80F2D63836DA86B2672B73A134D9AB9E6EFE6CA4B"
"C:\Users\USER\slh-bot-clean\telegram_owner_check.sh","6F4CBD27FA16A640D90016F10B39A30EF5926AB259523414600B326457C95EF0"
"C:\Users\USER\slh-bot-clean\TERMUX_FULL.txt","8ADFD8F6BC83CF546EA8F61FEDBAD37ECCB1125440FBEB4210E25C4D1393551B"
"C:\Users\USER\slh-bot-clean\TERMUX_HANDLERS.txt","8ADFD8F6BC83CF546EA8F61FEDBAD37ECCB1125440FBEB4210E25C4D1393551B"
"C:\Users\USER\slh-bot-clean\test_assignment_api.py","D7494C967FA66426F5D79F7CC93CBE7480061FF5299283D8B1457FA5559ED647"
"C:\Users\USER\slh-bot-clean\test_assignment_commit_api.py","2B5E93D66659717E4767C04AA11FCE9C4AC4A42D0DA80CEF007845648EC9AE3A"
"C:\Users\USER\slh-bot-clean\test_creation_api.py","A243E264F7D087DBDC014211A4CFE7587596CA6DA8AEA16D30BFCB0BAAC992E3"
"C:\Users\USER\slh-bot-clean\test_handler.py","50F928D3551329BF77207472B0BA4F1C577AE9D4E0788B2229EEDA46BB1AAFC6"
"C:\Users\USER\slh-bot-clean\test_marketplace.py","1160FDC17B28D6C8AB09D70A1B1859A4580BF95D0D5FAABF28828D4E6C391A36"
"C:\Users\USER\slh-bot-clean\test_mission_orchestrator_preview.py","B6F6F9B5D0CC9DAF3972D957D95A9C96A1A7AAB63C4FAC77CC7119D1D6613566"
"C:\Users\USER\slh-bot-clean\test_mission3_assignment_commit.py","819FB96E3E0A1E31715FA56A2ADCA67A9C679E371C625E61A4F56EDD1A6F6959"
"C:\Users\USER\slh-bot-clean\test_mission3_assignment_preview.py","8686642E1DDD38016740573E063A994F5FD63D80C5CC503A5A51EF4C1E36EB5C"
"C:\Users\USER\slh-bot-clean\test_mission3_completion_commit.py","DC64B616C6216E85639F8EF975E160B06B9962857ADA070BA59E2A5D64772D23"
"C:\Users\USER\slh-bot-clean\test_mission3_completion_preview.py","9AD6629E34ACF0CD25156222E910997CE08589CBFFCECFC4FAB8ACF33379252F"
"C:\Users\USER\slh-bot-clean\test_mission3_execution_commit.py","48B86CBF7E1313382EA05A1FBBA216496E207013388B2488342BA7B67E050118"
"C:\Users\USER\slh-bot-clean\test_mission3_execution_preview.py","764CBAD4BC4F00FAC8B898E4179CF21C369479547D420AB78AA3471B03FD8223"
"C:\Users\USER\slh-bot-clean\test_mission3_post_completion_regression.py","75E9F7FE033C0513A596924619E1EFBA35CF140E9C8828903EF5764B0C8799FF"
"C:\Users\USER\slh-bot-clean\test_mission4_assignment_commit.py","3E4DB9A6B601E4C06D1EB1C99D73A0FF7F8566E389744590B43676FB1499D56A"
"C:\Users\USER\slh-bot-clean\test_mission4_assignment_preview.py","62B5362C29DFD222A21C1CF23827341C4C84871AAD6727D0CE3FCFFE0B74A284"
"C:\Users\USER\slh-bot-clean\test_mission4_creation_commit.py","46A65A512C4D1EBB960C18613F815847EC9961872FE3C8297AA26741D4FAE79C"
"C:\Users\USER\slh-bot-clean\test_mission4_creation_preview.py","0E4A57107EBE77566BA1D6C4DBF557E1EDA9476F09ADDDB18D47BF9380988F4E"
"C:\Users\USER\slh-bot-clean\test_mission4_execution_commit.py","70116F275A07733F151279BE9703AC5F4C023B456DAD9D00916EC957E8D2EB4D"
"C:\Users\USER\slh-bot-clean\test_mission4_execution_preview.py","04A28417DA866BE534E8A2934D812443B701190111EE5AE3E05ABD6A63123262"
"C:\Users\USER\slh-bot-clean\test_runtime.sh","3789045AC2A45598D30205F3C72AD2D371515C43F112E10E204BED987CFA33C8"
"C:\Users\USER\slh-bot-clean\tests\system_check.py","2976DB5CA840AE81A573C8DC96C6B5A9FF07CF1A25613B7DEEFA60C4566A4E9D"
"C:\Users\USER\slh-bot-clean\tests\test_agent.py","EE5BAB93C3B863B59B30C00148F10539C0DB9E93D16585D87B2B00484AD1EE99"
"C:\Users\USER\slh-bot-clean\tests\test_task_and_audit.py","8A5D3B96620069038A57DCF04CEBCD82AFA401ECD84E25BFB898C87831597E24"
"C:\Users\USER\slh-bot-clean\TOKEN_PLAN.md","EE24765E8F8361B348127AE0B514251DE36DD4DD9270E2D9585079B4D6CFBC89"
"C:\Users\USER\slh-bot-clean\token_sync.sh","BF585294334314952F66337FDC415956C7D758CFA0208B6A83DEC3A9FBDD64FC"
"C:\Users\USER\slh-bot-clean\TOMORROW_HANDOFF.md","D37941CCC5F1E42F57E11A8754222472B2135AB30242ECDB0F059295E7725D48"
"C:\Users\USER\slh-bot-clean\ton_handler.py","7874469E7018EB8544EE304CCF26D694F4B64AFB9E241626483D90D68AA5331C"
"C:\Users\USER\slh-bot-clean\tools\active_loader_audit.py","2650D2DEF6720FF58A76D448540FEE80ECEEED554B6CA2C33849F45C7C6B3FB9"
"C:\Users\USER\slh-bot-clean\tools\agent_state_autopilot.py","829C9DA34CAFFB89A7F5D16FBD1FA5855E4FBCD5FD90A1E3EF6601B8280F1887"
"C:\Users\USER\slh-bot-clean\tools\agent_sync_guard.py","639042E2C715EBD703EDD0B2E6EAC1C79961EC4909E813B86D0C109B3A9542DF"
"C:\Users\USER\slh-bot-clean\tools\audit_state_access.py","939362D0685360495DFC095972270D7E414496D036966B9BE278809E8645E80B"
"C:\Users\USER\slh-bot-clean\tools\build_state_migration_queue.py","A86923D5068109E120C4589C6B1D3AC062A1FEF677115FBD0DDEC0EC9F2ED651"
"C:\Users\USER\slh-bot-clean\tools\connect_ask_guard.py","32FBEF5DC00DFBD967F751D909FB4211289597A62D21B2A71425C8FDEB405725"
"C:\Users\USER\slh-bot-clean\tools\connect_llm_circuit.py","F0FF56391591B111A91FA1AF956B42A69760E9C41E710D41F3AA96B65A22774A"
"C:\Users\USER\slh-bot-clean\tools\create_ai_guard.py","452C05F925AF8B47089ED4003E669FAD38B575F6B1E6078588F64EA171B5F3D5"
"C:\Users\USER\slh-bot-clean\tools\create_ai_health_state.py","D694EA371660E022A84561B70E45A75C6F34617E9FB9E4B132298391320B1A1F"
"C:\Users\USER\slh-bot-clean\tools\create_ask_guard.py","558F59CCFBC159E8B661DF3D5C277C7D498E1D5B7BFDF4B4EC3DEE72479115EE"
"C:\Users\USER\slh-bot-clean\tools\disable_botstable_ask.py","D53A6F9FC01C672D8A69F19E87CC76BE20709EE07F706A0881FAB4624D86F71B"
"C:\Users\USER\slh-bot-clean\tools\discover_projects.py","0A4E2B1294E4533E7E6B7C67E3C42A35F0C30F7A64D7439FF1E9D2ACB451E2D6"
"C:\Users\USER\slh-bot-clean\tools\discover_termux_projects.py","BF1212B38C21C2D839BF3807ACF8DB43363CEB6F86533E80A15B10EB95940B85"
"C:\Users\USER\slh-bot-clean\tools\fix_ask_guard_api.py","2FBA006123844DA31C4E4138156F13BC77FE6CA5C1CDEC7CE1A793214ED9DF2B"
"C:\Users\USER\slh-bot-clean\tools\full_static_handler_audit.py","59CD415D05692F2FB594ED2A3ED825166CF77F8378AD24C136A3DBC33640DD87"
"C:\Users\USER\slh-bot-clean\tools\full_system_audit.py","B642E734248E7B81B9E37C4F47017F9133E24C3913053C542362EC3832938FFA"
"C:\Users\USER\slh-bot-clean\tools\loader_registration_audit.py","D3EA8811CF330712EDB736C56ED055AD5D3286D44E4989A562E38335C79A2A05"
"C:\Users\USER\slh-bot-clean\tools\rbac_audit.py","4B7789E14395810127F6213DC61E2E43AA41AD8D9C659CAD41F042F1F7F7FDB7"
"C:\Users\USER\slh-bot-clean\tools\real_audit.py","9F87862CEBEECCBD4B698106E9F11377AA1BE0D84A679ADFDBC7AAD4D3045C9E"
"C:\Users\USER\slh-bot-clean\tools\runtime_command_registration_audit.py","543D1F817FEB856484EE11FE0FAEE216DBBCCAC7BAE33D0E769C66D461365222"
"C:\Users\USER\slh-bot-clean\tools\runtime_loading_path_audit.py","DBB3D666A9113B57F64BA815514A96B1C282F8A7C07D7D4207CA0F35CDE72A49"
"C:\Users\USER\slh-bot-clean\tools\runtime_state_access_classification.py","9A3BA858BFE0068F89558D6D5DCF73FB580056FD461DA288C07F475C9656C938"
"C:\Users\USER\slh-bot-clean\tools\runtime_state_dependency_map.py","0CE568826F58D13230226BFA8510103A5DA53571AFC01E1F3E8119FE7645E63B"
"C:\Users\USER\slh-bot-clean\tools\session_closure_audit.py","B44D94A582E49240DC5BD75C3C5788A20F858D9671E1054053C06B22B8DF712E"
"C:\Users\USER\slh-bot-clean\tools\slh_doctor.py","6D86247E7EF087BB577F6F92051FB9A15AA929B449D4EB12F19642B126E98F57"
"C:\Users\USER\slh-bot-clean\tools\slh_launch_check.py","B881267B00B327189B586210FD7FF07A75600002D2EAE3A9245935D091438808"
"C:\Users\USER\slh-bot-clean\tools\slh_migrate.py","834CEAA8B503655E1054B50F931788F2CD48AA69FC79389389C92F20E15F27F1"
"C:\Users\USER\slh-bot-clean\tools\SLH-Control.ps1","A0213B74CB637B7EAB444BB1E8F13B276C799B3658AC26678C87636ABA0717AA"
"C:\Users\USER\slh-bot-clean\tools\test_agent_state_full.py","46AD2CC740DBE6B59749360A70E81299BADC7F1FB917769C220FB7E449213637"
"C:\Users\USER\slh-bot-clean\tools\test_learning_path_full_loader.py","3C8748D9BD312F4346FF4776DD6A408B1B285AACA21AC5F23BEEBC9DE05DBD25"
"C:\Users\USER\slh-bot-clean\tools\test_learning_path_loader_execution.py","C4B70AE9FDDBD59011A03FFF35996987DD9076D9B498F34A743400389B9C70F1"
"C:\Users\USER\slh-bot-clean\tools\test_learning_path_runtime.py","6082A65DFC58859D7050EE5BC84182711E650161AA6C20A2A9B0848852EF537E"
"C:\Users\USER\slh-bot-clean\tools\test_project_graph_contract.py","B74CF0EB0EF4AC5C680A9070F140AE0E2277A10198CA3F9FB93C3E1A0A5722BA"
"C:\Users\USER\slh-bot-clean\tools\test_project_registry_contract.py","48342DFB40DD98A462D7A771BEEFBB7884F92E54C66049533FAA3B2A4AD1892B"
"C:\Users\USER\slh-bot-clean\tools\test_system_snapshot_contract.py","3D0F0054FC0F62779F9CB8EAD8CC1DEBF96D7625F86120C8A0FE782CCB2474E8"
"C:\Users\USER\slh-bot-clean\tools\upgrade_ai_guard_persistent.py","519F07FE4F789BE109B021BE0B5DED2318DC369D29FD83F1A1E5C85FCC7C8BFC"
"C:\Users\USER\slh-bot-clean\tools\user_acceptance_audit.py","A1EE22CFA20584D1C474A7BA093CB1A5E13CE86A3E640D5DE1D71634B8EAF9AD"
"C:\Users\USER\slh-bot-clean\tools\user_command_audit.py","0BFB446C91A7D1945A6668D3BF477B2C60CA688B002E5879093E71E944D947CF"
"C:\Users\USER\slh-bot-clean\tools\user_command_wiring_audit.py","1967217F4A1654AC468167A4352312FC90515732DFCFEC957B98CE491BF7D0EF"
"C:\Users\USER\slh-bot-clean\tory {","2D77F19C3AB7C748E764B5E094D289F565DE58C1994C7B17725574F51A165C8A"
"C:\Users\USER\slh-bot-clean\TRACKED_FILES.txt","39D973B7ABE8A93ED4F7F0B11EA246ADAA55F52073AB66646381CA310C326D19"
"C:\Users\USER\slh-bot-clean\tutorial_handler.py","1EF059069CD29A04249F41A10F8976E583C194022CC1FC83088C9CB498612336"
"C:\Users\USER\slh-bot-clean\UPDATE.md","CB44CABA35FA984E77B96F85F47DE3A87139F9A14D762A211376B33DAA0F7983"
"C:\Users\USER\slh-bot-clean\update_token.sh","300ABDAC756C3DB418145E1775E543604C33A0C8628E4936EC39C077842B10B5"
"C:\Users\USER\slh-bot-clean\UX_COMMANDS.md","F216E41E0B7C7BD96F1B535C242EB14698D74F190BCA422A41BAF549231E01E0"
"C:\Users\USER\slh-bot-clean\venv\.gitignore","330EA7FDC1B08E3C3F112F4C21C13A061BD8C2F05BA9A71636D3DFE1574129C1"
"C:\Users\USER\slh-bot-clean\venv\Lib\site-packages\ada92cb5d92a588d1b93__mypyc.cp313-win_amd64.pyd","58C25C988641247CC153A987D1080DCEB65C3A5CEA68BE96F0AC5B29C700AB05"
"C:\Users\USER\slh-bot-clean\venv\Lib\site-packages\aiohappyeyeballs\__init__.py","F30FBF99F793EC71AD6DB3C5283821A6BF0E1AC436537FF27D9097027674442B"
"C:\Users\USER\slh-bot-clean\venv\Lib\site-packages\aiohappyeyeballs\_staggered.py","6A3DDC4B01C40D7F3C50C7CEF5B51ABBDB5FAD102CCE18E0F7D76910C8803863"
"C:\Users\USER\slh-bot-clean\venv\Lib\site-packages\aiohappyeyeballs\impl.py","EB32B7BA4AA27993FE187DEB56CF16AF8DFCB4FBFE63B4F5846802CA02A64BB2"
"C:\Users\USER\slh-bot-clean\venv\Lib\site-packages\aiohappyeyeballs\py.typed","E3B0C44298FC1C149AFBF4C8996FB92427AE41E4649B934CA495991B7852B855"
"C:\Users\USER\slh-bot-clean\venv\Lib\site-packages\aiohappyeyeballs\types.py","FFC2661C58B1E8C78CD5EEE144FEC195E11A1B2F771ACC06B7342FD3AF33298F"
"C:\Users\USER\slh-bot-clean\venv\Lib\site-packages\aiohappyeyeballs\utils.py","C051D5F1EA4632A22B0BDA6AA1F4CEE2A968065775E063EF55BE52A5BDB91C92"
"C:\Users\USER\slh-bot-clean\venv\Lib\site-packages\aiohappyeyeballs-2.7.1.dist-info\INSTALLER","CEEBAE7B8927A3227E5303CF5E0F1F7B34BB542AD7250AC03FBCDE36EC2F1508"
"C:\Users\USER\slh-bot-clean\venv\Lib\site-packages\aiohappyeyeballs-2.7.1.dist-info\licenses\LICENSE","3B2F81FE21D181C499C59A256C8E1968455D6689D269AA85373BFB6AF41DA3BF"
"C:\Users\USER\slh-bot-clean\venv\Lib\site-packages\aiohappyeyeballs-2.7.1.dist-info\METADATA","E68D1BF48AEC9DCC2767343DEDEC25E12860085CBA180E10BC3D3BDD031602BA"
"C:\Users\USER\slh-bot-clean\venv\Lib\site-packages\aiohappyeyeballs-2.7.1.dist-info\RECORD","A1B2C40CA3FF311D6CE85AE8BA12080DBA35BFEAC5C2BC31294280D5A29B1C5A"
"C:\Users\USER\slh-bot-clean\venv\Lib\site-packages\aiohappyeyeballs-2.7.1.dist-info\WHEEL","10612F4A984562A5CAB36DFE91005EC8DA093F59EB4FC649290A22E69E4360BF"
"C:\Users\USER\slh-bot-clean\venv\Lib\site-packages\aiohttp\abc.py","F88F5A5852CAACEBE75D68073AF8A93A5B6DEA56A8B8F9F0BB0F536A2F407E26"
"C:\Users\USER\slh-bot-clean\venv\Lib\site-packages\aiohttp\base_protocol.py","0CC73FB14F336D5595C004D0956397E5A670123E5BB1ED4A44FA9595C7AD3C87"
"C:\Users\USER\slh-bot-clean\venv\Lib\site-packages\aiohttp\client.py","7A18C2A46541A245E54860EC78B270D756B586A30BA32A0EAE874B1338756204"
"C:\Users\USER\slh-bot-clean\venv\Lib\site-packages\aiohttp\client_exceptions.py","2B2215EFEAF2121DCC6B1204050D070F9EC1E0954E2DB32768E9692211F31C1E"
"C:\Users\USER\slh-bot-clean\venv\Lib\site-packages\aiohttp\client_middleware_digest_auth.py","3D313B270D8F401B050FB124C564513BD4B1F59F04EE09E12E2BB4418BFF97E4"
"C:\Users\USER\slh-bot-clean\venv\Lib\site-packages\aiohttp\client_middlewares.py","1445485C5910E7C9F96E12B804612AA830969C387E18D2665AADB423962DE925"
"C:\Users\USER\slh-bot-clean\venv\Lib\site-packages\aiohttp\client_proto.py","E6E58E003347013FDD5BC532EF8DFE4D9A4B08A49593C59C9D2931E47240D9F9"
"C:\Users\USER\slh-bot-clean\venv\Lib\site-packages\aiohttp\client_reqrep.py","2C69F1652D524DA702726B3FE9D837B26AC7BC674988AA68E6E43219FB1D4B29"
"C:\Users\USER\slh-bot-clean\venv\Lib\site-packages\aiohttp\client_ws.py","B05A0840BFA09A972CDEFEC1C3FF32521ACAB79966BF584651C6CEAFBCDF432A"
"C:\Users\USER\slh-bot-clean\venv\Lib\site-packages\aiohttp\compression_utils.py","CB8483887C81F15B9922C40C5B733D7358963168E0642A76044D064D1D24E04B"
"C:\Users\USER\slh-bot-clean\venv\Lib\site-packages\typing_extensions.py","4040CA1A1ECBEE00D1385C12A93084D1C5BD46F0B774F07E5AE7E91C4F55E696"
"C:\Users\USER\slh-bot-clean\venv\pyvenv.cfg","394657167EB535208BE97302285013E8E58BA25A6BFA84B27F9F64BC3891829F"
"C:\Users\USER\slh-bot-clean\viewfile_handler.py","9E7D9390C1AA48590D285D4744FFE98713B11FAEF84427BC931397D68F8413FE"
"C:\Users\USER\slh-bot-clean\virtual_esp_local.py","FB7FAB49C134C82CE6B47E6F19E9B94288F6BFE2C6A8CA74A565E54D64DE3AB8"
"C:\Users\USER\slh-bot-clean\WALLET_API_USAGE.txt","FE2B83DF5CE6C1EDCFEB29C17E736726699DF5D7371E58D09A5D40E8ACE50AAA"
"C:\Users\USER\slh-bot-clean\watchdog.sh","5B17995A3B3DADC705869D3F9F39A05124EEE6BC2F8CAC56AFD649BC6B762867"
"C:\Users\USER\slh-bot-clean\web\dashboard_v2\app.js","E7BD937B783C1F9BDD5D86E37F6C9CF20890EF1296CA01E6114D56EDBD629DA8"
"C:\Users\USER\slh-bot-clean\web\dashboard_v2\index.html","A210BE8E98B4B52F1A1A46232DD6A314657B18AA517F1C5BC3A5BE75F04092BC"
"C:\Users\USER\slh-bot-clean\web\dashboard_v2\style.css","2DB5F5DD2914E3C2F517E26EDC4B91F76B5F4A70A29D745B3CE434C93A46C719"
"C:\Users\USER\slh-bot-clean\webapp.py","8BDC35786BCDB1764AC699F9816B88A734D4519D0214D66B1600F6F87F47FF02"
"C:\Users\USER\slh-bot-clean\welcome_handler.py.disabled","AC7B820BCADB7B774F08626616797C9679D949AC8B0CAA6EA58C9CEF27158BEA"
"C:\Users\USER\slh-bot-clean\whatsapp_bot.js","50B4C9052120A69FDC9DE68F1EADC54E871965A1F11A8A0B9B7319F0F0C0E5C5"
"C:\Users\USER\slh-bot-clean\WINDOWS_HANDLERS.txt","DD14B2E100D78948351A73C59FE2966556F2948CFA41CAC260B7AB468AAB9337"
"C:\Users\USER\slh-bot-clean\WINDOWS_TREE.txt","188118BFC40334240B65891CB9CA12BE2731177CF3ADAB4BAD6B85790EFAC8A6"
"C:\Users\USER\slh-bot-clean\??","E3B0C44298FC1C149AFBF4C8996FB92427AE41E4649B934CA495991B7852B855"
"C:\Users\USER\slh-bot-clean\???,","E3B0C44298FC1C149AFBF4C8996FB92427AE41E4649B934CA495991B7852B855"
"C:\Users\USER\slh-bot-clean\????","E3B0C44298FC1C149AFBF4C8996FB92427AE41E4649B934CA495991B7852B855"
"C:\Users\USER\slh-bot-clean\????","E3B0C44298FC1C149AFBF4C8996FB92427AE41E4649B934CA495991B7852B855"
