"Path","LineNumber","Line"
"C:\Users\USER\slh-bot-clean\archive\legacy_clients\agent_client_termux.py","7","with open(CONFIG_PATH, 'r') as f: config = json.load(f)"
"C:\Users\USER\slh-bot-clean\archive\legacy_clients\agent_client_termux.py","28","    with open(CONFIG_PATH, 'r') as f: config = json.load(f)"
"C:\Users\USER\slh-bot-clean\archive\legacy_clients\agent_client_termux.py","38","    with open(CONFIG_PATH, 'r') as f: config = json.load(f)"
"C:\Users\USER\slh-bot-clean\archive\legacy_clients\agent_client_termux.py","52","        with open(CONFIG_PATH, 'r') as f: config = json.load(f)"
"C:\Users\USER\slh-bot-clean\archive\legacy_clients\agent_client_termux.py","55","        with open(CONFIG_PATH, 'w') as f: json.dump(config, f, indent=2)"
"C:\Users\USER\slh-bot-clean\archive\legacy_clients\agent_client_termux.py","72","    with open(CONFIG_PATH, 'r') as f: config = json.load(f)"
"C:\Users\USER\slh-bot-clean\archive\legacy_clients\agent_client_termux.py","74","    with open(CONFIG_PATH, 'w') as f: json.dump(config, f, indent=2)"
"C:\Users\USER\slh-bot-clean\archive\legacy_economy\railway_bot.py","10","        config = json.load(f)"
"C:\Users\USER\slh-bot-clean\archive\web3_disabled\staking_handler.py","7","DB_PATH = ""/data/data/com.termux/files/home/slh_clean/slh_state.db"""
"C:\Users\USER\slh-bot-clean\archive\web3_disabled\staking_handler.py","78","        config = json.load(f)"
"C:\Users\USER\slh-bot-clean\archive\web3_disabled\staking_handler.py","84","        json.dump(config, f, indent=2)"
"C:\Users\USER\slh-bot-clean\core\academy_manager.py","21","        return json.load(f)"
"C:\Users\USER\slh-bot-clean\core\agent_factory.py","8","It does NOT dynamically import arbitrary names from state/db.json."
"C:\Users\USER\slh-bot-clean\core\agent_factory.py","112","        with open(""state/db.json"", encoding=""utf-8"") as f:"
"C:\Users\USER\slh-bot-clean\core\agent_factory.py","113","            db = json.load(f)"
"C:\Users\USER\slh-bot-clean\core\agent_state_store.py","15","    DB_PATH = ROOT / ""state"" / ""db.json"""
"C:\Users\USER\slh-bot-clean\core\agent_state_store.py","16","    SNAPSHOT_PATH = ROOT / ""state"" / ""agents.json"""
"C:\Users\USER\slh-bot-clean\core\agent_state_store.py","53","            data = json.load(f)"
"C:\Users\USER\slh-bot-clean\core\agent_state_store.py","89","                json.dump("
"C:\Users\USER\slh-bot-clean\core\agent_state_store.py","337","                    loaded = json.load(f)"
"C:\Users\USER\slh-bot-clean\core\agent_state_store.py","431","        json.dumps("
"C:\Users\USER\slh-bot-clean\core\ai_guard.py","23","        return json.loads("
"C:\Users\USER\slh-bot-clean\core\ai_guard.py","40","        json.dumps("
"C:\Users\USER\slh-bot-clean\core\audit.py","44","                json.dumps("
"C:\Users\USER\slh-bot-clean\core\audit.py","84","                events.append(json.loads(line))"
"C:\Users\USER\slh-bot-clean\core\command_registry_loader.py","10","        return json.load(f)"
"C:\Users\USER\slh-bot-clean\core\context_builder.py","9","            data = json.load(f)"
"C:\Users\USER\slh-bot-clean\core\context_builder.py","27","            data = json.load(f)"
"C:\Users\USER\slh-bot-clean\core\context_builder.py","46","    ctx[""users""] = _count_from_file(""state/db.json"", ""users"")"
"C:\Users\USER\slh-bot-clean\core\context_builder.py","47","    ctx[""tasks""] = _count_from_file(""state/db.json"", ""tasks"")"
"C:\Users\USER\slh-bot-clean\core\context_builder.py","48","    ctx[""agents""] = _count_from_file(""state/db.json"", ""agents"")"
"C:\Users\USER\slh-bot-clean\core\control_center.py","10","            return json.load(f)"
"C:\Users\USER\slh-bot-clean\core\control_center.py","38","        ""state/db.json"","
"C:\Users\USER\slh-bot-clean\core\event_store.py","4","    def __init__(self, db_path=""events.db""):"
"C:\Users\USER\slh-bot-clean\core\event_store.py","27","                (event, json.dumps(payload), time.time())"
"C:\Users\USER\slh-bot-clean\core\mission_lifecycle.py","109","            return json.loads("
"C:\Users\USER\slh-bot-clean\core\mission_lifecycle.py","812","                json.dumps("
"C:\Users\USER\slh-bot-clean\core\mission_lifecycle.py","1102","                json.dumps("
"C:\Users\USER\slh-bot-clean\core\mission_lifecycle.py","1528","            canonical = json.dumps("
"C:\Users\USER\slh-bot-clean\core\mission_lifecycle.py","1549","                json.dumps("
"C:\Users\USER\slh-bot-clean\core\mission_lifecycle.py","1558","                json.dumps("
"C:\Users\USER\slh-bot-clean\core\mission_lifecycle.py","1702","                    result = json.loads("
"C:\Users\USER\slh-bot-clean\core\mission_lifecycle.py","1731","                    canonical = json.dumps("
"C:\Users\USER\slh-bot-clean\core\mission_lifecycle.py","1874","            canonical = json.dumps("
"C:\Users\USER\slh-bot-clean\core\mission_lifecycle.py","1890","                json.dumps("
"C:\Users\USER\slh-bot-clean\core\mission_lifecycle.py","1899","                json.dumps("
"C:\Users\USER\slh-bot-clean\core\mission_lifecycle.py","1994","                result = json.loads("
"C:\Users\USER\slh-bot-clean\core\mission_lifecycle.py","2023","                canonical = json.dumps("
"C:\Users\USER\slh-bot-clean\core\profile_manager.py","6","DB_PATH = ""state/db.json"""
"C:\Users\USER\slh-bot-clean\core\profile_manager.py","19","        return json.load(f)"
"C:\Users\USER\slh-bot-clean\core\profile_manager.py","26","        json.dump("
"C:\Users\USER\slh-bot-clean\core\profile_manager.py","131","    import state_manager"
"C:\Users\USER\slh-bot-clean\core\profile_manager.py","140","    return state_manager.atomic_update(mutate)"
"C:\Users\USER\slh-bot-clean\core\project_graph.py","63","        data = json.loads("
"C:\Users\USER\slh-bot-clean\core\project_graph.py","410","        json.dumps("
"C:\Users\USER\slh-bot-clean\core\project_registry.py","26","TAKEOVER = ROOT / ""state"" / ""takeover"""
"C:\Users\USER\slh-bot-clean\core\project_registry.py","56","        data = json.loads("
"C:\Users\USER\slh-bot-clean\core\project_registry.py","281","            json.dumps("
"C:\Users\USER\slh-bot-clean\core\reward_engine.py","20","        return json.loads("
"C:\Users\USER\slh-bot-clean\core\reward_engine.py","31","        json.dumps("
"C:\Users\USER\slh-bot-clean\core\system_state_gateway.py","29","DB_PATH = ROOT / ""state"" / ""db.json"""
"C:\Users\USER\slh-bot-clean\core\system_state_gateway.py","30","AGENTS_PATH = ROOT / ""state"" / ""agents.json"""
"C:\Users\USER\slh-bot-clean\core\system_state_gateway.py","66","                data = json.load(f)"
"C:\Users\USER\slh-bot-clean\core\system_state_gateway.py","166","            ""source"": ""state/db.json"","
"C:\Users\USER\slh-bot-clean\core\system_state_gateway.py","188","                ""source"": ""state/db.json"","
"C:\Users\USER\slh-bot-clean\core\system_state_gateway.py","195","                ""source"": ""state/db.json"","
"C:\Users\USER\slh-bot-clean\core\system_state_gateway.py","200","            ""source"": ""state/db.json"","
"C:\Users\USER\slh-bot-clean\core\system_state_gateway.py","222","                ""source"": ""state/db.json"","
"C:\Users\USER\slh-bot-clean\core\system_state_gateway.py","229","                ""source"": ""state/db.json"","
"C:\Users\USER\slh-bot-clean\core\system_state_gateway.py","234","            ""source"": ""state/db.json"","
"C:\Users\USER\slh-bot-clean\core\system_state_gateway.py","276","                    ""state/db.json"""
"C:\Users\USER\slh-bot-clean\core\system_state_gateway.py","290","        json.dumps("
"C:\Users\USER\slh-bot-clean\handlers\admin_extras.py","7","            with open('state/db.json') as f:"
"C:\Users\USER\slh-bot-clean\handlers\admin_extras.py","8","                d = json.load(f)"
"C:\Users\USER\slh-bot-clean\handlers\admin_extras.py","35","            with open('state/db.json', 'rb') as f:"
"C:\Users\USER\slh-bot-clean\handlers\ai_voting_handler.py","4","DB = ""state/db.json"""
"C:\Users\USER\slh-bot-clean\handlers\ai_voting_handler.py","9","        db = json.load(f)"
"C:\Users\USER\slh-bot-clean\handlers\ai_voting_handler.py","48","        json.dump(db, f, indent=2, ensure_ascii=False)"
"C:\Users\USER\slh-bot-clean\handlers\askdebug_handler.py","10","            bot.reply_to(message, '<pre>' + json.dumps(result, indent=2, ensure_ascii=False) + '</pre>', parse_mode='HTML')"
"C:\Users\USER\slh-bot-clean\handlers\bot_identity_handler.py","4","DB_PATH = Path(""state/db.json"")"
"C:\Users\USER\slh-bot-clean\handlers\bot_identity_handler.py","9","        return json.load(f)"
"C:\Users\USER\slh-bot-clean\handlers\bot_identity_handler.py","14","        json.dump(db, f, ensure_ascii=False, indent=2)"
"C:\Users\USER\slh-bot-clean\handlers\broadcast_handler.py","20","            db = json.load(open(""state/db.json"", encoding=""utf-8""))"
"C:\Users\USER\slh-bot-clean\handlers\cleanup_handler.py","7","            with open('state/db.json', encoding='utf-8') as f:"
"C:\Users\USER\slh-bot-clean\handlers\cleanup_handler.py","8","                d = json.load(f)"
"C:\Users\USER\slh-bot-clean\handlers\dashboard_handler.py","10","            with open(""state/db.json"", encoding=""utf-8"") as f:"
"C:\Users\USER\slh-bot-clean\handlers\dashboard_handler.py","11","                d = json.load(f)"
"C:\Users\USER\slh-bot-clean\handlers\device_handler.py","6","            return json.load(f)"
"C:\Users\USER\slh-bot-clean\handlers\device_handler.py","12","        json.dump(data, f, indent=2, ensure_ascii=False)"
"C:\Users\USER\slh-bot-clean\handlers\dev_admin.py","3","import state_manager"
"C:\Users\USER\slh-bot-clean\handlers\dev_admin.py","46","        db = state_manager.load_db()"
"C:\Users\USER\slh-bot-clean\handlers\dev_handler.py","21","        with open('state/db.json') as f:"
"C:\Users\USER\slh-bot-clean\handlers\dev_handler.py","22","            d = json.load(f)"
"C:\Users\USER\slh-bot-clean\handlers\esp_handler.py","12","            return json.load(f).get(""devices"", {})"
"C:\Users\USER\slh-bot-clean\handlers\esp_handler.py","19","            data = json.load(f)"
"C:\Users\USER\slh-bot-clean\handlers\esp_handler.py","24","        json.dump(data, f, indent=2, ensure_ascii=False)"
"C:\Users\USER\slh-bot-clean\handlers\exec_request_handler.py","5","import state_manager"
"C:\Users\USER\slh-bot-clean\handlers\exec_request_handler.py","35","        state_manager.atomic_update(mutate)"
"C:\Users\USER\slh-bot-clean\handlers\exec_request_handler.py","65","        db = state_manager.load_db()"
"C:\Users\USER\slh-bot-clean\handlers\exec_request_handler.py","76","        state_manager.save_db(db)"
"C:\Users\USER\slh-bot-clean\handlers\feedback_handler.py","21","                data = json.load(f)"
"C:\Users\USER\slh-bot-clean\handlers\feedback_handler.py","28","            json.dump(data, f, indent=2, ensure_ascii=False)"
"C:\Users\USER\slh-bot-clean\handlers\governance_handler.py","7","DB_PATH = BASE_DIR / ""state"" / ""db.json"""
"C:\Users\USER\slh-bot-clean\handlers\governance_handler.py","11","    return json.loads(GOV_PATH.read_text(encoding=""utf-8-sig""))"
"C:\Users\USER\slh-bot-clean\handlers\governance_handler.py","16","        json.dumps(gov, ensure_ascii=False, indent=2),"
"C:\Users\USER\slh-bot-clean\handlers\governance_handler.py","22","    return json.loads(DB_PATH.read_text(encoding=""utf-8-sig""))"
"C:\Users\USER\slh-bot-clean\handlers\journal_handler.py","19","            f.write(json.dumps(entry, ensure_ascii=False) + '\n')"
"C:\Users\USER\slh-bot-clean\handlers\journal_handler.py","36","            e = json.loads(line)"
"C:\Users\USER\slh-bot-clean\handlers\leaderboard_handler.py","7","def show_leaderboard(db_path=""state/db.json""):"
"C:\Users\USER\slh-bot-clean\handlers\llm_handler.py","131","        with open(""state/db.json"", encoding=""utf-8"") as f:"
"C:\Users\USER\slh-bot-clean\handlers\llm_handler.py","132","            db = json.load(f)"
"C:\Users\USER\slh-bot-clean\handlers\llm_handler.py","173","            return ""📁 מקור הנתונים: state/db.json + state/agents.json (Railway volume)"""
"C:\Users\USER\slh-bot-clean\handlers\map_handler.py","7","            with open('state/devices.json') as f: devices = json.load(f)"
"C:\Users\USER\slh-bot-clean\handlers\market_handler.py","14","    return json.loads("
"C:\Users\USER\slh-bot-clean\handlers\market_handler.py","21","        json.dumps(data, indent=2, ensure_ascii=False),"
"C:\Users\USER\slh-bot-clean\handlers\me_handler.py","16","            with open(""state/db.json"", encoding=""utf-8"") as f:"
"C:\Users\USER\slh-bot-clean\handlers\me_handler.py","17","                data = json.load(f)"
"C:\Users\USER\slh-bot-clean\handlers\mission_handler.py","217","            return json.load(f)"
"C:\Users\USER\slh-bot-clean\handlers\monitor_handler.py","7","            return json.load(f)"
"C:\Users\USER\slh-bot-clean\handlers\monitor_handler.py","13","        json.dump(data, f, indent=2, ensure_ascii=False)"
"C:\Users\USER\slh-bot-clean\handlers\onboarding_v2.py","16","                ""state/db.json"","
"C:\Users\USER\slh-bot-clean\handlers\onboarding_v2.py","20","                return json.load(f)"
"C:\Users\USER\slh-bot-clean\handlers\os_handler.py","17","            with open(""state/ai_health.json"") as f: health = json.load(f)"
"C:\Users\USER\slh-bot-clean\handlers\payment_handler.py","1","import state_manager"
"C:\Users\USER\slh-bot-clean\handlers\payment_handler.py","20","        db = state_manager.load_db()"
"C:\Users\USER\slh-bot-clean\handlers\payment_handler.py","91","        db = state_manager.load_db()"
"C:\Users\USER\slh-bot-clean\handlers\payment_handler.py","137","            state_manager.save_db(db)"
"C:\Users\USER\slh-bot-clean\handlers\payment_handler.py","158","        db = state_manager.load_db()"
"C:\Users\USER\slh-bot-clean\handlers\payment_handler.py","171","        db = state_manager.load_db()"
"C:\Users\USER\slh-bot-clean\handlers\payment_handler.py","192","        db = state_manager.load_db()"
"C:\Users\USER\slh-bot-clean\handlers\payment_handler.py","199","        state_manager.save_db(db)"
"C:\Users\USER\slh-bot-clean\handlers\recovery_handler.py","17","                ""state/db.json"","
"C:\Users\USER\slh-bot-clean\handlers\recovery_handler.py","27","                with open(""state/db.json"", encoding=""utf-8"") as x:"
"C:\Users\USER\slh-bot-clean\handlers\recovery_handler.py","28","                    d = json.load(x)"
"C:\Users\USER\slh-bot-clean\handlers\recovery_handler.py","43","                lines.append(f""Users: source state/db.json ({len(users)})"")"
"C:\Users\USER\slh-bot-clean\handlers\recovery_verify_handler.py","20","                ""state/db.json"","
"C:\Users\USER\slh-bot-clean\handlers\recovery_verify_handler.py","35","                ""state/db.json"","
"C:\Users\USER\slh-bot-clean\handlers\recovery_verify_handler.py","41","                        json.load(x)"
"C:\Users\USER\slh-bot-clean\handlers\recovery_verify_handler.py","48","                with open(""state/db.json"", encoding=""utf-8"") as x:"
"C:\Users\USER\slh-bot-clean\handlers\recovery_verify_handler.py","49","                    d = json.load(x)"
"C:\Users\USER\slh-bot-clean\handlers\staking_handler.py","8","            with open('state/db.json', encoding='utf-8') as f:"
"C:\Users\USER\slh-bot-clean\handlers\staking_handler.py","9","                db = json.load(f)"
"C:\Users\USER\slh-bot-clean\handlers\staking_handler.py","17","            with open('state/db.json', 'w', encoding='utf-8') as f:"
"C:\Users\USER\slh-bot-clean\handlers\staking_handler.py","18","                json.dump(db, f, ensure_ascii=False, indent=2)"
"C:\Users\USER\slh-bot-clean\handlers\staking_handler.py","27","            with open('state/db.json', encoding='utf-8') as f:"
"C:\Users\USER\slh-bot-clean\handlers\staking_handler.py","28","                db = json.load(f)"
"C:\Users\USER\slh-bot-clean\handlers\staking_handler.py","35","            with open('state/db.json', 'w', encoding='utf-8') as f:"
"C:\Users\USER\slh-bot-clean\handlers\staking_handler.py","36","                json.dump(db, f, ensure_ascii=False, indent=2)"
"C:\Users\USER\slh-bot-clean\handlers\task_handler.py","9","TASK_FILE = ""state/db.json"""
"C:\Users\USER\slh-bot-clean\handlers\task_handler.py","14","        return json.load(f)"
"C:\Users\USER\slh-bot-clean\handlers\task_handler.py","19","        json.dump("
"C:\Users\USER\slh-bot-clean\handlers\ton_wallet.py","4","DB_PATH = BASE_DIR / ""state"" / ""db.json"""
"C:\Users\USER\slh-bot-clean\handlers\ton_wallet.py","26","            db = json.load(f)"
"C:\Users\USER\slh-bot-clean\handlers\ton_wallet.py","39","            db = json.load(f)"
"C:\Users\USER\slh-bot-clean\handlers\ton_wallet.py","47","            json.dump("
"C:\Users\USER\slh-bot-clean\handlers\user_handler.py","4","DB_PATH = os.path.join(os.path.dirname(__file__), '..', 'state', 'db.json')"
"C:\Users\USER\slh-bot-clean\handlers\user_handler.py","8","        return json.load(f)"
"C:\Users\USER\slh-bot-clean\plugins\education.py","2","    def __init__(self, db_path=""state/db.json""):"
"C:\Users\USER\slh-bot-clean\plugins\education.py","3","        self.db_path = db_path"
"C:\Users\USER\slh-bot-clean\plugins\education.py","9","            courses.append(json.load(open(f""state/courses/{f}"")))"
"C:\Users\USER\slh-bot-clean\plugins\leaderboard.py","7","    def __init__(self, db_path=""state/db.json""):"
"C:\Users\USER\slh-bot-clean\plugins\leaderboard.py","8","        self.db_path = db_path"
"C:\Users\USER\slh-bot-clean\plugins\leaderboard.py","16","            db = json.load(f)"
"C:\Users\USER\slh-bot-clean\plugins\voting.py","4","    def __init__(self, db_path=""state/db.json""):"
"C:\Users\USER\slh-bot-clean\plugins\voting.py","5","        self.db_path = db_path"
"C:\Users\USER\slh-bot-clean\plugins\voting.py","9","        return json.load(open(self.db_path))"
"C:\Users\USER\slh-bot-clean\plugins\voting.py","12","        json.dump(db, open(self.db_path, ""w""), ensure_ascii=False, indent=2)"
"C:\Users\USER\slh-bot-clean\security\permissions.py","15","            return json.load(f)"
"C:\Users\USER\slh-bot-clean\services\task_service.py","11","        data = json.load(f)"
"C:\Users\USER\slh-bot-clean\services\task_service.py","18","        json.dump(board, f, indent=2, ensure_ascii=False)"
"C:\Users\USER\slh-bot-clean\SLH_ADAPTER_BACKUP_20260804_182035\econ_handler.py","1","import state_manager"
"C:\Users\USER\slh-bot-clean\SLH_ADAPTER_BACKUP_20260804_182035\econ_handler.py","7","        db = state_manager.load_db()"
"C:\Users\USER\slh-bot-clean\SLH_ADAPTER_BACKUP_20260804_182035\econ_handler.py","27","        db = state_manager.load_db()"
"C:\Users\USER\slh-bot-clean\SLH_ADAPTER_BACKUP_20260804_182035\econ_handler.py","52","        state_manager.save_db(db)"
"C:\Users\USER\slh-bot-clean\SLH_ADAPTER_BACKUP_20260804_182035\econ_handler.py","63","        db = state_manager.load_db()"
"C:\Users\USER\slh-bot-clean\SLH_ADAPTER_BACKUP_20260804_182035\econ_handler.py","88","        state_manager.save_db(db)"
"C:\Users\USER\slh-bot-clean\SLH_ADAPTER_BACKUP_20260804_182035\econ_handler.py","102","        db = state_manager.load_db()"
"C:\Users\USER\slh-bot-clean\SLH_ADAPTER_BACKUP_20260804_182035\econ_handler.py","104","        state_manager.save_db(db)"
"C:\Users\USER\slh-bot-clean\SLH_ADAPTER_BACKUP_20260804_182035\leaderboard_handler.py","3","def show_leaderboard(db_path=""state/db.json""):"
"C:\Users\USER\slh-bot-clean\SLH_ADAPTER_BACKUP_20260804_182035\payment_handler.py","1","import state_manager"
"C:\Users\USER\slh-bot-clean\SLH_ADAPTER_BACKUP_20260804_182035\payment_handler.py","18","        db = state_manager.load_db()"
"C:\Users\USER\slh-bot-clean\SLH_ADAPTER_BACKUP_20260804_182035\payment_handler.py","89","        db = state_manager.load_db()"
"C:\Users\USER\slh-bot-clean\SLH_ADAPTER_BACKUP_20260804_182035\payment_handler.py","129","            state_manager.save_db(db)"
"C:\Users\USER\slh-bot-clean\SLH_ADAPTER_BACKUP_20260804_182035\payment_handler.py","150","        db = state_manager.load_db()"
"C:\Users\USER\slh-bot-clean\SLH_ADAPTER_BACKUP_20260804_182035\payment_handler.py","163","        db = state_manager.load_db()"
"C:\Users\USER\slh-bot-clean\SLH_ADAPTER_BACKUP_20260804_182035\payment_handler.py","184","        db = state_manager.load_db()"
"C:\Users\USER\slh-bot-clean\SLH_ADAPTER_BACKUP_20260804_182035\payment_handler.py","187","        state_manager.save_db(db)"
"C:\Users\USER\slh-bot-clean\SLH_DASHBOARD_RECOVERY_BACKUP_20260811_180605\bot_gateway.py","53","            data = json.load(f)"
"C:\Users\USER\slh-bot-clean\SLH_DASHBOARD_RECOVERY_BACKUP_20260811_180605\bot_gateway.py","69","        with open(""state/db.json"", encoding=""utf-8"") as f:"
"C:\Users\USER\slh-bot-clean\SLH_DASHBOARD_RECOVERY_BACKUP_20260811_180605\bot_gateway.py","70","            db = json.load(f)"
"C:\Users\USER\slh-bot-clean\SLH_DASHBOARD_RECOVERY_BACKUP_20260811_180605\bot_gateway.py","109","        return json.load(open(STATE_DIR / ""bots.json"", encoding=""utf-8""))"
"C:\Users\USER\slh-bot-clean\SLH_DASHBOARD_RECOVERY_BACKUP_20260811_180605\webapp.py","6","DB_PATH = BASE_DIR / ""state"" / ""db.json"""
"C:\Users\USER\slh-bot-clean\SLH_DASHBOARD_RECOVERY_BACKUP_20260811_180605\webapp.py","14","        return json.load(f)"
"C:\Users\USER\slh-bot-clean\SLH_FIX_BACKUP_20260804_181820\leaderboard.py","9","    return json.load(open(DB))"
"C:\Users\USER\slh-bot-clean\SLH_FIX_BACKUP_20260804_181820\leaderboard_handler.py","3","def show_leaderboard(db_path=""state/db.json""):"
"C:\Users\USER\slh-bot-clean\state\custom_handlers\ai_event_handler.py","6","    with open(""state/db.json"", encoding=""utf-8"") as f:"
"C:\Users\USER\slh-bot-clean\state\custom_handlers\ai_event_handler.py","7","        db = json.load(f)"
"C:\Users\USER\slh-bot-clean\state\custom_handlers\ai_event_handler.py","24","    with open(""state/db.json"", ""w"") as f:"
"C:\Users\USER\slh-bot-clean\state\custom_handlers\ai_event_handler.py","25","        json.dump(db, f, indent=2, ensure_ascii=False)"
"C:\Users\USER\slh-bot-clean\state\custom_handlers\audit_handler.py","2","import state_manager"
"C:\Users\USER\slh-bot-clean\state\custom_handlers\audit_handler.py","13","        agents = state_manager.get_agents()"
"C:\Users\USER\slh-bot-clean\state\custom_handlers\audit_handler.py","26","        agents = state_manager.get_agents()"
"C:\Users\USER\slh-bot-clean\state\custom_handlers\audit_handler.py","42","        agents = state_manager.get_agents()"
"C:\Users\USER\slh-bot-clean\state\custom_handlers\audit_handler.py","49","        state_manager.set_agents(agents)"
"C:\Users\USER\slh-bot-clean\state\custom_handlers\audit_handler.py","60","        agents = state_manager.get_agents()"
"C:\Users\USER\slh-bot-clean\state\custom_handlers\audit_handler.py","69","        state_manager.set_agents(agents)"
"C:\Users\USER\slh-bot-clean\state\custom_handlers\developer.py","10","        users = json.load(f)"
"C:\Users\USER\slh-bot-clean\state\custom_handlers\developer.py","23","        return json.load(f)"
"C:\Users\USER\slh-bot-clean\state\custom_handlers\developer.py","27","        json.dump(devs, f, indent=2)"
"C:\Users\USER\slh-bot-clean\state\custom_handlers\dynamic_leaderboard.py","3","DB_PATH = ""state/db.json"""
"C:\Users\USER\slh-bot-clean\state\custom_handlers\dynamic_leaderboard.py","8","        db = json.load(open(DB_PATH))"
"C:\Users\USER\slh-bot-clean\state\custom_handlers\ping_fullcheck_handler.py","2","import state_manager"
"C:\Users\USER\slh-bot-clean\state\custom_handlers\ping_fullcheck_handler.py","21","        agents = state_manager.get_agents()"
"C:\Users\USER\slh-bot-clean\state\custom_handlers\task_listener.py","2","import state_manager"
"C:\Users\USER\slh-bot-clean\state\custom_handlers\task_listener.py","10","        agents = state_manager.get_agents()"
"C:\Users\USER\slh-bot-clean\state\custom_handlers\task_listener.py","16","            state_manager.set_agents(agents)"
"C:\Users\USER\slh-bot-clean\state\custom_handlers_disabled\staking_basic.py","3","DB_PATH = ""state/db.json"""
"C:\Users\USER\slh-bot-clean\state\custom_handlers_disabled\staking_basic.py","7","        return json.load(f)"
"C:\Users\USER\slh-bot-clean\state\custom_handlers_disabled\staking_basic.py","11","        json.dump(db, f, indent=2, ensure_ascii=False)"
"C:\Users\USER\slh-bot-clean\state\custom_handlers_disabled\token_handler.py","3","DB_PATH = ""state/db.json"""
"C:\Users\USER\slh-bot-clean\state\custom_handlers_disabled\token_handler.py","29","            db = json.load(f)"
"C:\Users\USER\slh-bot-clean\state\snapshots\agent_state_autopilot\20260806T112712Z\manifest.json","133","      ""path"": ""state/db.json"","
"C:\Users\USER\slh-bot-clean\state\snapshots\agent_state_autopilot\20260807T121445Z\manifest.json","133","      ""path"": ""state/db.json"","
"C:\Users\USER\slh-bot-clean\state\snapshots\agent_state_autopilot\20260807T131128Z\manifest.json","133","      ""path"": ""state/db.json"","
"C:\Users\USER\slh-bot-clean\state\snapshots\agent_state_autopilot\20260807T131157Z\manifest.json","133","      ""path"": ""state/db.json"","
"C:\Users\USER\slh-bot-clean\state\snapshots\agent_state_autopilot\20260807T132638Z\manifest.json","133","      ""path"": ""state/db.json"","
"C:\Users\USER\slh-bot-clean\state\takeover\active_loader_audit.json","55","      ""file"": ""state_manager.py"","
"C:\Users\USER\slh-bot-clean\state\takeover\full_static_handler_audit.json","167","          ""module"": ""state_manager"","
"C:\Users\USER\slh-bot-clean\state\takeover\full_static_handler_audit.json","2804","          ""module"": ""state_manager"","
"C:\Users\USER\slh-bot-clean\state\takeover\full_static_handler_audit.json","3380","          ""module"": ""state_manager"","
"C:\Users\USER\slh-bot-clean\state\takeover\full_static_handler_audit.json","3598","          ""module"": ""state_manager"","
"C:\Users\USER\slh-bot-clean\state\takeover\full_static_handler_audit.json","3722","          ""module"": ""state_manager"","
"C:\Users\USER\slh-bot-clean\state\takeover\manifest.json","133","      ""path"": ""state/db.json"","
"C:\Users\USER\slh-bot-clean\state\takeover\runtime_loading_path_audit.json","160","          ""module"": ""state_manager"","
"C:\Users\USER\slh-bot-clean\state\takeover\runtime_loading_path_audit.json","1117","          ""module"": ""state_manager"","
"C:\Users\USER\slh-bot-clean\state\takeover\runtime_loading_path_audit.json","1408","          ""module"": ""state_manager"","
"C:\Users\USER\slh-bot-clean\state\takeover\runtime_loading_path_audit.json","2394","          ""module"": ""state_manager"","
"C:\Users\USER\slh-bot-clean\state\takeover\runtime_loading_path_audit.json","3003","          ""module"": ""state_manager"","
"C:\Users\USER\slh-bot-clean\state\takeover\runtime_loading_path_audit.json","3165","          ""module"": ""state_manager"","
"C:\Users\USER\slh-bot-clean\state\takeover\runtime_loading_path_audit.json","3262","          ""module"": ""state_manager"","
"C:\Users\USER\slh-bot-clean\state\takeover\runtime_state_access_classification.json","65","      ""path"": ""state_manager.py"","
"C:\Users\USER\slh-bot-clean\state\takeover\runtime_state_dependency_map.json","15","          ""code"": ""f.write(json.dumps(entry) + \""\\n\"")"""
"C:\Users\USER\slh-bot-clean\state\takeover\runtime_state_dependency_map.json","20","          ""code"": ""return [json.loads(line) for line in lines[-n:]]"""
"C:\Users\USER\slh-bot-clean\state\takeover\runtime_state_dependency_map.json","32","          ""code"": ""cfg = json.load(f)"""
"C:\Users\USER\slh-bot-clean\state\takeover\runtime_state_dependency_map.json","37","          ""code"": ""cfg = json.load(f)"""
"C:\Users\USER\slh-bot-clean\state\takeover\runtime_state_dependency_map.json","42","          ""code"": ""DB_FILE = cfg.get(\""DB_FILE\"", \""state/db.json\"")"""
"C:\Users\USER\slh-bot-clean\state\takeover\runtime_state_dependency_map.json","47","          ""code"": ""db = json.load(f)"""
"C:\Users\USER\slh-bot-clean\state\takeover\runtime_state_dependency_map.json","52","          ""code"": ""json.dump(db, f, indent=2)"""
"C:\Users\USER\slh-bot-clean\state\takeover\runtime_state_dependency_map.json","57","          ""code"": ""users=json.load(open(\""state/db.json\"")).get(\""users\"", {})"""
"C:\Users\USER\slh-bot-clean\state\takeover\runtime_state_dependency_map.json","62","          ""code"": ""allowed=json.load(open(\""allowed_ids.json\""))"""
"C:\Users\USER\slh-bot-clean\state\takeover\runtime_state_dependency_map.json","67","          ""code"": ""with open(\""state/db.json\"") as f:"""
"C:\Users\USER\slh-bot-clean\state\takeover\runtime_state_dependency_map.json","72","          ""code"": ""db = json.load(f)"""
"C:\Users\USER\slh-bot-clean\state\takeover\runtime_state_dependency_map.json","77","          ""code"": ""bot.reply_to(m, json.dumps(db[\""votes\""], indent=2))"""
"C:\Users\USER\slh-bot-clean\state\takeover\runtime_state_dependency_map.json","82","          ""code"": ""goals = json.load(open(path)) if os.path.exists(path) else []"""
"C:\Users\USER\slh-bot-clean\state\takeover\runtime_state_dependency_map.json","87","          ""code"": ""json.dump(goals, open(path, \""w\""))"""
"C:\Users\USER\slh-bot-clean\state\takeover\runtime_state_dependency_map.json","92","          ""code"": ""goals = json.load(open(path)) if os.path.exists(path) else []"""
"C:\Users\USER\slh-bot-clean\state\takeover\runtime_state_dependency_map.json","97","          ""code"": ""with open(\""state/db.json\"") as f:"""
"C:\Users\USER\slh-bot-clean\state\takeover\runtime_state_dependency_map.json","102","          ""code"": ""db = json.load(f)"""
"C:\Users\USER\slh-bot-clean\state\takeover\runtime_state_dependency_map.json","107","          ""code"": ""data = json.loads(resp.read())"""
"C:\Users\USER\slh-bot-clean\state\takeover\runtime_state_dependency_map.json","112","          ""code"": ""DB: state/db.json\""\""\"""""
"C:\Users\USER\slh-bot-clean\state\takeover\runtime_state_dependency_map.json","124","          ""code"": ""return json.load(f)"""
"C:\Users\USER\slh-bot-clean\state\takeover\runtime_state_dependency_map.json","136","          ""code"": ""It does NOT dynamically import arbitrary names from state/db.json."""
"C:\Users\USER\slh-bot-clean\state\takeover\runtime_state_dependency_map.json","141","          ""code"": ""with open(\""state/db.json\"", encoding=\""utf-8\"") as f:"""
"C:\Users\USER\slh-bot-clean\state\takeover\runtime_state_dependency_map.json","146","          ""code"": ""db = json.load(f)"""
"C:\Users\USER\slh-bot-clean\state\takeover\runtime_state_dependency_map.json","185","          ""code"": ""DB_PATH = ROOT / \""state\"" / \""db.json\"""""
"C:\Users\USER\slh-bot-clean\state\takeover\runtime_state_dependency_map.json","215","          ""code"": ""data = json.load(f)"""
"C:\Users\USER\slh-bot-clean\state\takeover\runtime_state_dependency_map.json","220","          ""code"": ""json.dump("""
"C:\Users\USER\slh-bot-clean\state\takeover\runtime_state_dependency_map.json","245","          ""code"": ""loaded = json.load(f)"""
"C:\Users\USER\slh-bot-clean\state\takeover\runtime_state_dependency_map.json","260","          ""code"": ""json.dumps("""
"C:\Users\USER\slh-bot-clean\state\takeover\runtime_state_dependency_map.json","272","          ""code"": ""return json.loads("""
"C:\Users\USER\slh-bot-clean\state\takeover\runtime_state_dependency_map.json","282","          ""code"": ""json.dumps("""
"C:\Users\USER\slh-bot-clean\state\takeover\runtime_state_dependency_map.json","294","          ""code"": ""json.dumps("""
"C:\Users\USER\slh-bot-clean\state\takeover\runtime_state_dependency_map.json","299","          ""code"": ""events.append(json.loads(line))"""
"C:\Users\USER\slh-bot-clean\state\takeover\runtime_state_dependency_map.json","311","          ""code"": ""return json.load(f)"""
"C:\Users\USER\slh-bot-clean\state\takeover\runtime_state_dependency_map.json","323","          ""code"": ""data = json.load(f)"""
"C:\Users\USER\slh-bot-clean\state\takeover\runtime_state_dependency_map.json","328","          ""code"": ""data = json.load(f)"""
"C:\Users\USER\slh-bot-clean\state\takeover\runtime_state_dependency_map.json","333","          ""code"": ""ctx[\""users\""] = _count_from_file(\""state/db.json\"", \""users\"")"""
"C:\Users\USER\slh-bot-clean\state\takeover\runtime_state_dependency_map.json","338","          ""code"": ""ctx[\""tasks\""] = _count_from_file(\""state/db.json\"", \""tasks\"")"""
"C:\Users\USER\slh-bot-clean\state\takeover\runtime_state_dependency_map.json","343","          ""code"": ""ctx[\""agents\""] = _count_from_file(\""state/db.json\"", \""agents\"")"""
"C:\Users\USER\slh-bot-clean\state\takeover\runtime_state_dependency_map.json","355","          ""code"": ""(event, json.dumps(payload), time.time())"""
"C:\Users\USER\slh-bot-clean\state\takeover\runtime_state_dependency_map.json","367","          ""code"": ""return json.loads("""
"C:\Users\USER\slh-bot-clean\state\takeover\runtime_state_dependency_map.json","372","          ""code"": ""json.dumps("""
"C:\Users\USER\slh-bot-clean\state\takeover\runtime_state_dependency_map.json","377","          ""code"": ""json.dumps("""
"C:\Users\USER\slh-bot-clean\state\takeover\runtime_state_dependency_map.json","382","          ""code"": ""canonical = json.dumps("""
"C:\Users\USER\slh-bot-clean\state\takeover\runtime_state_dependency_map.json","387","          ""code"": ""json.dumps("""
"C:\Users\USER\slh-bot-clean\state\takeover\runtime_state_dependency_map.json","392","          ""code"": ""json.dumps("""
"C:\Users\USER\slh-bot-clean\state\takeover\runtime_state_dependency_map.json","397","          ""code"": ""result = json.loads("""
"C:\Users\USER\slh-bot-clean\state\takeover\runtime_state_dependency_map.json","402","          ""code"": ""canonical = json.dumps("""
"C:\Users\USER\slh-bot-clean\state\takeover\runtime_state_dependency_map.json","407","          ""code"": ""canonical = json.dumps("""
"C:\Users\USER\slh-bot-clean\state\takeover\runtime_state_dependency_map.json","412","          ""code"": ""json.dumps("""
"C:\Users\USER\slh-bot-clean\state\takeover\runtime_state_dependency_map.json","417","          ""code"": ""json.dumps("""
"C:\Users\USER\slh-bot-clean\state\takeover\runtime_state_dependency_map.json","422","          ""code"": ""result = json.loads("""
"C:\Users\USER\slh-bot-clean\state\takeover\runtime_state_dependency_map.json","427","          ""code"": ""canonical = json.dumps("""
"C:\Users\USER\slh-bot-clean\state\takeover\runtime_state_dependency_map.json","439","          ""code"": ""DB_PATH = \""state/db.json\"""""
"C:\Users\USER\slh-bot-clean\state\takeover\runtime_state_dependency_map.json","454","          ""code"": ""return json.load(f)"""
"C:\Users\USER\slh-bot-clean\state\takeover\runtime_state_dependency_map.json","464","          ""code"": ""json.dump("""
"C:\Users\USER\slh-bot-clean\state\takeover\runtime_state_dependency_map.json","476","          ""code"": ""data = json.loads("""
"C:\Users\USER\slh-bot-clean\state\takeover\runtime_state_dependency_map.json","486","          ""code"": ""json.dumps("""
"C:\Users\USER\slh-bot-clean\state\takeover\runtime_state_dependency_map.json","498","          ""code"": ""data = json.loads("""
"C:\Users\USER\slh-bot-clean\state\takeover\runtime_state_dependency_map.json","508","          ""code"": ""json.dumps("""
"C:\Users\USER\slh-bot-clean\state\takeover\runtime_state_dependency_map.json","520","          ""code"": ""DB_PATH = ROOT / \""state\"" / \""db.json\"""""
"C:\Users\USER\slh-bot-clean\state\takeover\runtime_state_dependency_map.json","525","          ""code"": ""data = json.load(f)"""
"C:\Users\USER\slh-bot-clean\state\takeover\runtime_state_dependency_map.json","535","          ""code"": ""\""source\"": \""state/db.json\"","""
"C:\Users\USER\slh-bot-clean\state\takeover\runtime_state_dependency_map.json","545","          ""code"": ""\""source\"": \""state/db.json\"","""
"C:\Users\USER\slh-bot-clean\state\takeover\runtime_state_dependency_map.json","550","          ""code"": ""\""source\"": \""state/db.json\"","""
"C:\Users\USER\slh-bot-clean\state\takeover\runtime_state_dependency_map.json","555","          ""code"": ""\""source\"": \""state/db.json\"","""
"C:\Users\USER\slh-bot-clean\state\takeover\runtime_state_dependency_map.json","565","          ""code"": ""\""source\"": \""state/db.json\"","""
"C:\Users\USER\slh-bot-clean\state\takeover\runtime_state_dependency_map.json","570","          ""code"": ""\""source\"": \""state/db.json\"","""
"C:\Users\USER\slh-bot-clean\state\takeover\runtime_state_dependency_map.json","575","          ""code"": ""\""source\"": \""state/db.json\"","""
"C:\Users\USER\slh-bot-clean\state\takeover\runtime_state_dependency_map.json","580","          ""code"": ""\""state/db.json\"""""
"C:\Users\USER\slh-bot-clean\state\takeover\runtime_state_dependency_map.json","585","          ""code"": ""json.dumps("""
"C:\Users\USER\slh-bot-clean\state\takeover\runtime_state_dependency_map.json","597","          ""code"": ""with open(\""state/db.json\"",\""r\"") as f:"""
"C:\Users\USER\slh-bot-clean\state\takeover\runtime_state_dependency_map.json","602","          ""code"": ""db = json.load(f)"""
"C:\Users\USER\slh-bot-clean\state\takeover\runtime_state_dependency_map.json","607","          ""code"": ""with open(\""state/db.json\"",\""w\"") as f:"""
"C:\Users\USER\slh-bot-clean\state\takeover\runtime_state_dependency_map.json","612","          ""code"": ""json.dump(db, f, indent=2)"""
"C:\Users\USER\slh-bot-clean\state\takeover\runtime_state_dependency_map.json","617","          ""code"": ""with open(\""state/db.json\"",\""r\"") as f:"""
"C:\Users\USER\slh-bot-clean\state\takeover\runtime_state_dependency_map.json","622","          ""code"": ""db = json.load(f)"""
"C:\Users\USER\slh-bot-clean\state\takeover\runtime_state_dependency_map.json","634","          ""code"": ""with open(\""state/db.json\"", encoding=\""utf-8\"") as f:"""
"C:\Users\USER\slh-bot-clean\state\takeover\runtime_state_dependency_map.json","639","          ""code"": ""db = json.load(f)"""
"C:\Users\USER\slh-bot-clean\state\takeover\runtime_state_dependency_map.json","644","          ""code"": ""with open(\""state/db.json\"", encoding=\""utf-8\"") as f:"""
"C:\Users\USER\slh-bot-clean\state\takeover\runtime_state_dependency_map.json","649","          ""code"": ""db = json.load(f)"""
"C:\Users\USER\slh-bot-clean\state\takeover\runtime_state_dependency_map.json","661","          ""code"": ""return json.load(f)"""
"C:\Users\USER\slh-bot-clean\state\takeover\runtime_state_dependency_map.json","666","          ""code"": ""json.dump(data, f, indent=2)"""
"C:\Users\USER\slh-bot-clean\state\takeover\runtime_state_dependency_map.json","678","          ""code"": ""return json.load(f)"""
"C:\Users\USER\slh-bot-clean\state\takeover\runtime_state_dependency_map.json","683","          ""code"": ""json.dump(_load_config(), f, indent=2, ensure_ascii=False)"""
"C:\Users\USER\slh-bot-clean\state\takeover\runtime_state_dependency_map.json","688","          ""code"": ""json.dump(cfg, f, indent=2, ensure_ascii=False)"""
"C:\Users\USER\slh-bot-clean\state\takeover\runtime_state_dependency_map.json","693","      ""module"": ""state_manager"","
"C:\Users\USER\slh-bot-clean\state\takeover\runtime_state_dependency_map.json","694","      ""path"": ""state_manager.py"","
"C:\Users\USER\slh-bot-clean\state\takeover\runtime_state_dependency_map.json","700","          ""code"": ""cfg = json.load(f)"""
"C:\Users\USER\slh-bot-clean\state\takeover\runtime_state_dependency_map.json","705","          ""code"": ""DB_FILE = cfg.get(\""DB_FILE\"", \""state/db.json\"")"""
"C:\Users\USER\slh-bot-clean\state\takeover\runtime_state_dependency_map.json","710","          ""code"": ""return json.load(f)"""
"C:\Users\USER\slh-bot-clean\state\takeover\runtime_state_dependency_map.json","715","          ""code"": ""json.dump(db, f, indent=2, ensure_ascii=False)"""
"C:\Users\USER\slh-bot-clean\state\takeover\runtime_state_dependency_map.json","720","          ""code"": ""AGENTS_FILE = \""state/db.json\"""""
"C:\Users\USER\slh-bot-clean\state\takeover\runtime_state_dependency_map.json","777","    ""state_manager"","
"C:\Users\USER\slh-bot-clean\state\takeover\state_migration_queue.json","13","          ""code"": ""cfg = json.load(f)"""
"C:\Users\USER\slh-bot-clean\state\takeover\state_migration_queue.json","18","          ""code"": ""cfg = json.load(f)"""
"C:\Users\USER\slh-bot-clean\state\takeover\state_migration_queue.json","23","          ""code"": ""db = json.load(f)"""
"C:\Users\USER\slh-bot-clean\state\takeover\state_migration_queue.json","33","          ""code"": ""json.dump(db, f, indent=2)"""
"C:\Users\USER\slh-bot-clean\state\takeover\state_migration_queue.json","38","          ""code"": ""users=json.load(open(\""state/db.json\"")).get(\""users\"", {})"""
"C:\Users\USER\slh-bot-clean\state\takeover\state_migration_queue.json","43","          ""code"": ""allowed=json.load(open(\""allowed_ids.json\""))"""
"C:\Users\USER\slh-bot-clean\state\takeover\state_migration_queue.json","48","          ""code"": ""with open(\""state/db.json\"") as f:"""
"C:\Users\USER\slh-bot-clean\state\takeover\state_migration_queue.json","53","          ""code"": ""db = json.load(f)"""
"C:\Users\USER\slh-bot-clean\state\takeover\state_migration_queue.json","58","          ""code"": ""bot.reply_to(m, json.dumps(db[\""votes\""], indent=2))"""
"C:\Users\USER\slh-bot-clean\state\takeover\state_migration_queue.json","63","          ""code"": ""goals = json.load(open(path)) if os.path.exists(path) else []"""
"C:\Users\USER\slh-bot-clean\state\takeover\state_migration_queue.json","68","          ""code"": ""json.dump(goals, open(path, \""w\""))"""
"C:\Users\USER\slh-bot-clean\state\takeover\state_migration_queue.json","73","          ""code"": ""goals = json.load(open(path)) if os.path.exists(path) else []"""
"C:\Users\USER\slh-bot-clean\state\takeover\state_migration_queue.json","78","          ""code"": ""with open(\""state/db.json\"") as f:"""
"C:\Users\USER\slh-bot-clean\state\takeover\state_migration_queue.json","83","          ""code"": ""db = json.load(f)"""
"C:\Users\USER\slh-bot-clean\state\takeover\state_migration_queue.json","88","          ""code"": ""data = json.loads(resp.read())"""
"C:\Users\USER\slh-bot-clean\state\takeover\state_migration_queue.json","99","          ""code"": ""return json.load(open(STATE_FILE))"""
"C:\Users\USER\slh-bot-clean\state\takeover\state_migration_queue.json","104","          ""code"": ""json.dump(s, open(STATE_FILE, \""w\""), indent=2)"""
"C:\Users\USER\slh-bot-clean\state\takeover\state_migration_queue.json","109","      ""path"": ""state_manager.py"","
"C:\Users\USER\slh-bot-clean\state\takeover\state_migration_queue.json","115","          ""code"": ""cfg = json.load(f)"""
"C:\Users\USER\slh-bot-clean\state\takeover\state_migration_queue.json","120","          ""code"": ""return json.load(f)"""
"C:\Users\USER\slh-bot-clean\state\takeover\state_migration_queue.json","130","          ""code"": ""json.dump(db, f, indent=2, ensure_ascii=False)"""
"C:\Users\USER\slh-bot-clean\state\takeover\state_migration_queue.json","141","          ""code"": ""DB_PATH = ROOT / \""state\"" / \""db.json\"""""
"C:\Users\USER\slh-bot-clean\state\takeover\state_migration_queue.json","146","          ""code"": ""return json.loads("""
"C:\Users\USER\slh-bot-clean\state\takeover\state_migration_queue.json","157","          ""code"": ""return json.load(f)"""
"C:\Users\USER\slh-bot-clean\state\takeover\state_migration_queue.json","167","          ""code"": ""json.dump(data, f, indent=2)"""
"C:\Users\USER\slh-bot-clean\state\takeover\state_migration_queue.json","177","          ""code"": ""json.dump(subs, f, indent=2)"""
"C:\Users\USER\slh-bot-clean\state\takeover\state_migration_queue.json","188","          ""code"": ""return json.load(f)"""
"C:\Users\USER\slh-bot-clean\state\takeover\state_migration_queue.json","198","          ""code"": ""json.dump(data, f, indent=2)"""
"C:\Users\USER\slh-bot-clean\state\takeover\state_migration_queue.json","209","          ""code"": ""with open(\""state/db.json\"") as f:"""
"C:\Users\USER\slh-bot-clean\state\takeover\state_migration_queue.json","214","          ""code"": ""db = json.load(f)"""
"C:\Users\USER\slh-bot-clean\state\takeover\state_migration_queue.json","219","          ""code"": ""print(json.dumps(self.results, indent=2))"""
"C:\Users\USER\slh-bot-clean\state\takeover\state_migration_queue.json","230","          ""code"": ""with open(\""state/db.json\"") as f:"""
"C:\Users\USER\slh-bot-clean\state\takeover\state_migration_queue.json","235","          ""code"": ""db = json.load(f)"""
"C:\Users\USER\slh-bot-clean\state\takeover\state_migration_queue.json","246","          ""code"": ""return json.load(f)"""
"C:\Users\USER\slh-bot-clean\state\takeover\state_migration_queue.json","283","          ""code"": ""DB_PATH = ROOT / \""state\"" / \""db.json\"""""
"C:\Users\USER\slh-bot-clean\state\takeover\state_migration_queue.json","313","          ""code"": ""data = json.load(f)"""
"C:\Users\USER\slh-bot-clean\state\takeover\state_migration_queue.json","318","          ""code"": ""json.dump("""
"C:\Users\USER\slh-bot-clean\state\takeover\state_migration_queue.json","343","          ""code"": ""loaded = json.load(f)"""
"C:\Users\USER\slh-bot-clean\state\takeover\state_migration_queue.json","358","          ""code"": ""json.dumps("""
"C:\Users\USER\slh-bot-clean\state\takeover\state_migration_queue.json","369","          ""code"": ""return json.loads("""
"C:\Users\USER\slh-bot-clean\state\takeover\state_migration_queue.json","379","          ""code"": ""json.dumps("""
"C:\Users\USER\slh-bot-clean\state\takeover\state_migration_queue.json","390","          ""code"": ""json.dumps("""
"C:\Users\USER\slh-bot-clean\state\takeover\state_migration_queue.json","395","          ""code"": ""events.append(json.loads(line))"""
"C:\Users\USER\slh-bot-clean\state\takeover\state_migration_queue.json","406","          ""code"": ""return json.load(f)"""
"C:\Users\USER\slh-bot-clean\state\takeover\state_migration_queue.json","417","          ""code"": ""data = json.load(f)"""
"C:\Users\USER\slh-bot-clean\state\takeover\state_migration_queue.json","422","          ""code"": ""data = json.load(f)"""
"C:\Users\USER\slh-bot-clean\state\takeover\state_migration_queue.json","433","          ""code"": ""(event, json.dumps(payload), time.time())"""
"C:\Users\USER\slh-bot-clean\state\takeover\state_migration_queue.json","444","          ""code"": ""return json.loads("""
"C:\Users\USER\slh-bot-clean\state\takeover\state_migration_queue.json","449","          ""code"": ""json.dumps("""
"C:\Users\USER\slh-bot-clean\state\takeover\state_migration_queue.json","454","          ""code"": ""json.dumps("""
"C:\Users\USER\slh-bot-clean\state\takeover\state_migration_queue.json","459","          ""code"": ""canonical = json.dumps("""
"C:\Users\USER\slh-bot-clean\state\takeover\state_migration_queue.json","464","          ""code"": ""json.dumps("""
"C:\Users\USER\slh-bot-clean\state\takeover\state_migration_queue.json","469","          ""code"": ""json.dumps("""
"C:\Users\USER\slh-bot-clean\state\takeover\state_migration_queue.json","474","          ""code"": ""result = json.loads("""
"C:\Users\USER\slh-bot-clean\state\takeover\state_migration_queue.json","479","          ""code"": ""canonical = json.dumps("""
"C:\Users\USER\slh-bot-clean\state\takeover\state_migration_queue.json","484","          ""code"": ""canonical = json.dumps("""
"C:\Users\USER\slh-bot-clean\state\takeover\state_migration_queue.json","489","          ""code"": ""json.dumps("""
"C:\Users\USER\slh-bot-clean\state\takeover\state_migration_queue.json","494","          ""code"": ""json.dumps("""
"C:\Users\USER\slh-bot-clean\state\takeover\state_migration_queue.json","499","          ""code"": ""result = json.loads("""
"C:\Users\USER\slh-bot-clean\state\takeover\state_migration_queue.json","504","          ""code"": ""canonical = json.dumps("""
"C:\Users\USER\slh-bot-clean\state\takeover\state_migration_queue.json","515","          ""code"": ""DB_PATH = \""state/db.json\"""""
"C:\Users\USER\slh-bot-clean\state\takeover\state_migration_queue.json","530","          ""code"": ""return json.load(f)"""
"C:\Users\USER\slh-bot-clean\state\takeover\state_migration_queue.json","545","          ""code"": ""json.dump("""
"C:\Users\USER\slh-bot-clean\state\takeover\state_migration_queue.json","556","          ""code"": ""with open(\""state/db.json\"", encoding=\""utf-8\"") as f:"""
"C:\Users\USER\slh-bot-clean\state\takeover\state_migration_queue.json","561","          ""code"": ""db = json.load(f)"""
"C:\Users\USER\slh-bot-clean\state\takeover\state_migration_queue.json","566","          ""code"": ""with open(\""state/db.json\"", encoding=\""utf-8\"") as f:"""
"C:\Users\USER\slh-bot-clean\state\takeover\state_migration_queue.json","571","          ""code"": ""db = json.load(f)"""
"C:\Users\USER\slh-bot-clean\state\takeover\state_migration_queue.json","582","          ""code"": ""bot.reply_to(message, '<pre>' + json.dumps(result, indent=2, ensure_ascii=False) + '</pre>', parse_mode='HTML')"""
"C:\Users\USER\slh-bot-clean\state\takeover\state_migration_queue.json","593","          ""code"": ""with open('state/db.json', encoding='utf-8') as f:"""
"C:\Users\USER\slh-bot-clean\state\takeover\state_migration_queue.json","598","          ""code"": ""d = json.load(f)"""
"C:\Users\USER\slh-bot-clean\state\takeover\state_migration_queue.json","609","          ""code"": ""return json.load(f)"""
"C:\Users\USER\slh-bot-clean\state\takeover\state_migration_queue.json","619","          ""code"": ""json.dump(data, f, indent=2, ensure_ascii=False)"""
"C:\Users\USER\slh-bot-clean\state\takeover\state_migration_queue.json","630","          ""code"": ""data = json.load(f)"""
"C:\Users\USER\slh-bot-clean\state\takeover\state_migration_queue.json","640","          ""code"": ""json.dump(data, f, indent=2, ensure_ascii=False)"""
"C:\Users\USER\slh-bot-clean\state\takeover\state_migration_queue.json","651","          ""code"": ""with open(\""state/db.json\"", \""r\"") as f:"""
"C:\Users\USER\slh-bot-clean\state\takeover\state_migration_queue.json","656","          ""code"": ""db = json.load(f)"""
"C:\Users\USER\slh-bot-clean\state\takeover\state_migration_queue.json","661","          ""code"": ""with open(\""state/db.json\"", \""w\"") as f:"""
"C:\Users\USER\slh-bot-clean\state\takeover\state_migration_queue.json","666","          ""code"": ""with open(\""state/db.json\"", \""w\"") as f:"""
"C:\Users\USER\slh-bot-clean\state\takeover\state_migration_queue.json","671","          ""code"": ""json.dump(db, f, indent=2, ensure_ascii=False)"""
"C:\Users\USER\slh-bot-clean\state\takeover\state_migration_queue.json","682","          ""code"": ""with open(\""state/db.json\"") as f:"""
"C:\Users\USER\slh-bot-clean\state\takeover\state_migration_queue.json","687","          ""code"": ""db = json.load(f)"""
"C:\Users\USER\slh-bot-clean\state\takeover\state_migration_queue.json","692","          ""code"": ""journal = json.load(f)"""
"C:\Users\USER\slh-bot-clean\state\takeover\state_migration_queue.json","697","          ""code"": ""journal = json.load(f)"""
"C:\Users\USER\slh-bot-clean\state\takeover\state_migration_queue.json","702","          ""code"": ""journal = json.load(f)"""
"C:\Users\USER\slh-bot-clean\state\takeover\state_migration_queue.json","712","          ""code"": ""json.dump(journal, f, indent=2, ensure_ascii=False)"""
"C:\Users\USER\slh-bot-clean\state\takeover\state_migration_queue.json","717","          ""code"": ""with open(\""state/db.json\"", encoding=\""utf-8\"") as f:"""
"C:\Users\USER\slh-bot-clean\state\takeover\state_migration_queue.json","722","          ""code"": ""d = json.load(f)"""
"C:\Users\USER\slh-bot-clean\state\takeover\state_migration_queue.json","733","          ""code"": ""with open('state/devices.json') as f: devices = json.load(f)"""
"C:\Users\USER\slh-bot-clean\state\takeover\state_migration_queue.json","744","          ""code"": ""with open('state/db.json') as f:"""
"C:\Users\USER\slh-bot-clean\state\takeover\state_migration_queue.json","749","          ""code"": ""users = json.load(f).get('users', {})"""
"C:\Users\USER\slh-bot-clean\state\takeover\state_migration_queue.json","760","          ""code"": ""return json.load(f)"""
"C:\Users\USER\slh-bot-clean\state\takeover\state_migration_queue.json","771","          ""code"": ""return json.load(f)"""
"C:\Users\USER\slh-bot-clean\state\takeover\state_migration_queue.json","781","          ""code"": ""json.dump(data, f, indent=2, ensure_ascii=False)"""
"C:\Users\USER\slh-bot-clean\state\takeover\state_migration_queue.json","792","          ""code"": ""with open('state/db.json', 'r') as f:"""
"C:\Users\USER\slh-bot-clean\state\takeover\state_migration_queue.json","797","          ""code"": ""db = json.load(f)"""
"C:\Users\USER\slh-bot-clean\state\takeover\state_migration_queue.json","808","          ""code"": ""DB_PATH = os.path.join(os.path.dirname(__file__), '..', 'state', 'db.json')"""
"C:\Users\USER\slh-bot-clean\state\takeover\state_migration_queue.json","818","          ""code"": ""return json.load(f)"""
"C:\Users\USER\slh-bot-clean\state\takeover\state_migration_queue.json","829","          ""code"": ""data = json.load(f)"""
"C:\Users\USER\slh-bot-clean\state\takeover\state_migration_queue.json","839","          ""code"": ""json.dump(board, f, indent=2, ensure_ascii=False)"""
"C:\Users\USER\slh-bot-clean\state\takeover\state_migration_queue.json","850","          ""code"": ""return json.load(f)"""
"C:\Users\USER\slh-bot-clean\state\takeover\state_migration_queue.json","872","          ""code"": ""users=json.load(open(\""state/users.json\""))"""
"C:\Users\USER\slh-bot-clean\state\takeover\state_migration_queue.json","877","          ""code"": ""allowed=json.load(open(\""allowed_ids.json\""))"""
"C:\Users\USER\slh-bot-clean\state\takeover\state_migration_queue.json","893","          ""code"": ""DB_PATH = \""state/db.json\"""""
"C:\Users\USER\slh-bot-clean\state\takeover\state_migration_queue.json","898","          ""code"": ""db = json.load(f)"""
"C:\Users\USER\slh-bot-clean\state\takeover\state_migration_queue.json","908","          ""code"": ""return json.load(f)"""
"C:\Users\USER\slh-bot-clean\state\takeover\state_migration_queue.json","923","          ""code"": ""json.dump(db, f, indent=2, ensure_ascii=False)"""
"C:\Users\USER\slh-bot-clean\state\takeover\state_migration_queue.json","934","          ""code"": ""with open(CONFIG_PATH, 'r') as f: config = json.load(f)"""
"C:\Users\USER\slh-bot-clean\state\takeover\state_migration_queue.json","939","          ""code"": ""with open(CONFIG_PATH, 'r') as f: config = json.load(f)"""
"C:\Users\USER\slh-bot-clean\state\takeover\state_migration_queue.json","944","          ""code"": ""with open(CONFIG_PATH, 'r') as f: config = json.load(f)"""
"C:\Users\USER\slh-bot-clean\state\takeover\state_migration_queue.json","949","          ""code"": ""with open(CONFIG_PATH, 'r') as f: config = json.load(f)"""
"C:\Users\USER\slh-bot-clean\state\takeover\state_migration_queue.json","954","          ""code"": ""with open(CONFIG_PATH, 'w') as f: json.dump(config, f, indent=2)"""
"C:\Users\USER\slh-bot-clean\state\takeover\state_migration_queue.json","959","          ""code"": ""with open(CONFIG_PATH, 'r') as f: config = json.load(f)"""
"C:\Users\USER\slh-bot-clean\state\takeover\state_migration_queue.json","964","          ""code"": ""with open(CONFIG_PATH, 'w') as f: json.dump(config, f, indent=2)"""
"C:\Users\USER\slh-bot-clean\state\takeover\state_migration_queue.json","975","          ""code"": ""return json.loads("""
"C:\Users\USER\slh-bot-clean\state\takeover\state_migration_queue.json","986","          ""code"": ""return json.loads("""
"C:\Users\USER\slh-bot-clean\state\takeover\state_migration_queue.json","996","          ""code"": ""json.dumps("""
"C:\Users\USER\slh-bot-clean\state\takeover\state_migration_queue.json","1007","          ""code"": ""return json.loads("""
"C:\Users\USER\slh-bot-clean\state\takeover\state_migration_queue.json","1018","          ""code"": ""f.write(json.dumps(entry) + \""\\n\"")"""
"C:\Users\USER\slh-bot-clean\state\takeover\state_migration_queue.json","1023","          ""code"": ""return [json.loads(line) for line in lines[-n:]]"""
"C:\Users\USER\slh-bot-clean\state\takeover\state_migration_queue.json","1034","          ""code"": ""cfg = json.load(f)"""
"C:\Users\USER\slh-bot-clean\state\takeover\state_migration_queue.json","1039","          ""code"": ""cfg = json.load(f)"""
"C:\Users\USER\slh-bot-clean\state\takeover\state_migration_queue.json","1044","          ""code"": ""db = json.load(f)"""
"C:\Users\USER\slh-bot-clean\state\takeover\state_migration_queue.json","1054","          ""code"": ""json.dump(db, f, indent=2)"""
"C:\Users\USER\slh-bot-clean\state\takeover\state_migration_queue.json","1059","          ""code"": ""users=json.load(open(\""state/users.json\""))"""
"C:\Users\USER\slh-bot-clean\state\takeover\state_migration_queue.json","1064","          ""code"": ""allowed=json.load(open(\""allowed_ids.json\""))"""
"C:\Users\USER\slh-bot-clean\state\takeover\state_migration_queue.json","1069","          ""code"": ""with open(\""state/db.json\"") as f:"""
"C:\Users\USER\slh-bot-clean\state\takeover\state_migration_queue.json","1074","          ""code"": ""db = json.load(f)"""
"C:\Users\USER\slh-bot-clean\state\takeover\state_migration_queue.json","1079","          ""code"": ""bot.reply_to(m, json.dumps(db[\""votes\""], indent=2))"""
"C:\Users\USER\slh-bot-clean\state\takeover\state_migration_queue.json","1084","          ""code"": ""goals = json.load(open(path)) if os.path.exists(path) else []"""
"C:\Users\USER\slh-bot-clean\state\takeover\state_migration_queue.json","1089","          ""code"": ""json.dump(goals, open(path, \""w\""))"""
"C:\Users\USER\slh-bot-clean\state\takeover\state_migration_queue.json","1094","          ""code"": ""goals = json.load(open(path)) if os.path.exists(path) else []"""
"C:\Users\USER\slh-bot-clean\state\takeover\state_migration_queue.json","1099","          ""code"": ""with open(\""state/db.json\"") as f:"""
"C:\Users\USER\slh-bot-clean\state\takeover\state_migration_queue.json","1104","          ""code"": ""db = json.load(f)"""
"C:\Users\USER\slh-bot-clean\state\takeover\state_migration_queue.json","1109","          ""code"": ""data = json.loads(resp.read())"""
"C:\Users\USER\slh-bot-clean\state\takeover\state_migration_queue.json","1114","          ""code"": ""with open('state/db.json') as f:"""
"C:\Users\USER\slh-bot-clean\state\takeover\state_migration_queue.json","1119","          ""code"": ""db = json.load(f)"""
"C:\Users\USER\slh-bot-clean\state\takeover\state_migration_queue.json","1124","          ""code"": ""with open('state/db.json') as f:"""
"C:\Users\USER\slh-bot-clean\state\takeover\state_migration_queue.json","1129","          ""code"": ""db = json.load(f)"""
"C:\Users\USER\slh-bot-clean\state\takeover\state_migration_queue.json","1140","          ""code"": ""db = json.load(open('state/db.json'))"""
"C:\Users\USER\slh-bot-clean\state\takeover\state_migration_queue.json","1145","          ""code"": ""db = json.load(open('state/db.json'))"""
"C:\Users\USER\slh-bot-clean\state\takeover\state_migration_queue.json","1150","          ""code"": ""db = json.load(open('state/db.json'))"""
"C:\Users\USER\slh-bot-clean\state\takeover\state_migration_queue.json","1155","          ""code"": ""json.dump(db, open('state/db.json','w'), indent=2, ensure_ascii=False)"""
"C:\Users\USER\slh-bot-clean\state\takeover\state_migration_queue.json","1160","          ""code"": ""json.dump(db, open('state/db.json','w'), indent=2, ensure_ascii=False)"""
"C:\Users\USER\slh-bot-clean\state\takeover\state_migration_queue.json","1165","          ""code"": ""db = json.load(open(\""state/db.json\""))"""
"C:\Users\USER\slh-bot-clean\state\takeover\state_migration_queue.json","1170","          ""code"": ""db = json.load(open('state/db.json'))"""
"C:\Users\USER\slh-bot-clean\state\takeover\state_migration_queue.json","1181","          ""code"": ""db = json.load(open('state/db.json'))"""
"C:\Users\USER\slh-bot-clean\state\takeover\state_migration_queue.json","1186","          ""code"": ""db = json.load(open('state/db.json'))"""
"C:\Users\USER\slh-bot-clean\state\takeover\state_migration_queue.json","1191","          ""code"": ""db = json.load(open('state/db.json'))"""
"C:\Users\USER\slh-bot-clean\state\takeover\state_migration_queue.json","1196","          ""code"": ""json.dump(db, open('state/db.json','w'), indent=2, ensure_ascii=False)"""
"C:\Users\USER\slh-bot-clean\state\takeover\state_migration_queue.json","1201","          ""code"": ""json.dump(db, open('state/db.json','w'), indent=2, ensure_ascii=False)"""
"C:\Users\USER\slh-bot-clean\state\takeover\state_migration_queue.json","1206","          ""code"": ""db = json.load(open(\""state/db.json\""))"""
"C:\Users\USER\slh-bot-clean\state\takeover\state_migration_queue.json","1211","          ""code"": ""db = json.load(open('state/db.json'))"""
"C:\Users\USER\slh-bot-clean\state\takeover\state_migration_queue.json","1222","          ""code"": ""db = json.load(open('state/db.json'))"""
"C:\Users\USER\slh-bot-clean\state\takeover\state_migration_queue.json","1227","          ""code"": ""db = json.load(open('state/db.json'))"""
"C:\Users\USER\slh-bot-clean\state\takeover\state_migration_queue.json","1232","          ""code"": ""db = json.load(open('state/db.json'))"""
"C:\Users\USER\slh-bot-clean\state\takeover\state_migration_queue.json","1237","          ""code"": ""json.dump(db, open('state/db.json','w'), indent=2, ensure_ascii=False)"""
"C:\Users\USER\slh-bot-clean\state\takeover\state_migration_queue.json","1242","          ""code"": ""json.dump(db, open('state/db.json','w'), indent=2, ensure_ascii=False)"""
"C:\Users\USER\slh-bot-clean\state\takeover\state_migration_queue.json","1247","          ""code"": ""db = json.load(open(\""state/db.json\""))"""
"C:\Users\USER\slh-bot-clean\state\takeover\state_migration_queue.json","1258","          ""code"": ""db = json.load(open('state/db.json'))"""
"C:\Users\USER\slh-bot-clean\state\takeover\state_migration_queue.json","1263","          ""code"": ""db = json.load(open('state/db.json'))"""
"C:\Users\USER\slh-bot-clean\state\takeover\state_migration_queue.json","1268","          ""code"": ""db = json.load(open('state/db.json'))"""
"C:\Users\USER\slh-bot-clean\state\takeover\state_migration_queue.json","1273","          ""code"": ""json.dump(db, open('state/db.json','w'), indent=2, ensure_ascii=False)"""
"C:\Users\USER\slh-bot-clean\state\takeover\state_migration_queue.json","1278","          ""code"": ""json.dump(db, open('state/db.json','w'), indent=2, ensure_ascii=False)"""
"C:\Users\USER\slh-bot-clean\state\takeover\state_migration_queue.json","1283","          ""code"": ""db = json.load(open(\""state/db.json\""))"""
"C:\Users\USER\slh-bot-clean\state\takeover\state_migration_queue.json","1288","          ""code"": ""db = json.load(open('state/db.json'))"""
"C:\Users\USER\slh-bot-clean\state\takeover\state_migration_queue.json","1299","          ""code"": ""db = json.load(open('state/db.json'))"""
"C:\Users\USER\slh-bot-clean\state\takeover\state_migration_queue.json","1304","          ""code"": ""db = json.load(open('state/db.json'))"""
"C:\Users\USER\slh-bot-clean\state\takeover\state_migration_queue.json","1309","          ""code"": ""json.dump(db, open('state/db.json','w'), indent=2, ensure_ascii=False)"""
"C:\Users\USER\slh-bot-clean\state\takeover\state_migration_queue.json","1314","          ""code"": ""json.dump(db, open('state/db.json','w'), indent=2, ensure_ascii=False)"""
"C:\Users\USER\slh-bot-clean\state\takeover\state_migration_queue.json","1319","          ""code"": ""db = json.load(open(\""state/db.json\""))"""
"C:\Users\USER\slh-bot-clean\state\takeover\state_migration_queue.json","1330","          ""code"": ""db = json.load(open('state/db.json'))"""
"C:\Users\USER\slh-bot-clean\state\takeover\state_migration_queue.json","1335","          ""code"": ""db = json.load(open('state/db.json'))"""
"C:\Users\USER\slh-bot-clean\state\takeover\state_migration_queue.json","1340","          ""code"": ""json.dump(db, open('state/db.json','w'), indent=2, ensure_ascii=False)"""
"C:\Users\USER\slh-bot-clean\state\takeover\state_migration_queue.json","1345","          ""code"": ""json.dump(db, open('state/db.json','w'), indent=2, ensure_ascii=False)"""
"C:\Users\USER\slh-bot-clean\state\takeover\state_migration_queue.json","1350","          ""code"": ""db = json.load(open(\""state/db.json\""))"""
"C:\Users\USER\slh-bot-clean\state\takeover\state_migration_queue.json","1361","          ""code"": ""db = json.load(f)"""
"C:\Users\USER\slh-bot-clean\state\takeover\state_migration_queue.json","1371","          ""code"": ""json.dump(db, f, indent=2, ensure_ascii=False)"""
"C:\Users\USER\slh-bot-clean\state\takeover\state_migration_queue.json","1386","          ""code"": ""json.dump(agents, f, indent=2, ensure_ascii=False)"""
"C:\Users\USER\slh-bot-clean\state\takeover\state_migration_queue.json","1391","          ""code"": ""db = json.load(f)"""
"C:\Users\USER\slh-bot-clean\state\takeover\state_migration_queue.json","1396","          ""code"": ""db = json.load(f)"""
"C:\Users\USER\slh-bot-clean\state\takeover\state_migration_queue.json","1406","          ""code"": ""json.dump(db, f, indent=2, ensure_ascii=False)"""
"C:\Users\USER\slh-bot-clean\state\takeover\state_migration_queue.json","1421","          ""code"": ""json.dump(agents, f, indent=2, ensure_ascii=False)"""
"C:\Users\USER\slh-bot-clean\state\takeover\state_migration_queue.json","1426","          ""code"": ""db = json.load(f)"""
"C:\Users\USER\slh-bot-clean\state\takeover\state_migration_queue.json","1436","          ""code"": ""json.dump(db, f, indent=2, ensure_ascii=False)"""
"C:\Users\USER\slh-bot-clean\state\takeover\state_migration_queue.json","1451","          ""code"": ""json.dump(agents, f, indent=2, ensure_ascii=False)"""
"C:\Users\USER\slh-bot-clean\state\takeover\state_migration_queue.json","1456","          ""code"": ""db = json.load(f)"""
"C:\Users\USER\slh-bot-clean\state\takeover\state_migration_queue.json","1461","          ""code"": ""db = json.load(f)"""
"C:\Users\USER\slh-bot-clean\state\takeover\state_migration_queue.json","1471","          ""code"": ""json.dump(db, f, indent=2, ensure_ascii=False)"""
"C:\Users\USER\slh-bot-clean\state\takeover\state_migration_queue.json","1486","          ""code"": ""json.dump(agents, f, indent=2, ensure_ascii=False)"""
"C:\Users\USER\slh-bot-clean\state\takeover\state_migration_queue.json","1497","          ""code"": ""bot.reply_to(message, '<pre>' + json.dumps(result, indent=2, ensure_ascii=False) + '</pre>', parse_mode='HTML')"""
"C:\Users\USER\slh-bot-clean\state\takeover\state_migration_queue.json","1508","          ""code"": ""return json.load(f)"""
"C:\Users\USER\slh-bot-clean\state\takeover\state_migration_queue.json","1518","          ""code"": ""json.dump(data, f, indent=2, ensure_ascii=False)"""
"C:\Users\USER\slh-bot-clean\state\takeover\state_migration_queue.json","1529","          ""code"": ""with open('state/db.json', encoding='utf-8') as f:"""
"C:\Users\USER\slh-bot-clean\state\takeover\state_migration_queue.json","1534","          ""code"": ""d = json.load(f)"""
"C:\Users\USER\slh-bot-clean\state\takeover\state_migration_queue.json","1545","          ""code"": ""return json.load(f)"""
"C:\Users\USER\slh-bot-clean\state\takeover\state_migration_queue.json","1555","          ""code"": ""json.dump(data, f, indent=2, ensure_ascii=False)"""
"C:\Users\USER\slh-bot-clean\state\takeover\state_migration_queue.json","1566","          ""code"": ""data = json.load(f)"""
"C:\Users\USER\slh-bot-clean\state\takeover\state_migration_queue.json","1576","          ""code"": ""json.dump(data, f, indent=2, ensure_ascii=False)"""
"C:\Users\USER\slh-bot-clean\state\takeover\state_migration_queue.json","1587","          ""code"": ""with open(\""state/db.json\"", \""r\"") as f:"""
"C:\Users\USER\slh-bot-clean\state\takeover\state_migration_queue.json","1592","          ""code"": ""db = json.load(f)"""
"C:\Users\USER\slh-bot-clean\state\takeover\state_migration_queue.json","1597","          ""code"": ""with open(\""state/db.json\"", \""w\"") as f:"""
"C:\Users\USER\slh-bot-clean\state\takeover\state_migration_queue.json","1602","          ""code"": ""with open(\""state/db.json\"", \""w\"") as f:"""
"C:\Users\USER\slh-bot-clean\state\takeover\state_migration_queue.json","1607","          ""code"": ""json.dump(db, f, indent=2, ensure_ascii=False)"""
"C:\Users\USER\slh-bot-clean\state\takeover\state_migration_queue.json","1618","          ""code"": ""with open(\""state/db.json\"") as f:"""
"C:\Users\USER\slh-bot-clean\state\takeover\state_migration_queue.json","1623","          ""code"": ""db = json.load(f)"""
"C:\Users\USER\slh-bot-clean\state\takeover\state_migration_queue.json","1628","          ""code"": ""journal = json.load(f)"""
"C:\Users\USER\slh-bot-clean\state\takeover\state_migration_queue.json","1633","          ""code"": ""journal = json.load(f)"""
"C:\Users\USER\slh-bot-clean\state\takeover\state_migration_queue.json","1638","          ""code"": ""journal = json.load(f)"""
"C:\Users\USER\slh-bot-clean\state\takeover\state_migration_queue.json","1648","          ""code"": ""json.dump(journal, f, indent=2, ensure_ascii=False)"""
"C:\Users\USER\slh-bot-clean\state\takeover\state_migration_queue.json","1653","          ""code"": ""with open('state/db.json', encoding='utf-8') as f:"""
"C:\Users\USER\slh-bot-clean\state\takeover\state_migration_queue.json","1658","          ""code"": ""d = json.load(f)"""
"C:\Users\USER\slh-bot-clean\state\takeover\state_migration_queue.json","1669","          ""code"": ""with open('state/devices.json') as f: devices = json.load(f)"""
"C:\Users\USER\slh-bot-clean\state\takeover\state_migration_queue.json","1680","          ""code"": ""with open('state/db.json') as f:"""
"C:\Users\USER\slh-bot-clean\state\takeover\state_migration_queue.json","1685","          ""code"": ""users = json.load(f).get('users', {})"""
"C:\Users\USER\slh-bot-clean\state\takeover\state_migration_queue.json","1696","          ""code"": ""return json.load(f)"""
"C:\Users\USER\slh-bot-clean\state\takeover\state_migration_queue.json","1706","          ""code"": ""json.dump(board, f, indent=2, ensure_ascii=False)"""
"C:\Users\USER\slh-bot-clean\state\takeover\state_migration_queue.json","1711","          ""code"": ""return json.load(f)"""
"C:\Users\USER\slh-bot-clean\state\takeover\state_migration_queue.json","1721","          ""code"": ""json.dump(ledger, f, indent=2, ensure_ascii=False)"""
"C:\Users\USER\slh-bot-clean\state\takeover\state_migration_queue.json","1732","          ""code"": ""return json.load(f)"""
"C:\Users\USER\slh-bot-clean\state\takeover\state_migration_queue.json","1742","          ""code"": ""json.dump(data, f, indent=2, ensure_ascii=False)"""
"C:\Users\USER\slh-bot-clean\state\takeover\state_migration_queue.json","1753","          ""code"": ""with open('state/db.json', 'r') as f:"""
"C:\Users\USER\slh-bot-clean\state\takeover\state_migration_queue.json","1758","          ""code"": ""db = json.load(f)"""
"C:\Users\USER\slh-bot-clean\state\takeover\state_migration_queue.json","1769","          ""code"": ""DB_PATH = os.path.join(os.path.dirname(__file__), '..', 'state', 'db.json')"""
"C:\Users\USER\slh-bot-clean\state\takeover\state_migration_queue.json","1779","          ""code"": ""return json.load(f)"""
"C:\Users\USER\slh-bot-clean\state\takeover\state_migration_queue.json","1790","          ""code"": ""cfg = json.load(f)"""
"C:\Users\USER\slh-bot-clean\state\takeover\state_migration_queue.json","1795","          ""code"": ""cfg = json.load(f)"""
"C:\Users\USER\slh-bot-clean\state\takeover\state_migration_queue.json","1800","          ""code"": ""db = json.load(f)"""
"C:\Users\USER\slh-bot-clean\state\takeover\state_migration_queue.json","1810","          ""code"": ""json.dump(db, f, indent=2)"""
"C:\Users\USER\slh-bot-clean\state\takeover\state_migration_queue.json","1815","          ""code"": ""users=json.load(open(\""state/users.json\""))"""
"C:\Users\USER\slh-bot-clean\state\takeover\state_migration_queue.json","1820","          ""code"": ""allowed=json.load(open(\""allowed_ids.json\""))"""
"C:\Users\USER\slh-bot-clean\state\takeover\state_migration_queue.json","1825","          ""code"": ""with open(\""state/db.json\"") as f:"""
"C:\Users\USER\slh-bot-clean\state\takeover\state_migration_queue.json","1830","          ""code"": ""db = json.load(f)"""
"C:\Users\USER\slh-bot-clean\state\takeover\state_migration_queue.json","1835","          ""code"": ""bot.reply_to(m, json.dumps(db[\""votes\""], indent=2))"""
"C:\Users\USER\slh-bot-clean\state\takeover\state_migration_queue.json","1840","          ""code"": ""goals = json.load(open(path)) if os.path.exists(path) else []"""
"C:\Users\USER\slh-bot-clean\state\takeover\state_migration_queue.json","1845","          ""code"": ""json.dump(goals, open(path, \""w\""))"""
"C:\Users\USER\slh-bot-clean\state\takeover\state_migration_queue.json","1850","          ""code"": ""goals = json.load(open(path)) if os.path.exists(path) else []"""
"C:\Users\USER\slh-bot-clean\state\takeover\state_migration_queue.json","1855","          ""code"": ""with open(\""state/db.json\"") as f:"""
"C:\Users\USER\slh-bot-clean\state\takeover\state_migration_queue.json","1860","          ""code"": ""db = json.load(f)"""
"C:\Users\USER\slh-bot-clean\state\takeover\state_migration_queue.json","1865","          ""code"": ""data = json.loads(resp.read())"""
"C:\Users\USER\slh-bot-clean\state\takeover\state_migration_queue.json","1870","          ""code"": ""with open('state/db.json') as f:"""
"C:\Users\USER\slh-bot-clean\state\takeover\state_migration_queue.json","1875","          ""code"": ""db = json.load(f)"""
"C:\Users\USER\slh-bot-clean\state\takeover\state_migration_queue.json","1880","          ""code"": ""with open('state/db.json') as f:"""
"C:\Users\USER\slh-bot-clean\state\takeover\state_migration_queue.json","1885","          ""code"": ""db = json.load(f)"""
"C:\Users\USER\slh-bot-clean\state\takeover\state_migration_queue.json","1896","          ""code"": ""db = json.load(open('state/db.json'))"""
"C:\Users\USER\slh-bot-clean\state\takeover\state_migration_queue.json","1901","          ""code"": ""db = json.load(open('state/db.json'))"""
"C:\Users\USER\slh-bot-clean\state\takeover\state_migration_queue.json","1906","          ""code"": ""json.dump(db, open('state/db.json','w'), indent=2, ensure_ascii=False)"""
"C:\Users\USER\slh-bot-clean\state\takeover\state_migration_queue.json","1911","          ""code"": ""json.dump(db, open('state/db.json','w'), indent=2, ensure_ascii=False)"""
"C:\Users\USER\slh-bot-clean\state\takeover\state_migration_queue.json","1916","          ""code"": ""db = json.load(open(\""state/db.json\""))"""
"C:\Users\USER\slh-bot-clean\state\takeover\state_migration_queue.json","1927","          ""code"": ""DB_PATH = \""state/db.json\"""""
"C:\Users\USER\slh-bot-clean\state\takeover\state_migration_queue.json","1937","          ""code"": ""db = json.load(f)"""
"C:\Users\USER\slh-bot-clean\state\takeover\state_migration_queue.json","1947","          ""code"": ""db = json.load(f)"""
"C:\Users\USER\slh-bot-clean\state\takeover\state_migration_queue.json","1958","          ""code"": ""cfg = json.load(f)"""
"C:\Users\USER\slh-bot-clean\state\takeover\state_migration_queue.json","1963","          ""code"": ""cfg = json.load(f)"""
"C:\Users\USER\slh-bot-clean\state\takeover\state_migration_queue.json","1968","          ""code"": ""db = json.load(f)"""
"C:\Users\USER\slh-bot-clean\state\takeover\state_migration_queue.json","1978","          ""code"": ""json.dump(db, f, indent=2)"""
"C:\Users\USER\slh-bot-clean\state\takeover\state_migration_queue.json","1983","          ""code"": ""users=json.load(open(\""state/users.json\""))"""
"C:\Users\USER\slh-bot-clean\state\takeover\state_migration_queue.json","1988","          ""code"": ""allowed=json.load(open(\""allowed_ids.json\""))"""
"C:\Users\USER\slh-bot-clean\state\takeover\state_migration_queue.json","1993","          ""code"": ""with open(\""state/db.json\"") as f:"""
"C:\Users\USER\slh-bot-clean\state\takeover\state_migration_queue.json","1998","          ""code"": ""db = json.load(f)"""
"C:\Users\USER\slh-bot-clean\state\takeover\state_migration_queue.json","2003","          ""code"": ""bot.reply_to(m, json.dumps(db[\""votes\""], indent=2))"""
"C:\Users\USER\slh-bot-clean\state\takeover\state_migration_queue.json","2008","          ""code"": ""goals = json.load(open(path)) if os.path.exists(path) else []"""
"C:\Users\USER\slh-bot-clean\state\takeover\state_migration_queue.json","2013","          ""code"": ""json.dump(goals, open(path, \""w\""))"""
"C:\Users\USER\slh-bot-clean\state\takeover\state_migration_queue.json","2018","          ""code"": ""goals = json.load(open(path)) if os.path.exists(path) else []"""
"C:\Users\USER\slh-bot-clean\state\takeover\state_migration_queue.json","2023","          ""code"": ""with open(\""state/db.json\"") as f:"""
"C:\Users\USER\slh-bot-clean\state\takeover\state_migration_queue.json","2028","          ""code"": ""db = json.load(f)"""
"C:\Users\USER\slh-bot-clean\state\takeover\state_migration_queue.json","2033","          ""code"": ""data = json.loads(resp.read())"""
"C:\Users\USER\slh-bot-clean\state\takeover\state_migration_queue.json","2038","          ""code"": ""with open('state/db.json') as f:"""
"C:\Users\USER\slh-bot-clean\state\takeover\state_migration_queue.json","2043","          ""code"": ""db = json.load(f)"""
"C:\Users\USER\slh-bot-clean\state\takeover\state_migration_queue.json","2048","          ""code"": ""with open('state/db.json') as f:"""
"C:\Users\USER\slh-bot-clean\state\takeover\state_migration_queue.json","2053","          ""code"": ""db = json.load(f)"""
"C:\Users\USER\slh-bot-clean\state\takeover\state_migration_queue.json","2064","          ""code"": ""db = json.load(open('state/db.json'))"""
"C:\Users\USER\slh-bot-clean\state\takeover\state_migration_queue.json","2069","          ""code"": ""db = json.load(open('state/db.json'))"""
"C:\Users\USER\slh-bot-clean\state\takeover\state_migration_queue.json","2074","          ""code"": ""json.dump(db, open('state/db.json','w'), indent=2, ensure_ascii=False)"""
"C:\Users\USER\slh-bot-clean\state\takeover\state_migration_queue.json","2079","          ""code"": ""json.dump(db, open('state/db.json','w'), indent=2, ensure_ascii=False)"""
"C:\Users\USER\slh-bot-clean\state\takeover\state_migration_queue.json","2084","          ""code"": ""db = json.load(open(\""state/db.json\""))"""
"C:\Users\USER\slh-bot-clean\state\takeover\state_migration_queue.json","2095","          ""code"": ""cfg = json.load(f)"""
"C:\Users\USER\slh-bot-clean\state\takeover\state_migration_queue.json","2100","          ""code"": ""cfg = json.load(f)"""
"C:\Users\USER\slh-bot-clean\state\takeover\state_migration_queue.json","2105","          ""code"": ""db = json.load(f)"""
"C:\Users\USER\slh-bot-clean\state\takeover\state_migration_queue.json","2115","          ""code"": ""json.dump(db, f, indent=2)"""
"C:\Users\USER\slh-bot-clean\state\takeover\state_migration_queue.json","2120","          ""code"": ""users=json.load(open(\""state/users.json\""))"""
"C:\Users\USER\slh-bot-clean\state\takeover\state_migration_queue.json","2125","          ""code"": ""allowed=json.load(open(\""allowed_ids.json\""))"""
"C:\Users\USER\slh-bot-clean\state\takeover\state_migration_queue.json","2130","          ""code"": ""with open(\""state/db.json\"") as f:"""
"C:\Users\USER\slh-bot-clean\state\takeover\state_migration_queue.json","2135","          ""code"": ""db = json.load(f)"""
"C:\Users\USER\slh-bot-clean\state\takeover\state_migration_queue.json","2140","          ""code"": ""bot.reply_to(m, json.dumps(db[\""votes\""], indent=2))"""
"C:\Users\USER\slh-bot-clean\state\takeover\state_migration_queue.json","2145","          ""code"": ""goals = json.load(open(path)) if os.path.exists(path) else []"""
"C:\Users\USER\slh-bot-clean\state\takeover\state_migration_queue.json","2150","          ""code"": ""json.dump(goals, open(path, \""w\""))"""
"C:\Users\USER\slh-bot-clean\state\takeover\state_migration_queue.json","2155","          ""code"": ""goals = json.load(open(path)) if os.path.exists(path) else []"""
"C:\Users\USER\slh-bot-clean\state\takeover\state_migration_queue.json","2160","          ""code"": ""with open(\""state/db.json\"") as f:"""
"C:\Users\USER\slh-bot-clean\state\takeover\state_migration_queue.json","2165","          ""code"": ""db = json.load(f)"""
"C:\Users\USER\slh-bot-clean\state\takeover\state_migration_queue.json","2170","          ""code"": ""data = json.loads(resp.read())"""
"C:\Users\USER\slh-bot-clean\state\takeover\state_migration_queue.json","2175","          ""code"": ""with open('state/db.json') as f:"""
"C:\Users\USER\slh-bot-clean\state\takeover\state_migration_queue.json","2180","          ""code"": ""db = json.load(f)"""
"C:\Users\USER\slh-bot-clean\state\takeover\state_migration_queue.json","2185","          ""code"": ""with open('state/db.json') as f:"""
"C:\Users\USER\slh-bot-clean\state\takeover\state_migration_queue.json","2190","          ""code"": ""db = json.load(f)"""
"C:\Users\USER\slh-bot-clean\state\takeover\state_migration_queue.json","2201","          ""code"": ""db = json.load(open('state/db.json'))"""
"C:\Users\USER\slh-bot-clean\state\takeover\state_migration_queue.json","2206","          ""code"": ""db = json.load(open('state/db.json'))"""
"C:\Users\USER\slh-bot-clean\state\takeover\state_migration_queue.json","2211","          ""code"": ""json.dump(db, open('state/db.json','w'), indent=2, ensure_ascii=False)"""
"C:\Users\USER\slh-bot-clean\state\takeover\state_migration_queue.json","2216","          ""code"": ""json.dump(db, open('state/db.json','w'), indent=2, ensure_ascii=False)"""
"C:\Users\USER\slh-bot-clean\state\takeover\state_migration_queue.json","2221","          ""code"": ""db = json.load(open(\""state/db.json\""))"""
"C:\Users\USER\slh-bot-clean\state\takeover\state_migration_queue.json","2232","          ""code"": ""DB_PATH = \""state/db.json\"""""
"C:\Users\USER\slh-bot-clean\state\takeover\state_migration_queue.json","2242","          ""code"": ""db = json.load(f)"""
"C:\Users\USER\slh-bot-clean\state\takeover\state_migration_queue.json","2252","          ""code"": ""db = json.load(f)"""
"C:\Users\USER\slh-bot-clean\state\takeover\state_migration_queue.json","2263","          ""code"": ""DB_PATH = \""state/db.json\"""""
"C:\Users\USER\slh-bot-clean\state\takeover\state_migration_queue.json","2273","          ""code"": ""db = json.load(f)"""
"C:\Users\USER\slh-bot-clean\state\takeover\state_migration_queue.json","2283","          ""code"": ""db = json.load(f)"""
"C:\Users\USER\slh-bot-clean\state\takeover\state_migration_queue.json","2294","          ""code"": ""TOKEN = json.load(open(\""config.json\""))[\""BOT_TOKEN\""]"""
"C:\Users\USER\slh-bot-clean\state\takeover\state_migration_queue.json","2305","          ""code"": ""journal = json.load(f)"""
"C:\Users\USER\slh-bot-clean\state\takeover\state_migration_queue.json","2316","          ""code"": ""memory=json.load(f)"""
"C:\Users\USER\slh-bot-clean\state\takeover\state_migration_queue.json","2326","          ""code"": ""json.dump(checkpoint,f,indent=2,ensure_ascii=False)"""
"C:\Users\USER\slh-bot-clean\state\takeover\state_migration_queue.json","2337","          ""code"": ""return json.load(open(path))"""
"C:\Users\USER\slh-bot-clean\state\takeover\state_migration_queue.json","2342","          ""code"": ""json.dump(data, open(path, \""w\""), indent=2)"""
"C:\Users\USER\slh-bot-clean\state\takeover\state_migration_queue.json","2353","          ""code"": ""DB_PATH = \""state/db.json\"""""
"C:\Users\USER\slh-bot-clean\state\takeover\state_migration_queue.json","2363","          ""code"": ""return json.load(f)"""
"C:\Users\USER\slh-bot-clean\state\takeover\state_migration_queue.json","2378","          ""code"": ""json.dump(db, f, indent=2, ensure_ascii=False)"""
"C:\Users\USER\slh-bot-clean\state\takeover\state_migration_queue.json","2383","          ""code"": ""courses_def = json.load(open(\""courses.json\""))"""
"C:\Users\USER\slh-bot-clean\state\takeover\state_migration_queue.json","2388","          ""code"": ""courses_def = json.load(open(\""courses.json\""))"""
"C:\Users\USER\slh-bot-clean\state\takeover\state_migration_queue.json","2399","          ""code"": ""return json.loads(path.read_text(encoding=\""utf-8\""))"""
"C:\Users\USER\slh-bot-clean\state\takeover\state_migration_queue.json","2409","          ""code"": ""json.dumps("""
"C:\Users\USER\slh-bot-clean\state\takeover\state_migration_queue.json","2420","          ""code"": ""demo = json.load(f)"""
"C:\Users\USER\slh-bot-clean\state\takeover\state_migration_queue.json","2431","          ""code"": ""data = json.load(f)"""
"C:\Users\USER\slh-bot-clean\state\takeover\state_migration_queue.json","2441","          ""code"": ""json.dump({\""devices\"": devices}, f, indent=2, ensure_ascii=False)"""
"C:\Users\USER\slh-bot-clean\state\takeover\state_migration_queue.json","2463","          ""code"": ""return json.load(open(path))"""
"C:\Users\USER\slh-bot-clean\state\takeover\state_migration_queue.json","2468","          ""code"": ""json.dump(data, open(path, \""w\""), indent=2)"""
"C:\Users\USER\slh-bot-clean\state\takeover\state_migration_queue.json","2479","          ""code"": ""cfg = json.load(open(\""config.json\""))"""
"C:\Users\USER\slh-bot-clean\state\takeover\state_migration_queue.json","2490","          ""code"": ""with open(\""db.json\"") as f:"""
"C:\Users\USER\slh-bot-clean\state\takeover\state_migration_queue.json","2495","          ""code"": ""db = json.load(f)"""
"C:\Users\USER\slh-bot-clean\state\takeover\state_migration_queue.json","2500","          ""code"": ""with open(\""db.json\"", \""w\"") as f:"""
"C:\Users\USER\slh-bot-clean\state\takeover\state_migration_queue.json","2505","          ""code"": ""with open(\""db.json\"", \""w\"") as f:"""
"C:\Users\USER\slh-bot-clean\state\takeover\state_migration_queue.json","2510","          ""code"": ""json.dump(db, f, indent=2, ensure_ascii=False)"""
"C:\Users\USER\slh-bot-clean\state\takeover\state_migration_queue.json","2515","          ""code"": ""with open(\""db.json\"") as f: db = json.load(f)"""
"C:\Users\USER\slh-bot-clean\state\takeover\state_migration_queue.json","2520","          ""code"": ""with open(\""db.json\"",\""w\"") as f: json.dump(db, f, indent=2, ensure_ascii=False)"""
"C:\Users\USER\slh-bot-clean\state\takeover\state_migration_queue.json","2525","          ""code"": ""with open(\""db.json\"",\""w\"") as f: json.dump(db, f, indent=2, ensure_ascii=False)"""
"C:\Users\USER\slh-bot-clean\state\takeover\state_migration_queue.json","2536","          ""code"": ""db = json.load(open(\""db.json\""))"""
"C:\Users\USER\slh-bot-clean\state\takeover\state_migration_queue.json","2541","          ""code"": ""json.dump(db, open(\""db.json\"",\""w\""), indent=2, ensure_ascii=False)"""
"C:\Users\USER\slh-bot-clean\state\takeover\state_migration_queue.json","2546","          ""code"": ""json.dump(db, open(\""db.json\"",\""w\""), indent=2, ensure_ascii=False)"""
"C:\Users\USER\slh-bot-clean\state\takeover\state_migration_queue.json","2562","          ""code"": ""return json.load(f)"""
"C:\Users\USER\slh-bot-clean\state\takeover\state_migration_queue.json","2572","          ""code"": ""json.dump(data, f, indent=2)"""
"C:\Users\USER\slh-bot-clean\state\takeover\state_migration_queue.json","2583","          ""code"": ""return json.loads("""
"C:\Users\USER\slh-bot-clean\state\takeover\state_migration_queue.json","2593","          ""code"": ""json.dumps("""
"C:\Users\USER\slh-bot-clean\state\takeover\state_migration_queue.json","2604","          ""code"": ""return json.loads("""
"C:\Users\USER\slh-bot-clean\state\takeover\state_migration_queue.json","2609","          ""code"": ""canonical = json.dumps("""
"C:\Users\USER\slh-bot-clean\state\takeover\state_migration_queue.json","2614","          ""code"": ""canonical = json.dumps("""
"C:\Users\USER\slh-bot-clean\state\takeover\state_migration_queue.json","2624","          ""code"": ""json.dumps("""
"C:\Users\USER\slh-bot-clean\state\takeover\state_migration_queue.json","2634","          ""code"": ""json.dumps("""
"C:\Users\USER\slh-bot-clean\state\takeover\state_migration_queue.json","2645","          ""code"": ""return json.loads("""
"C:\Users\USER\slh-bot-clean\state\takeover\state_migration_queue.json","2650","          ""code"": ""canonical = json.dumps("""
"C:\Users\USER\slh-bot-clean\state\takeover\state_migration_queue.json","2655","          ""code"": ""canonical = json.dumps("""
"C:\Users\USER\slh-bot-clean\state\takeover\state_migration_queue.json","2665","          ""code"": ""json.dumps("""
"C:\Users\USER\slh-bot-clean\state\takeover\state_migration_queue.json","2675","          ""code"": ""json.dumps("""
"C:\Users\USER\slh-bot-clean\state\takeover\state_migration_queue.json","2686","          ""code"": ""return json.loads("""
"C:\Users\USER\slh-bot-clean\state\takeover\state_migration_queue.json","2691","          ""code"": ""canonical = json.dumps("""
"C:\Users\USER\slh-bot-clean\state\takeover\state_migration_queue.json","2702","          ""code"": ""return json.loads("""
"C:\Users\USER\slh-bot-clean\state\takeover\state_migration_queue.json","2712","          ""code"": ""json.dumps("""
"C:\Users\USER\slh-bot-clean\state\takeover\state_migration_queue.json","2723","          ""code"": ""return json.loads("""
"C:\Users\USER\slh-bot-clean\state\takeover\state_migration_queue.json","2728","          ""code"": ""canonical = json.dumps("""
"C:\Users\USER\slh-bot-clean\state\takeover\state_migration_queue.json","2738","          ""code"": ""json.dumps("""
"C:\Users\USER\slh-bot-clean\state\takeover\state_migration_queue.json","2749","          ""code"": ""return json.loads("""
"C:\Users\USER\slh-bot-clean\state\takeover\state_migration_queue.json","2760","          ""code"": ""return json.loads("""
"C:\Users\USER\slh-bot-clean\state\takeover\state_migration_queue.json","2771","          ""code"": ""return json.loads("""
"C:\Users\USER\slh-bot-clean\state\takeover\state_migration_queue.json","2776","          ""code"": ""canonical = json.dumps("""
"C:\Users\USER\slh-bot-clean\state\takeover\state_migration_queue.json","2786","          ""code"": ""json.dumps("""
"C:\Users\USER\slh-bot-clean\state\takeover\state_migration_queue.json","2797","          ""code"": ""return json.loads("""
"C:\Users\USER\slh-bot-clean\state\takeover\state_migration_queue.json","2802","          ""code"": ""canonical = json.dumps("""
"C:\Users\USER\slh-bot-clean\state\takeover\state_migration_queue.json","2813","          ""code"": ""return json.loads("""
"C:\Users\USER\slh-bot-clean\state\takeover\state_migration_queue.json","2824","          ""code"": ""with open(\""db.json\"") as f:"""
"C:\Users\USER\slh-bot-clean\state\takeover\state_migration_queue.json","2829","          ""code"": ""db = json.load(f)"""
"C:\Users\USER\slh-bot-clean\state\takeover\state_migration_queue.json","2840","          ""code"": ""with open(\""state/db.json\"") as f:"""
"C:\Users\USER\slh-bot-clean\state\takeover\state_migration_queue.json","2845","          ""code"": ""db = json.load(f)"""
"C:\Users\USER\slh-bot-clean\state\takeover\state_migration_queue.json","2856","          ""code"": ""DB_PATH = \""state/db.json\"""""
"C:\Users\USER\slh-bot-clean\state\takeover\state_migration_queue.json","2866","          ""code"": ""return json.load(f)"""
"C:\Users\USER\slh-bot-clean\state\takeover\state_migration_queue.json","2881","          ""code"": ""json.dump(db, f, indent=2, ensure_ascii=False)"""
"C:\Users\USER\slh-bot-clean\state\takeover\state_migration_queue.json","2892","          ""code"": ""return json.load(open(DB))"""
"C:\Users\USER\slh-bot-clean\state\takeover\state_migration_queue.json","2903","          ""code"": ""return json.load(open(DB))"""
"C:\Users\USER\slh-bot-clean\state\takeover\state_migration_queue.json","2908","          ""code"": ""json.dump(db, open(DB, \""w\""), indent=2)"""
"C:\Users\USER\slh-bot-clean\state\takeover\state_migration_queue.json","2919","          ""code"": ""return json.load(f)"""
"C:\Users\USER\slh-bot-clean\state\takeover\state_migration_queue.json","2929","          ""code"": ""json.dump(data, f, indent=2)"""
"C:\Users\USER\slh-bot-clean\state\takeover\state_migration_queue.json","2940","          ""code"": ""db = json.load(open(\""state/db.json\""))"""
"C:\Users\USER\slh-bot-clean\state\takeover\state_migration_queue.json","2945","          ""code"": ""json.dump(db, open(\""db.json\"", \""w\""), indent=2)"""
"C:\Users\USER\slh-bot-clean\state\takeover\state_migration_queue.json","2950","          ""code"": ""json.dump(db, open(\""db.json\"", \""w\""), indent=2)"""
"C:\Users\USER\slh-bot-clean\state\takeover\state_migration_queue.json","2955","          ""code"": ""db = json.load(open(\""state/db.json\""))"""
"C:\Users\USER\slh-bot-clean\state\takeover\state_migration_queue.json","2960","          ""code"": ""db = json.load(open(\""state/db.json\""))"""
"C:\Users\USER\slh-bot-clean\state\takeover\state_migration_queue.json","2965","          ""code"": ""db = json.load(open(\""state/db.json\""))"""
"C:\Users\USER\slh-bot-clean\state\takeover\state_migration_queue.json","2970","          ""code"": ""db = json.load(open(\""state/db.json\""))"""
"C:\Users\USER\slh-bot-clean\state\takeover\state_migration_queue.json","2975","          ""code"": ""db = json.load(open(\""state/db.json\""))"""
"C:\Users\USER\slh-bot-clean\state\takeover\state_migration_queue.json","2986","          ""code"": ""return json.load(f)"""
"C:\Users\USER\slh-bot-clean\state\takeover\state_migration_queue.json","2996","          ""code"": ""json.dump(_load_config(), f, indent=2, ensure_ascii=False)"""
"C:\Users\USER\slh-bot-clean\state\takeover\state_migration_queue.json","3006","          ""code"": ""json.dump(cfg, f, indent=2, ensure_ascii=False)"""
"C:\Users\USER\slh-bot-clean\state\takeover\state_migration_queue.json","3022","          ""code"": ""return json.load(f)"""
"C:\Users\USER\slh-bot-clean\state\takeover\state_migration_queue.json","3032","          ""code"": ""json.dump(entries, f, indent=2)"""
"C:\Users\USER\slh-bot-clean\state\takeover\state_migration_queue.json","3037","          ""code"": ""with open(\""state/db.json\"") as f:"""
"C:\Users\USER\slh-bot-clean\state\takeover\state_migration_queue.json","3042","          ""code"": ""db = json.load(f)"""
"C:\Users\USER\slh-bot-clean\state\takeover\state_migration_queue.json","3047","          ""code"": ""with open(\""state/db.json\"") as f:"""
"C:\Users\USER\slh-bot-clean\state\takeover\state_migration_queue.json","3052","          ""code"": ""db = json.load(f)"""
"C:\Users\USER\slh-bot-clean\state\takeover\state_migration_queue.json","3057","          ""code"": ""with open(\""state/db.json\"") as f:"""
"C:\Users\USER\slh-bot-clean\state\takeover\state_migration_queue.json","3062","          ""code"": ""db = json.load(f)"""
"C:\Users\USER\slh-bot-clean\state\takeover\state_migration_queue.json","3073","          ""code"": ""return json.loads("""
"C:\Users\USER\slh-bot-clean\state\takeover\state_migration_queue.json","3084","          ""code"": ""return json.load(open(STATE_FILE))"""
"C:\Users\USER\slh-bot-clean\state\takeover\state_migration_queue.json","3089","          ""code"": ""json.dump(data, open(STATE_FILE, \""w\""), indent=2)"""
"C:\Users\USER\slh-bot-clean\state\takeover\state_migration_queue.json","3100","          ""code"": ""with open(\""db.json\"") as f: db = json.load(f)"""
"C:\Users\USER\slh-bot-clean\state\takeover\state_migration_queue.json","3105","          ""code"": ""with open(\""db.json\"") as f: db = json.load(f)"""
"C:\Users\USER\slh-bot-clean\state\takeover\state_migration_queue.json","3110","          ""code"": ""with open(\""db.json\"",\""w\"") as f: json.dump(db, f)"""
"C:\Users\USER\slh-bot-clean\state\takeover\state_migration_queue.json","3115","          ""code"": ""with open(\""db.json\"",\""w\"") as f: json.dump(db, f)"""
"C:\Users\USER\slh-bot-clean\state\takeover\state_migration_queue.json","3120","          ""code"": ""with open(\""db.json\"") as f: db = json.load(f)"""
"C:\Users\USER\slh-bot-clean\state\takeover\state_migration_queue.json","3131","          ""code"": ""db=json.load(f)"""
"C:\Users\USER\slh-bot-clean\state\takeover\state_migration_queue.json","3142","          ""code"": ""db=json.load(f)"""
"C:\Users\USER\slh-bot-clean\state\takeover\state_migration_queue.json","3147","          ""code"": ""json.dump("""
"C:\Users\USER\slh-bot-clean\state\takeover\state_migration_queue.json","3152","          ""code"": ""agents=json.load(f)"""
"C:\Users\USER\slh-bot-clean\state\takeover\state_migration_queue.json","3157","          ""code"": ""json.dump("""
"C:\Users\USER\slh-bot-clean\state\takeover\state_migration_queue.json","3162","          ""code"": ""print(json.dumps(report,indent=2,ensure_ascii=False))"""
"C:\Users\USER\slh-bot-clean\state\takeover\state_migration_queue.json","3178","          ""code"": ""json.dump(REPORT,f,indent=2,ensure_ascii=False)"""
"C:\Users\USER\slh-bot-clean\state\takeover\state_migration_queue.json","3183","          ""code"": ""with open(\""state/db.json\"",encoding=\""utf8\"") as f:"""
"C:\Users\USER\slh-bot-clean\state\takeover\state_migration_queue.json","3188","          ""code"": ""db=json.load(f)"""
"C:\Users\USER\slh-bot-clean\state\takeover\state_migration_queue.json","3204","          ""code"": ""json.dump({},f,indent=2)"""
"C:\Users\USER\slh-bot-clean\state\takeover\state_migration_queue.json","3209","          ""code"": ""db=json.load(f)"""
"C:\Users\USER\slh-bot-clean\state\takeover\state_migration_queue.json","3219","          ""code"": ""json.dump(db,f,indent=2,ensure_ascii=False)"""
"C:\Users\USER\slh-bot-clean\state\takeover\state_migration_queue.json","3229","          ""code"": ""aj=json.load(f)"""
"C:\Users\USER\slh-bot-clean\state\takeover\state_migration_queue.json","3234","          ""code"": ""json.dump(report,f,indent=2)"""
"C:\Users\USER\slh-bot-clean\state\takeover\state_migration_queue.json","3239","          ""code"": ""print(json.dumps(report,indent=2))"""
"C:\Users\USER\slh-bot-clean\state\takeover\state_migration_queue.json","3261","          ""code"": ""db=json.load(f)"""
"C:\Users\USER\slh-bot-clean\state\takeover\state_migration_queue.json","3266","          ""code"": ""json.dump("""
"C:\Users\USER\slh-bot-clean\state\takeover\state_migration_queue.json","3271","          ""code"": ""mirror=json.load(f)"""
"C:\Users\USER\slh-bot-clean\state\takeover\state_migration_queue.json","3276","          ""code"": ""json.dump("""
"C:\Users\USER\slh-bot-clean\state\takeover\state_migration_queue.json","3281","          ""code"": ""print(json.dumps(report,indent=2))"""
"C:\Users\USER\slh-bot-clean\state\takeover\state_migration_queue.json","3292","          ""code"": ""d=json.load(open(f))"""
"C:\Users\USER\slh-bot-clean\state\takeover\state_migration_queue.json","3303","          ""code"": ""DB_PATH = \""state/db.json\"""""
"C:\Users\USER\slh-bot-clean\state\takeover\state_migration_queue.json","3313","          ""code"": ""return json.load(f)"""
"C:\Users\USER\slh-bot-clean\state\takeover\state_migration_queue.json","3324","          ""code"": ""DB_PATH = \""/data/data/com.termux/files/home/slh_clean/slh_state.db\"""""
"C:\Users\USER\slh-bot-clean\state\takeover\state_migration_queue.json","3334","          ""code"": ""config = json.load(f)"""
"C:\Users\USER\slh-bot-clean\state\takeover\state_migration_queue.json","3344","          ""code"": ""json.dump(config, f, indent=2)"""
"C:\Users\USER\slh-bot-clean\state\takeover\state_migration_queue.json","3355","          ""code"": ""with open(\""state/db.json\"") as f:"""
"C:\Users\USER\slh-bot-clean\state\takeover\state_migration_queue.json","3360","          ""code"": ""db = json.load(f)"""
"C:\Users\USER\slh-bot-clean\state\takeover\state_migration_queue.json","3365","          ""code"": ""with open(\""state/db.json\"", \""w\"") as f:"""
"C:\Users\USER\slh-bot-clean\state\takeover\state_migration_queue.json","3370","          ""code"": ""with open(\""state/db.json\"", \""w\"") as f:"""
"C:\Users\USER\slh-bot-clean\state\takeover\state_migration_queue.json","3375","          ""code"": ""json.dump(db, f, indent=2, ensure_ascii=False)"""
"C:\Users\USER\slh-bot-clean\state\takeover\state_migration_queue.json","3386","          ""code"": ""return json.load(f)"""
"C:\Users\USER\slh-bot-clean\state\takeover\state_migration_queue.json","3396","          ""code"": ""json.dump(db, f, indent=2, ensure_ascii=False)"""
"C:\Users\USER\slh-bot-clean\state\takeover\state_migration_queue.json","3407","          ""code"": ""users = json.load(f)"""
"C:\Users\USER\slh-bot-clean\state\takeover\state_migration_queue.json","3412","          ""code"": ""return json.load(f)"""
"C:\Users\USER\slh-bot-clean\state\takeover\state_migration_queue.json","3422","          ""code"": ""json.dump(devs, f, indent=2)"""
"C:\Users\USER\slh-bot-clean\state\takeover\state_migration_queue.json","3433","          ""code"": ""DB_PATH = \""state/db.json\"""""
"C:\Users\USER\slh-bot-clean\state\takeover\state_migration_queue.json","3438","          ""code"": ""db = json.load(open(DB_PATH))"""
"C:\Users\USER\slh-bot-clean\state\takeover\state_migration_queue.json","3449","          ""code"": ""DB_PATH = \""state/db.json\"""""
"C:\Users\USER\slh-bot-clean\state\takeover\state_migration_queue.json","3459","          ""code"": ""return json.load(f)"""
"C:\Users\USER\slh-bot-clean\state\takeover\state_migration_queue.json","3474","          ""code"": ""json.dump(db, f, indent=2, ensure_ascii=False)"""
"C:\Users\USER\slh-bot-clean\state\takeover\state_migration_queue.json","3485","          ""code"": ""DB_PATH = \""state/db.json\"""""
"C:\Users\USER\slh-bot-clean\state\takeover\state_migration_queue.json","3495","          ""code"": ""db = json.load(f)"""
"C:\Users\USER\slh-bot-clean\state\takeover\state_migration_queue.json","3505","          ""code"": ""db = json.load(f)"""
"C:\Users\USER\slh-bot-clean\state\takeover\state_migration_queue.json","3516","          ""code"": ""return json.load(f)"""
"C:\Users\USER\slh-bot-clean\state\takeover\state_migration_queue.json","3526","          ""code"": ""json.dump(data, f, indent=2)"""
"C:\Users\USER\slh-bot-clean\state\takeover\state_migration_queue.json","3537","          ""code"": ""return json.load(f)"""
"C:\Users\USER\slh-bot-clean\state\takeover\state_migration_queue.json","3547","          ""code"": ""json.dump(data, f, indent=2)"""
"C:\Users\USER\slh-bot-clean\state\takeover\state_migration_queue.json","3552","          ""code"": ""return json.load(f)"""
"C:\Users\USER\slh-bot-clean\state\takeover\state_migration_queue.json","3562","          ""code"": ""json.dump(data, f, indent=2)"""
"C:\Users\USER\slh-bot-clean\state\takeover\state_migration_queue.json","3567","          ""code"": ""return json.load(f)"""
"C:\Users\USER\slh-bot-clean\state\takeover\state_migration_queue.json","3578","          ""code"": ""return json.load(f)"""
"C:\Users\USER\slh-bot-clean\state\takeover\state_migration_queue.json","3588","          ""code"": ""json.dump(events, f, indent=2)"""
"C:\Users\USER\slh-bot-clean\state\takeover\state_migration_queue.json","3599","          ""code"": ""return json.load(f)"""
"C:\Users\USER\slh-bot-clean\state\takeover\state_migration_queue.json","3610","          ""code"": ""with open('state/db.json') as f:"""
"C:\Users\USER\slh-bot-clean\state\takeover\state_migration_queue.json","3615","          ""code"": ""users = json.load(f).get('users', {})"""
"C:\Users\USER\slh-bot-clean\state\takeover\state_migration_queue.json","3620","          ""code"": ""bot.reply_to(m, '<pre>' + json.dumps(debug_ask(text), indent=2, ensure_ascii=False) + '</pre>', parse_mode='HTML')"""
"C:\Users\USER\slh-bot-clean\state\takeover\state_migration_queue.json","3641","          ""code"": ""data = json.load(f)"""
"C:\Users\USER\slh-bot-clean\state\takeover\state_migration_queue.json","3646","          ""code"": ""with open('state/db.json') as f:"""
"C:\Users\USER\slh-bot-clean\state\takeover\state_migration_queue.json","3651","          ""code"": ""db = json.load(f)"""
"C:\Users\USER\slh-bot-clean\state\takeover\state_migration_queue.json","3656","          ""code"": ""with open('state/db.json') as f:"""
"C:\Users\USER\slh-bot-clean\state\takeover\state_migration_queue.json","3661","          ""code"": ""db = json.load(f)"""
"C:\Users\USER\slh-bot-clean\state\takeover\state_migration_queue.json","3672","          ""code"": ""return json.load(f).get(\""BOT_TOKEN\"")"""
"C:\Users\USER\slh-bot-clean\state\takeover\state_migration_queue.json","3683","          ""code"": ""return json.loads("""
"C:\Users\USER\slh-bot-clean\state\takeover\state_migration_queue.json","3694","          ""code"": ""return json.loads("""
"C:\Users\USER\slh-bot-clean\state\takeover\state_migration_queue.json","3705","          ""code"": ""return json.loads("""
"C:\Users\USER\slh-bot-clean\state\takeover\state_migration_queue.json","3716","          ""code"": ""return json.loads("""
"C:\Users\USER\slh-bot-clean\state\takeover\state_migration_queue.json","3721","          ""code"": ""canonical = json.dumps("""
"C:\Users\USER\slh-bot-clean\state\takeover\state_migration_queue.json","3726","          ""code"": ""result_data = json.loads("""
"C:\Users\USER\slh-bot-clean\state\takeover\state_migration_queue.json","3737","          ""code"": ""return json.loads("""
"C:\Users\USER\slh-bot-clean\state\takeover\state_migration_queue.json","3742","          ""code"": ""canonical = json.dumps("""
"C:\Users\USER\slh-bot-clean\state\takeover\state_migration_queue.json","3747","          ""code"": ""result = json.loads("""
"C:\Users\USER\slh-bot-clean\state\takeover\state_migration_queue.json","3758","          ""code"": ""return json.loads("""
"C:\Users\USER\slh-bot-clean\state\takeover\state_migration_queue.json","3763","          ""code"": ""canonical = json.dumps("""
"C:\Users\USER\slh-bot-clean\state\takeover\state_migration_queue.json","3768","          ""code"": ""result_data = json.loads("""
"C:\Users\USER\slh-bot-clean\state\takeover\state_migration_queue.json","3779","          ""code"": ""return json.loads("""
"C:\Users\USER\slh-bot-clean\state\takeover\state_migration_queue.json","3790","          ""code"": ""return json.loads("""
"C:\Users\USER\slh-bot-clean\state\takeover\state_migration_queue.json","3801","          ""code"": ""return json.loads("""
"C:\Users\USER\slh-bot-clean\state\takeover\state_migration_queue.json","3812","          ""code"": ""return json.loads("""
"C:\Users\USER\slh-bot-clean\state\takeover\state_migration_queue.json","3823","          ""code"": ""json.dumps("""
"C:\Users\USER\slh-bot-clean\state\takeover\state_migration_queue.json","3836","          ""code"": ""cfg = json.load(open(\""config.json\""))"""
"C:\Users\USER\slh-bot-clean\state\takeover\state_migration_queue.json","3852","          ""code"": ""json.dump(agents, f)"""
"C:\Users\USER\slh-bot-clean\state\takeover\state_migration_queue.json","3857","          ""code"": ""loaded = json.load(f)"""
"C:\Users\USER\slh-bot-clean\state\takeover\state_migration_queue.json","3868","          ""code"": ""bus._process(eid, etype, json.loads(payload))"""
"C:\Users\USER\slh-bot-clean\state\takeover\state_migration_queue.json","3873","          ""code"": ""bus._process(eid, etype, json.loads(payload))"""
"C:\Users\USER\slh-bot-clean\state\takeover\state_migration_queue.json","3878","          ""code"": ""bus._process(eid, etype, json.loads(payload))"""
"C:\Users\USER\slh-bot-clean\state\takeover\state_migration_queue.json","3889","          ""code"": ""return json.loads(path.read_text(encoding=\""utf-8\""))"""
"C:\Users\USER\slh-bot-clean\state\takeover\state_migration_queue.json","3899","          ""code"": ""json.dumps(data, indent=2, ensure_ascii=False),"""
"C:\Users\USER\slh-bot-clean\state\takeover\state_migration_queue.json","3910","          ""code"": ""db=json.load(open(DB,encoding=\""utf8\""))"""
"C:\Users\USER\slh-bot-clean\state\takeover\state_migration_queue.json","3915","          ""code"": ""json.dump("""
"C:\Users\USER\slh-bot-clean\state\takeover\state_migration_queue.json","3936","          ""code"": ""\""json.load\"","""
"C:\Users\USER\slh-bot-clean\state\takeover\state_migration_queue.json","3941","          ""code"": ""\""json.dump\"","""
"C:\Users\USER\slh-bot-clean\state\takeover\state_migration_queue.json","3946","          ""code"": ""\""json.loads\"","""
"C:\Users\USER\slh-bot-clean\state\takeover\state_migration_queue.json","3951","          ""code"": ""\""json.dumps\"","""
"C:\Users\USER\slh-bot-clean\state\takeover\state_migration_queue.json","3956","          ""code"": ""\""json.dump\"","""
"C:\Users\USER\slh-bot-clean\state\takeover\state_migration_queue.json","3961","          ""code"": ""\""json.dumps\"","""
"C:\Users\USER\slh-bot-clean\state\takeover\state_migration_queue.json","3966","          ""code"": ""\""json.load\"","""
"C:\Users\USER\slh-bot-clean\state\takeover\state_migration_queue.json","3971","          ""code"": ""\""json.loads\"","""
"C:\Users\USER\slh-bot-clean\state\takeover\state_migration_queue.json","4017","          ""code"": ""json.dumps("""
"C:\Users\USER\slh-bot-clean\state\takeover\state_migration_queue.json","4066","          ""code"": ""json.dumps("""
"C:\Users\USER\slh-bot-clean\state\takeover\state_migration_queue.json","4131","          ""code"": ""data = json.loads("""
"C:\Users\USER\slh-bot-clean\state\takeover\state_migration_queue.json","4136","          ""code"": ""json.dumps("""
"C:\Users\USER\slh-bot-clean\state\takeover\state_migration_queue.json","4141","          ""code"": ""board = json.loads("""
"C:\Users\USER\slh-bot-clean\state\takeover\state_migration_queue.json","4146","          ""code"": ""print(json.dumps("""
"C:\Users\USER\slh-bot-clean\state\takeover\state_migration_queue.json","4151","          ""code"": ""board = json.loads("""
"C:\Users\USER\slh-bot-clean\state\takeover\state_migration_queue.json","4156","          ""code"": ""print(\""BOARD STATE:\"", json.dumps("""
"C:\Users\USER\slh-bot-clean\state\takeover\state_migration_queue.json","4161","          ""code"": ""board = json.loads("""
"C:\Users\USER\slh-bot-clean\state\takeover\state_migration_queue.json","4166","          ""code"": ""print(\""BOARD STATE:\"", json.dumps("""
"C:\Users\USER\slh-bot-clean\state\takeover\state_migration_queue.json","4171","          ""code"": ""board = json.loads("""
"C:\Users\USER\slh-bot-clean\state\takeover\state_migration_queue.json","4176","          ""code"": ""print(\""BOARD STATE:\"", json.dumps("""
"C:\Users\USER\slh-bot-clean\state\takeover\state_migration_queue.json","4186","          ""code"": ""final_board = json.loads("""
"C:\Users\USER\slh-bot-clean\state\takeover\state_migration_queue.json","4202","          ""code"": ""print(json.dumps("""
"C:\Users\USER\slh-bot-clean\state\takeover\state_migration_queue.json","4213","          ""code"": ""return json.loads("""
"C:\Users\USER\slh-bot-clean\state\takeover\state_migration_queue.json","4223","          ""code"": ""json.dumps("""
"C:\Users\USER\slh-bot-clean\state\takeover\user_acceptance_audit.json","17","      ""detail"": ""/data/data/com.termux/files/home/slh_clean/state/db.json"""
"C:\Users\USER\slh-bot-clean\state\governance.json","3","  ""source_of_truth"": ""state/db.json"","
"C:\Users\USER\slh-bot-clean\state\reputation_audit.py","10","            return json.load(f)"
"C:\Users\USER\slh-bot-clean\state\reputation_audit.py","17","        json.dump(data, f, indent=2)"
"C:\Users\USER\slh-bot-clean\state\reputation_engine.py","13","        return json.load(f)"
"C:\Users\USER\slh-bot-clean\state\reputation_engine.py","18","        json.dump(data, f, indent=2)"
"C:\Users\USER\slh-bot-clean\state\reputation_engine.py","25","        return json.load(f)"
"C:\Users\USER\slh-bot-clean\state\reputation_engine.py","30","        json.dump(data, f, indent=2)"
"C:\Users\USER\slh-bot-clean\state\reputation_engine.py","73","        return json.load(f)"
"C:\Users\USER\slh-bot-clean\state\reputation_guard.py","10","        return json.load(f)"
"C:\Users\USER\slh-bot-clean\state\reputation_guard.py","15","        json.dump(events, f, indent=2)"
"C:\Users\USER\slh-bot-clean\state\reputation_verifier.py","8","        return json.load(f)"
"C:\Users\USER\slh-bot-clean\state\token_loader.py","13","            data = json.load(f)"
"C:\Users\USER\slh-bot-clean\state\token_loader.py","22","        with open('state/db.json') as f:"
"C:\Users\USER\slh-bot-clean\state\token_loader.py","23","            db = json.load(f)"
"C:\Users\USER\slh-bot-clean\state\token_loader.py","32","        with open('state/db.json') as f:"
"C:\Users\USER\slh-bot-clean\state\token_loader.py","33","            db = json.load(f)"
"C:\Users\USER\slh-bot-clean\store\engine.py","10","            return json.load(f)"
"C:\Users\USER\slh-bot-clean\store\purchase_service.py","14","        return json.load(open(LEDGER_FILE, encoding=""utf-8-sig""))"
"C:\Users\USER\slh-bot-clean\store\purchase_service.py","21","        json.dump(data, f, indent=2, ensure_ascii=False)"
"C:\Users\USER\slh-bot-clean\tests\system_check.py","18","    results.append(ok(""DB exists"", os.path.exists(""state/db.json"")))"
"C:\Users\USER\slh-bot-clean\tests\system_check.py","22","        cfg = json.load(open(""config.json""))"
"C:\Users\USER\slh-bot-clean\tests\test_agent.py","38","    json.dump(agents, f)"
"C:\Users\USER\slh-bot-clean\tests\test_agent.py","40","    loaded = json.load(f)"
"C:\Users\USER\slh-bot-clean\tests\test_task_and_audit.py","52","    bus._process(eid, etype, json.loads(payload))"
"C:\Users\USER\slh-bot-clean\tests\test_task_and_audit.py","62","    bus._process(eid, etype, json.loads(payload))"
"C:\Users\USER\slh-bot-clean\tests\test_task_and_audit.py","73","        bus._process(eid, etype, json.loads(payload))"
"C:\Users\USER\slh-bot-clean\tools\active_loader_audit.py","258","        json.dumps("
"C:\Users\USER\slh-bot-clean\tools\agent_state_autopilot.py","12","DB = ROOT / ""state"" / ""db.json"""
"C:\Users\USER\slh-bot-clean\tools\agent_state_autopilot.py","13","SNAPSHOT = ROOT / ""state"" / ""agents.json"""
"C:\Users\USER\slh-bot-clean\tools\agent_state_autopilot.py","14","MANIFEST = ROOT / ""state"" / ""takeover"" / ""manifest.json"""
"C:\Users\USER\slh-bot-clean\tools\agent_state_autopilot.py","16","BACKUP_ROOT = ROOT / ""state"" / ""snapshots"" / ""agent_state_autopilot"""
"C:\Users\USER\slh-bot-clean\tools\agent_state_autopilot.py","30","        return json.loads(path.read_text(encoding=""utf-8""))"
"C:\Users\USER\slh-bot-clean\tools\agent_state_autopilot.py","39","        json.dumps(data, indent=2, ensure_ascii=False),"
"C:\Users\USER\slh-bot-clean\tools\agent_state_autopilot.py","139","    print(""state/db.json"")"
"C:\Users\USER\slh-bot-clean\tools\agent_state_autopilot.py","212","    print(""2. Rebuild state/agents.json from state/db.json"")"
"C:\Users\USER\slh-bot-clean\tools\agent_sync_guard.py","6","DB=""state/db.json"""
"C:\Users\USER\slh-bot-clean\tools\agent_sync_guard.py","18","db=json.load(open(DB,encoding=""utf8""))"
"C:\Users\USER\slh-bot-clean\tools\agent_sync_guard.py","36","    json.dump("
"C:\Users\USER\slh-bot-clean\tools\audit_state_access.py","28","    ""json.load"","
"C:\Users\USER\slh-bot-clean\tools\audit_state_access.py","29","    ""json.dump"","
"C:\Users\USER\slh-bot-clean\tools\audit_state_access.py","30","    ""json.loads"","
"C:\Users\USER\slh-bot-clean\tools\audit_state_access.py","31","    ""json.dumps"","
"C:\Users\USER\slh-bot-clean\tools\audit_state_access.py","62","        ""json.dump"","
"C:\Users\USER\slh-bot-clean\tools\audit_state_access.py","63","        ""json.dumps"","
"C:\Users\USER\slh-bot-clean\tools\audit_state_access.py","74","        ""json.load"","
"C:\Users\USER\slh-bot-clean\tools\audit_state_access.py","75","        ""json.loads"","
"C:\Users\USER\slh-bot-clean\tools\build_state_migration_queue.py","48","        ""state_manager.py"","
"C:\Users\USER\slh-bot-clean\tools\build_state_migration_queue.py","225","        json.dumps("
"C:\Users\USER\slh-bot-clean\tools\create_ai_health_state.py","8","        json.dumps("
"C:\Users\USER\slh-bot-clean\tools\discover_projects.py","159","        json.dumps("
"C:\Users\USER\slh-bot-clean\tools\discover_termux_projects.py","202","        json.dumps("
"C:\Users\USER\slh-bot-clean\tools\full_static_handler_audit.py","43","CUSTOM_DIR = ROOT / ""state"" / ""custom_handlers"""
"C:\Users\USER\slh-bot-clean\tools\full_static_handler_audit.py","810","        json.dumps("
"C:\Users\USER\slh-bot-clean\tools\full_system_audit.py","34","    d=json.load(open(""state/db.json"", encoding=""utf-8""))"
"C:\Users\USER\slh-bot-clean\tools\full_system_audit.py","35","    agents=json.load(open('state/agents.json', encoding='utf-8'))"
"C:\Users\USER\slh-bot-clean\tools\full_system_audit.py","71","    json.load(open(""state/agents.json"", encoding=""utf-8""))"
"C:\Users\USER\slh-bot-clean\tools\full_system_audit.py","93","open(""FULL_SYSTEM_AUDIT.json"",""w"",encoding=""utf-8"").write(json.dumps(report,indent=2,ensure_ascii=False))"
"C:\Users\USER\slh-bot-clean\tools\loader_registration_audit.py","334","        json.dumps("
"C:\Users\USER\slh-bot-clean\tools\runtime_command_registration_audit.py","33","CUSTOM_DIR = ROOT / ""state"" / ""custom_handlers"""
"C:\Users\USER\slh-bot-clean\tools\runtime_command_registration_audit.py","551","        json.dumps("
"C:\Users\USER\slh-bot-clean\tools\runtime_loading_path_audit.py","42","CUSTOM_DIR = ROOT / ""state"" / ""custom_handlers"""
"C:\Users\USER\slh-bot-clean\tools\runtime_loading_path_audit.py","961","        json.dumps("
"C:\Users\USER\slh-bot-clean\tools\runtime_state_access_classification.py","41","    return json.loads("
"C:\Users\USER\slh-bot-clean\tools\runtime_state_access_classification.py","149","        ""json.dumps"" in lower"
"C:\Users\USER\slh-bot-clean\tools\runtime_state_access_classification.py","150","        or ""json.loads"" in lower"
"C:\Users\USER\slh-bot-clean\tools\runtime_state_access_classification.py","164","        ""state/db.json"" in lower"
"C:\Users\USER\slh-bot-clean\tools\runtime_state_access_classification.py","202","            ""json.load"" in code"
"C:\Users\USER\slh-bot-clean\tools\runtime_state_access_classification.py","216","            ""json.dump"" in code"
"C:\Users\USER\slh-bot-clean\tools\runtime_state_access_classification.py","498","        json.dumps("
"C:\Users\USER\slh-bot-clean\tools\runtime_state_dependency_map.py","395","        json.dumps("
"C:\Users\USER\slh-bot-clean\tools\session_closure_audit.py","177","for path in [ROOT / ""config.json"", ROOT / ""state/db.json""]:"
"C:\Users\USER\slh-bot-clean\tools\session_closure_audit.py","336","    json.dumps(report, indent=2, ensure_ascii=False),"
"C:\Users\USER\slh-bot-clean\tools\slh_doctor.py","54","    path=""state/db.json"""
"C:\Users\USER\slh-bot-clean\tools\slh_doctor.py","57","        raise Exception(""missing state/db.json"")"
"C:\Users\USER\slh-bot-clean\tools\slh_doctor.py","60","        json.load(f)"
"C:\Users\USER\slh-bot-clean\tools\slh_launch_check.py","59","    print(json.dumps("
"C:\Users\USER\slh-bot-clean\tools\slh_launch_check.py","60","        json.loads(health.read_text(encoding=""utf-8"")),"
"C:\Users\USER\slh-bot-clean\tools\slh_migrate.py","20","BOARD = ROOT / ""state"" / ""missions"" / ""board.json"""
"C:\Users\USER\slh-bot-clean\tools\slh_migrate.py","1035","        ROOT / ""state"" / ""agents.json"","
"C:\Users\USER\slh-bot-clean\tools\slh_migrate.py","1036","        ROOT / ""state"" / ""db.json"","
"C:\Users\USER\slh-bot-clean\tools\slh_migrate.py","1037","        ROOT / ""state"" / ""users.json"","
"C:\Users\USER\slh-bot-clean\tools\slh_migrate.py","1081","            data = json.loads("
"C:\Users\USER\slh-bot-clean\tools\slh_migrate.py","1252","                json.dumps("
"C:\Users\USER\slh-bot-clean\tools\slh_migrate.py","1332","        board = json.loads("
"C:\Users\USER\slh-bot-clean\tools\slh_migrate.py","1347","        print(json.dumps("
"C:\Users\USER\slh-bot-clean\tools\slh_migrate.py","1363","        board = json.loads("
"C:\Users\USER\slh-bot-clean\tools\slh_migrate.py","1378","        print(""BOARD STATE:"", json.dumps("
"C:\Users\USER\slh-bot-clean\tools\slh_migrate.py","1393","        board = json.loads("
"C:\Users\USER\slh-bot-clean\tools\slh_migrate.py","1408","        print(""BOARD STATE:"", json.dumps("
"C:\Users\USER\slh-bot-clean\tools\slh_migrate.py","1423","        board = json.loads("
"C:\Users\USER\slh-bot-clean\tools\slh_migrate.py","1438","        print(""BOARD STATE:"", json.dumps("
"C:\Users\USER\slh-bot-clean\tools\slh_migrate.py","1664","        final_board = json.loads("
"C:\Users\USER\slh-bot-clean\tools\test_agent_state_full.py","21","DB = ROOT / ""state"" / ""db.json"""
"C:\Users\USER\slh-bot-clean\tools\test_agent_state_full.py","22","SNAPSHOT = ROOT / ""state"" / ""agents.json"""
"C:\Users\USER\slh-bot-clean\tools\test_agent_state_full.py","43","    print(json.dumps("
"C:\Users\USER\slh-bot-clean\tools\upgrade_ai_guard_persistent.py","27","        return json.loads("
"C:\Users\USER\slh-bot-clean\tools\upgrade_ai_guard_persistent.py","41","        json.dumps("
"C:\Users\USER\slh-bot-clean\tools\user_acceptance_audit.py","57","    db_file = ROOT / ""state"" / ""db.json"""
"C:\Users\USER\slh-bot-clean\tools\user_acceptance_audit.py","85","            db = json.loads("
"C:\Users\USER\slh-bot-clean\tools\user_acceptance_audit.py","304","        json.dumps("
"C:\Users\USER\slh-bot-clean\tools\user_command_audit.py","211","        json.dumps("
"C:\Users\USER\slh-bot-clean\tools\user_command_wiring_audit.py","290","        json.dumps("
"C:\Users\USER\slh-bot-clean\venv\Lib\site-packages\aiohttp\client.py","321","        json_serialize: JSONEncoder = json.dumps,"
"C:\Users\USER\slh-bot-clean\_archive\legacy_handlers\20260813_210100\broadcast_handler.py","1","import json, state_manager"
"C:\Users\USER\slh-bot-clean\_archive\legacy_handlers\20260813_210100\broadcast_handler.py","15","            db = state_manager.load_db()"
"C:\Users\USER\slh-bot-clean\_slh_map\control\PYTHON_ENTRYPOINTS.json","1158","        ""file"":  ""state_manager.py"","
"C:\Users\USER\slh-bot-clean\_slh_map\control\PYTHON_ENTRYPOINTS.json","1159","        ""relative_path"":  ""state_manager.py"","
"C:\Users\USER\slh-bot-clean\_slh_map\dna\AUTHORITY_AUDIT.json","155","        ""state_manager"","
"C:\Users\USER\slh-bot-clean\_slh_map\scans\2026-08-13T185445_579625Z00\system_map.json","234","        ""json.load"","
"C:\Users\USER\slh-bot-clean\_slh_map\scans\2026-08-13T185445_579625Z00\system_map.json","237","        ""json.load"","
"C:\Users\USER\slh-bot-clean\_slh_map\scans\2026-08-13T185445_579625Z00\system_map.json","239","        ""json.dump"","
"C:\Users\USER\slh-bot-clean\_slh_map\scans\2026-08-13T185445_579625Z00\system_map.json","452","        ""json.loads"","
"C:\Users\USER\slh-bot-clean\_slh_map\scans\2026-08-13T185445_579625Z00\system_map.json","551","        ""json.loads"","
"C:\Users\USER\slh-bot-clean\_slh_map\scans\2026-08-13T185445_579625Z00\system_map.json","601","        ""json.dumps"","
"C:\Users\USER\slh-bot-clean\_slh_map\scans\2026-08-13T185445_579625Z00\system_map.json","641","        ""json.loads"","
"C:\Users\USER\slh-bot-clean\_slh_map\scans\2026-08-13T185445_579625Z00\system_map.json","751","        ""json.loads"","
"C:\Users\USER\slh-bot-clean\_slh_map\scans\2026-08-13T185445_579625Z00\system_map.json","754","        ""json.dumps"""
"C:\Users\USER\slh-bot-clean\_slh_map\scans\2026-08-13T185445_579625Z00\system_map.json","784","        ""json.load"","
"C:\Users\USER\slh-bot-clean\_slh_map\scans\2026-08-13T185445_579625Z00\system_map.json","923","        ""json.load"","
"C:\Users\USER\slh-bot-clean\_slh_map\scans\2026-08-13T185445_579625Z00\system_map.json","934","        ""json.load"","
"C:\Users\USER\slh-bot-clean\_slh_map\scans\2026-08-13T185445_579625Z00\system_map.json","941","        ""json.load"","
"C:\Users\USER\slh-bot-clean\_slh_map\scans\2026-08-13T185445_579625Z00\system_map.json","1008","        ""state_manager"","
"C:\Users\USER\slh-bot-clean\_slh_map\scans\2026-08-13T185445_579625Z00\system_map.json","1186","        ""json.load"","
"C:\Users\USER\slh-bot-clean\_slh_map\scans\2026-08-13T185445_579625Z00\system_map.json","1195","        ""json.dump"","
"C:\Users\USER\slh-bot-clean\_slh_map\scans\2026-08-13T185445_579625Z00\system_map.json","1199","        ""json.load"","
"C:\Users\USER\slh-bot-clean\_slh_map\scans\2026-08-13T185445_579625Z00\system_map.json","1211","        ""json.dump"","
"C:\Users\USER\slh-bot-clean\_slh_map\scans\2026-08-13T185445_579625Z00\system_map.json","1266","        ""json.load"","
"C:\Users\USER\slh-bot-clean\_slh_map\scans\2026-08-13T185445_579625Z00\system_map.json","1274","        ""json.load"","
"C:\Users\USER\slh-bot-clean\_slh_map\scans\2026-08-13T185445_579625Z00\system_map.json","1296","        ""json.load"","
"C:\Users\USER\slh-bot-clean\_slh_map\scans\2026-08-13T185445_579625Z00\system_map.json","1302","        ""json.load"","
"C:\Users\USER\slh-bot-clean\_slh_map\scans\2026-08-13T185445_579625Z00\system_map.json","1311","        ""json.loads"","
"C:\Users\USER\slh-bot-clean\_slh_map\scans\2026-08-13T185445_579625Z00\system_map.json","1335","        ""json.load"","
"C:\Users\USER\slh-bot-clean\_slh_map\scans\2026-08-13T185445_579625Z00\system_map.json","1344","        ""json.load"","
"C:\Users\USER\slh-bot-clean\_slh_map\scans\2026-08-13T185445_579625Z00\system_map.json","1434","        ""state_manager"""
"C:\Users\USER\slh-bot-clean\_slh_map\scans\2026-08-13T185445_579625Z00\system_map.json","1453","        ""state_manager.load_db"","
"C:\Users\USER\slh-bot-clean\_slh_map\scans\2026-08-13T185445_579625Z00\system_map.json","1461","        ""json.load"","
"C:\Users\USER\slh-bot-clean\_slh_map\scans\2026-08-13T185445_579625Z00\system_map.json","1502","        ""json.load"","
"C:\Users\USER\slh-bot-clean\_slh_map\scans\2026-08-13T185445_579625Z00\system_map.json","1504","        ""json.dump"","
"C:\Users\USER\slh-bot-clean\_slh_map\scans\2026-08-13T185445_579625Z00\system_map.json","1664","        ""json.load"","
"C:\Users\USER\slh-bot-clean\_slh_map\scans\2026-08-13T185445_579625Z00\system_map.json","1738","        ""json.load"","
"C:\Users\USER\slh-bot-clean\_slh_map\scans\2026-08-13T185445_579625Z00\system_map.json","1926","        ""json.dumps"","
"C:\Users\USER\slh-bot-clean\_slh_map\scans\2026-08-13T185445_579625Z00\system_map.json","1931","        ""json.load"","
"C:\Users\USER\slh-bot-clean\_slh_map\scans\2026-08-13T185445_579625Z00\system_map.json","1959","        ""json.dump"","
"C:\Users\USER\slh-bot-clean\_slh_map\scans\2026-08-13T185445_579625Z00\system_map.json","1991","        ""json.load"","
"C:\Users\USER\slh-bot-clean\_slh_map\scans\2026-08-13T185445_579625Z00\system_map.json","2057","        ""json.loads"","
"C:\Users\USER\slh-bot-clean\_slh_map\scans\2026-08-13T185445_579625Z00\system_map.json","2058","        ""json.dumps"","
"C:\Users\USER\slh-bot-clean\_slh_map\scans\2026-08-13T185445_579625Z00\system_map.json","2193","        ""json.dumps"","
"C:\Users\USER\slh-bot-clean\_slh_map\scans\2026-08-13T185445_579625Z00\system_map.json","2194","        ""json.loads"","
"C:\Users\USER\slh-bot-clean\_slh_map\scans\2026-08-13T185445_579625Z00\system_map.json","2267","        ""json.load"""
"C:\Users\USER\slh-bot-clean\_slh_map\scans\2026-08-13T185445_579625Z00\system_map.json","2328","        ""json.load"","
"C:\Users\USER\slh-bot-clean\_slh_map\scans\2026-08-13T185445_579625Z00\system_map.json","2332","        ""json.load"","
"C:\Users\USER\slh-bot-clean\_slh_map\scans\2026-08-13T185445_579625Z00\system_map.json","2375","        ""json.load"","
"C:\Users\USER\slh-bot-clean\_slh_map\scans\2026-08-13T185445_579625Z00\system_map.json","2562","        ""json.dumps"","
"C:\Users\USER\slh-bot-clean\_slh_map\scans\2026-08-13T185445_579625Z00\system_map.json","2870","        ""json.loads"","
"C:\Users\USER\slh-bot-clean\_slh_map\scans\2026-08-13T185445_579625Z00\system_map.json","2936","        ""json.dumps"","
"C:\Users\USER\slh-bot-clean\_slh_map\scans\2026-08-13T185445_579625Z00\system_map.json","2953","        ""json.dumps"","
"C:\Users\USER\slh-bot-clean\_slh_map\scans\2026-08-13T185445_579625Z00\system_map.json","2989","        ""json.dumps"","
"C:\Users\USER\slh-bot-clean\_slh_map\scans\2026-08-13T185445_579625Z00\system_map.json","2994","        ""json.dumps"","
"C:\Users\USER\slh-bot-clean\_slh_map\scans\2026-08-13T185445_579625Z00\system_map.json","3006","        ""json.dumps"","
"C:\Users\USER\slh-bot-clean\_slh_map\scans\2026-08-13T185445_579625Z00\system_map.json","3007","        ""json.dumps"","
"C:\Users\USER\slh-bot-clean\_slh_map\scans\2026-08-13T185445_579625Z00\system_map.json","3016","        ""json.dumps"","
"C:\Users\USER\slh-bot-clean\_slh_map\scans\2026-08-13T185445_579625Z00\system_map.json","3017","        ""json.dumps"","
"C:\Users\USER\slh-bot-clean\_slh_map\scans\2026-08-13T185445_579625Z00\system_map.json","3024","        ""json.loads"","
"C:\Users\USER\slh-bot-clean\_slh_map\scans\2026-08-13T185445_579625Z00\system_map.json","3027","        ""json.dumps"","
"C:\Users\USER\slh-bot-clean\_slh_map\scans\2026-08-13T185445_579625Z00\system_map.json","3072","        ""json.loads"","
"C:\Users\USER\slh-bot-clean\_slh_map\scans\2026-08-13T185445_579625Z00\system_map.json","3075","        ""json.dumps"","
"C:\Users\USER\slh-bot-clean\_slh_map\scans\2026-08-13T185445_579625Z00\system_map.json","3353","        ""state_manager"""
"C:\Users\USER\slh-bot-clean\_slh_map\scans\2026-08-13T185445_579625Z00\system_map.json","3386","        ""state_manager.atomic_update"","
"C:\Users\USER\slh-bot-clean\_slh_map\scans\2026-08-13T185445_579625Z00\system_map.json","3401","        ""json.load"","
"C:\Users\USER\slh-bot-clean\_slh_map\scans\2026-08-13T185445_579625Z00\system_map.json","3403","        ""json.dump"","
"C:\Users\USER\slh-bot-clean\_slh_map\scans\2026-08-13T185445_579625Z00\system_map.json","3479","        ""json.loads"","
"C:\Users\USER\slh-bot-clean\_slh_map\scans\2026-08-13T185445_579625Z00\system_map.json","3506","        ""json.dumps"","
"C:\Users\USER\slh-bot-clean\_slh_map\scans\2026-08-13T185445_579625Z00\system_map.json","3591","        ""json.loads"","
"C:\Users\USER\slh-bot-clean\_slh_map\scans\2026-08-13T185445_579625Z00\system_map.json","3636","        ""json.dumps"","
"C:\Users\USER\slh-bot-clean\_slh_map\scans\2026-08-13T185445_579625Z00\system_map.json","3672","        ""json.loads"","
"C:\Users\USER\slh-bot-clean\_slh_map\scans\2026-08-13T185445_579625Z00\system_map.json","3673","        ""json.dumps"","
"C:\Users\USER\slh-bot-clean\_slh_map\scans\2026-08-13T185445_579625Z00\system_map.json","3821","        ""json.dumps"","
"C:\Users\USER\slh-bot-clean\_slh_map\scans\2026-08-13T185445_579625Z00\system_map.json","3837","        ""json.load"","
"C:\Users\USER\slh-bot-clean\_slh_map\scans\2026-08-13T185445_579625Z00\system_map.json","3919","        ""json.dump"","
"C:\Users\USER\slh-bot-clean\_slh_map\scans\2026-08-13T185445_579625Z00\system_map.json","3940","        ""json.load"","
"C:\Users\USER\slh-bot-clean\_slh_map\scans\2026-08-13T185445_579625Z00\system_map.json","3979","        ""json.load"","
"C:\Users\USER\slh-bot-clean\_slh_map\scans\2026-08-13T185445_579625Z00\system_map.json","3981","        ""json.dump"","
"C:\Users\USER\slh-bot-clean\_slh_map\scans\2026-08-13T185445_579625Z00\system_map.json","4023","        ""json.load"","
"C:\Users\USER\slh-bot-clean\_slh_map\scans\2026-08-13T185445_579625Z00\system_map.json","4027","        ""json.load"","
"C:\Users\USER\slh-bot-clean\_slh_map\scans\2026-08-13T185445_579625Z00\system_map.json","4142","        ""json.dumps"","
"C:\Users\USER\slh-bot-clean\_slh_map\scans\2026-08-13T185445_579625Z00\system_map.json","4152","        ""json.loads"","
"C:\Users\USER\slh-bot-clean\_slh_map\scans\2026-08-13T185445_579625Z00\system_map.json","4258","        ""state_manager"""
"C:\Users\USER\slh-bot-clean\_slh_map\scans\2026-08-13T185445_579625Z00\system_map.json","4274","        ""state_manager.get_agents"","
"C:\Users\USER\slh-bot-clean\_slh_map\scans\2026-08-13T185445_579625Z00\system_map.json","4275","        ""state_manager.set_agents"","
"C:\Users\USER\slh-bot-clean\_slh_map\scans\2026-08-13T185445_579625Z00\system_map.json","4285","        ""json.load"","
"C:\Users\USER\slh-bot-clean\_slh_map\scans\2026-08-13T185445_579625Z00\system_map.json","4359","        ""json.dump"","
"C:\Users\USER\slh-bot-clean\_slh_map\scans\2026-08-13T185445_579625Z00\system_map.json","4372","        ""json.load"","
"C:\Users\USER\slh-bot-clean\_slh_map\scans\2026-08-13T185445_579625Z00\system_map.json","4577","        ""json.dump"","
"C:\Users\USER\slh-bot-clean\_slh_map\scans\2026-08-13T185445_579625Z00\system_map.json","4586","        ""json.load"","
"C:\Users\USER\slh-bot-clean\_slh_map\scans\2026-08-13T185445_579625Z00\system_map.json","4657","        ""state_manager"","
"C:\Users\USER\slh-bot-clean\_slh_map\scans\2026-08-13T185445_579625Z00\system_map.json","4678","        ""state_manager.load_db"","
"C:\Users\USER\slh-bot-clean\_slh_map\scans\2026-08-13T185445_579625Z00\system_map.json","4682","        ""state_manager.load_db"","
"C:\Users\USER\slh-bot-clean\_slh_map\scans\2026-08-13T185445_579625Z00\system_map.json","4688","        ""state_manager.save_db"","
"C:\Users\USER\slh-bot-clean\_slh_map\scans\2026-08-13T185445_579625Z00\system_map.json","4692","        ""state_manager.load_db"","
"C:\Users\USER\slh-bot-clean\_slh_map\scans\2026-08-13T185445_579625Z00\system_map.json","4694","        ""state_manager.save_db"","
"C:\Users\USER\slh-bot-clean\_slh_map\scans\2026-08-13T185445_579625Z00\system_map.json","4960","        ""json.load"","
"C:\Users\USER\slh-bot-clean\_slh_map\scans\2026-08-13T185445_579625Z00\system_map.json","5143","        ""json.load"","
"C:\Users\USER\slh-bot-clean\_slh_map\scans\2026-08-13T185445_579625Z00\system_map.json","5145","        ""json.dump"","
"C:\Users\USER\slh-bot-clean\_slh_map\scans\2026-08-13T185445_579625Z00\system_map.json","5252","        ""json.dumps"""
"C:\Users\USER\slh-bot-clean\_slh_map\scans\2026-08-13T185445_579625Z00\system_map.json","5405","        ""json.load"","
"C:\Users\USER\slh-bot-clean\_slh_map\scans\2026-08-13T185445_579625Z00\system_map.json","5407","        ""json.dump"","
"C:\Users\USER\slh-bot-clean\_slh_map\scans\2026-08-13T185445_579625Z00\system_map.json","5465","        ""json.load"","
"C:\Users\USER\slh-bot-clean\_slh_map\scans\2026-08-13T185445_579625Z00\system_map.json","5517","        ""json.load"","
"C:\Users\USER\slh-bot-clean\_slh_map\scans\2026-08-13T185445_579625Z00\system_map.json","5583","        ""json.load"","
"C:\Users\USER\slh-bot-clean\_slh_map\scans\2026-08-13T185445_579625Z00\system_map.json","5637","        ""state_manager"""
"C:\Users\USER\slh-bot-clean\_slh_map\scans\2026-08-13T185445_579625Z00\system_map.json","5663","        ""state_manager.load_db"","
"C:\Users\USER\slh-bot-clean\_slh_map\scans\2026-08-13T185445_579625Z00\system_map.json","5741","        ""json.load"","
"C:\Users\USER\slh-bot-clean\_slh_map\scans\2026-08-13T185445_579625Z00\system_map.json","5849","        ""json.dump"","
"C:\Users\USER\slh-bot-clean\_slh_map\scans\2026-08-13T185445_579625Z00\system_map.json","5876","        ""json.load"","
"C:\Users\USER\slh-bot-clean\_slh_map\scans\2026-08-13T185445_579625Z00\system_map.json","5960","        ""json.dump"","
"C:\Users\USER\slh-bot-clean\_slh_map\scans\2026-08-13T185445_579625Z00\system_map.json","5981","        ""json.load"","
"C:\Users\USER\slh-bot-clean\_slh_map\scans\2026-08-13T185445_579625Z00\system_map.json","5991","        ""json.load"","
"C:\Users\USER\slh-bot-clean\_slh_map\scans\2026-08-13T185445_579625Z00\system_map.json","6048","        ""state_manager"","
"C:\Users\USER\slh-bot-clean\_slh_map\scans\2026-08-13T185445_579625Z00\system_map.json","6068","        ""state_manager.atomic_update"","
"C:\Users\USER\slh-bot-clean\_slh_map\scans\2026-08-13T185445_579625Z00\system_map.json","6074","        ""state_manager.load_db"","
"C:\Users\USER\slh-bot-clean\_slh_map\scans\2026-08-13T185445_579625Z00\system_map.json","6079","        ""state_manager.save_db"","
"C:\Users\USER\slh-bot-clean\_slh_map\scans\2026-08-13T185445_579625Z00\system_map.json","6141","        ""json.dump"","
"C:\Users\USER\slh-bot-clean\_slh_map\scans\2026-08-13T185445_579625Z00\system_map.json","6144","        ""json.load"","
"C:\Users\USER\slh-bot-clean\_slh_map\scans\2026-08-13T185445_579625Z00\system_map.json","6314","        ""json.loads"","
"C:\Users\USER\slh-bot-clean\_slh_map\scans\2026-08-13T185445_579625Z00\system_map.json","6316","        ""json.loads"","
"C:\Users\USER\slh-bot-clean\_slh_map\scans\2026-08-13T185445_579625Z00\system_map.json","6332","        ""json.dumps"","
"C:\Users\USER\slh-bot-clean\_slh_map\scans\2026-08-13T185445_579625Z00\system_map.json","6582","        ""json.loads"","
"C:\Users\USER\slh-bot-clean\_slh_map\scans\2026-08-13T185445_579625Z00\system_map.json","6586","        ""json.dumps"""
"C:\Users\USER\slh-bot-clean\_slh_map\scans\2026-08-13T185445_579625Z00\system_map.json","6834","        ""json.load"","
"C:\Users\USER\slh-bot-clean\_slh_map\scans\2026-08-13T185445_579625Z00\system_map.json","6869","        ""json.loads"","
"C:\Users\USER\slh-bot-clean\_slh_map\scans\2026-08-13T185445_579625Z00\system_map.json","6876","        ""json.dumps"","
"C:\Users\USER\slh-bot-clean\_slh_map\scans\2026-08-13T185445_579625Z00\system_map.json","6937","        ""json.load"","
"C:\Users\USER\slh-bot-clean\_slh_map\scans\2026-08-13T185445_579625Z00\system_map.json","6987","        ""json.load"","
"C:\Users\USER\slh-bot-clean\_slh_map\scans\2026-08-13T185445_579625Z00\system_map.json","7078","        ""json.dump"","
"C:\Users\USER\slh-bot-clean\_slh_map\scans\2026-08-13T185445_579625Z00\system_map.json","7095","        ""json.load"","
"C:\Users\USER\slh-bot-clean\_slh_map\scans\2026-08-13T185445_579625Z00\system_map.json","7265","        ""json.load"","
"C:\Users\USER\slh-bot-clean\_slh_map\scans\2026-08-13T185445_579625Z00\system_map.json","7345","        ""json.load"","
"C:\Users\USER\slh-bot-clean\_slh_map\scans\2026-08-13T185445_579625Z00\system_map.json","7409","        ""state_manager"","
"C:\Users\USER\slh-bot-clean\_slh_map\scans\2026-08-13T185445_579625Z00\system_map.json","7444","        ""state_manager.load_db"","
"C:\Users\USER\slh-bot-clean\_slh_map\scans\2026-08-13T185445_579625Z00\system_map.json","7454","        ""state_manager.load_db"","
"C:\Users\USER\slh-bot-clean\_slh_map\scans\2026-08-13T185445_579625Z00\system_map.json","7461","        ""state_manager.load_db"","
"C:\Users\USER\slh-bot-clean\_slh_map\scans\2026-08-13T185445_579625Z00\system_map.json","7463","        ""state_manager.load_db"","
"C:\Users\USER\slh-bot-clean\_slh_map\scans\2026-08-13T185445_579625Z00\system_map.json","7470","        ""state_manager.load_db"","
"C:\Users\USER\slh-bot-clean\_slh_map\scans\2026-08-13T185445_579625Z00\system_map.json","7473","        ""state_manager.save_db"","
"C:\Users\USER\slh-bot-clean\_slh_map\scans\2026-08-13T185445_579625Z00\system_map.json","7495","        ""state_manager.save_db"","
"C:\Users\USER\slh-bot-clean\_slh_map\scans\2026-08-13T185445_579625Z00\system_map.json","7573","        ""json.load"","
"C:\Users\USER\slh-bot-clean\_slh_map\scans\2026-08-13T185445_579625Z00\system_map.json","7635","        ""json.load"","
"C:\Users\USER\slh-bot-clean\_slh_map\scans\2026-08-13T185445_579625Z00\system_map.json","7640","        ""json.load"","
"C:\Users\USER\slh-bot-clean\_slh_map\scans\2026-08-13T185445_579625Z00\system_map.json","7727","        ""json.load"","
"C:\Users\USER\slh-bot-clean\_slh_map\scans\2026-08-13T185445_579625Z00\system_map.json","7731","        ""json.dump"","
"C:\Users\USER\slh-bot-clean\_slh_map\scans\2026-08-13T185445_579625Z00\system_map.json","7734","        ""json.load"","
"C:\Users\USER\slh-bot-clean\_slh_map\scans\2026-08-13T185445_579625Z00\system_map.json","7738","        ""json.dump"","
"C:\Users\USER\slh-bot-clean\_slh_map\scans\2026-08-13T185445_579625Z00\system_map.json","7865","        ""json.load"","
"C:\Users\USER\slh-bot-clean\_slh_map\scans\2026-08-13T185445_579625Z00\system_map.json","7867","        ""json.dump"","
"C:\Users\USER\slh-bot-clean\_slh_map\scans\2026-08-13T185445_579625Z00\system_map.json","7951","        ""json.load"","
"C:\Users\USER\slh-bot-clean\_slh_map\scans\2026-08-13T185445_579625Z00\system_map.json","7955","        ""json.load"","
"C:\Users\USER\slh-bot-clean\_slh_map\scans\2026-08-13T185445_579625Z00\system_map.json","7957","        ""json.dump"","
"C:\Users\USER\slh-bot-clean\_slh_map\scans\2026-08-13T185445_579625Z00\system_map.json","7990","        ""json.load"","
"C:\Users\USER\slh-bot-clean\_slh_map\scans\2026-08-13T185445_579625Z00\system_map.json","8133","        ""json.load"","
"C:\Users\USER\slh-bot-clean\_slh_map\scans\2026-08-13T185445_579625Z00\system_map.json","8297","        ""state_manager"","
"C:\Users\USER\slh-bot-clean\_slh_map\scans\2026-08-13T185445_579625Z00\system_map.json","8339","        ""json.dump"","
"C:\Users\USER\slh-bot-clean\_slh_map\scans\2026-08-13T185445_579625Z00\system_map.json","8347","        ""json.load"","
"C:\Users\USER\slh-bot-clean\_slh_map\scans\2026-08-13T185445_579625Z00\system_map.json","8352","        ""state_manager.get_agents"","
"C:\Users\USER\slh-bot-clean\_slh_map\scans\2026-08-13T185445_579625Z00\system_map.json","8356","        ""json.load"","
"C:\Users\USER\slh-bot-clean\_slh_map\scans\2026-08-13T185445_579625Z00\system_map.json","8365","        ""state_manager.set_agents"","
"C:\Users\USER\slh-bot-clean\_slh_map\scans\2026-08-13T185445_579625Z00\system_map.json","8377","        ""json.dump"","
"C:\Users\USER\slh-bot-clean\_slh_map\scans\2026-08-13T185445_579625Z00\system_map.json","8542","        ""state_manager"""
"C:\Users\USER\slh-bot-clean\_slh_map\scans\2026-08-13T185445_579625Z00\system_map.json","8556","        ""state_manager.load_db"","
"C:\Users\USER\slh-bot-clean\_slh_map\scans\2026-08-13T185445_579625Z00\system_map.json","8563","        ""state_manager.load_db"","
"C:\Users\USER\slh-bot-clean\_slh_map\scans\2026-08-13T185445_579625Z00\system_map.json","8564","        ""state_manager.save_db"","
"C:\Users\USER\slh-bot-clean\_slh_map\scans\2026-08-13T185445_579625Z00\system_map.json","8588","        ""state_manager"","
"C:\Users\USER\slh-bot-clean\_slh_map\scans\2026-08-13T185445_579625Z00\system_map.json","8618","        ""state_manager.load_db"","
"C:\Users\USER\slh-bot-clean\_slh_map\scans\2026-08-13T185445_579625Z00\system_map.json","8629","        ""state_manager.load_db"","
"C:\Users\USER\slh-bot-clean\_slh_map\scans\2026-08-13T185445_579625Z00\system_map.json","8634","        ""state_manager.save_db"","
"C:\Users\USER\slh-bot-clean\_slh_map\scans\2026-08-13T185445_579625Z00\system_map.json","8638","        ""state_manager.load_db"","
"C:\Users\USER\slh-bot-clean\_slh_map\scans\2026-08-13T185445_579625Z00\system_map.json","8644","        ""state_manager.save_db"","
"C:\Users\USER\slh-bot-clean\_slh_map\scans\2026-08-13T185445_579625Z00\system_map.json","8648","        ""state_manager.load_db"","
"C:\Users\USER\slh-bot-clean\_slh_map\scans\2026-08-13T185445_579625Z00\system_map.json","8651","        ""state_manager.save_db"","
"C:\Users\USER\slh-bot-clean\_slh_map\scans\2026-08-13T185445_579625Z00\system_map.json","8654","        ""state_manager.load_db"","
"C:\Users\USER\slh-bot-clean\_slh_map\scans\2026-08-13T185445_579625Z00\system_map.json","8661","        ""state_manager.load_db"","
"C:\Users\USER\slh-bot-clean\_slh_map\scans\2026-08-13T185445_579625Z00\system_map.json","8663","        ""state_manager.save_db"","
"C:\Users\USER\slh-bot-clean\_slh_map\scans\2026-08-13T185445_579625Z00\system_map.json","8748","        ""json.dump"","
"C:\Users\USER\slh-bot-clean\_slh_map\scans\2026-08-13T185445_579625Z00\system_map.json","8750","        ""json.load"""
"C:\Users\USER\slh-bot-clean\_slh_map\scans\2026-08-13T185445_579625Z00\system_map.json","8837","        ""json.loads"","
"C:\Users\USER\slh-bot-clean\_slh_map\scans\2026-08-13T185445_579625Z00\system_map.json","8890","        ""json.dumps"","
"C:\Users\USER\slh-bot-clean\_slh_map\scans\2026-08-13T185445_579625Z00\system_map.json","9020","        ""json.loads"","
"C:\Users\USER\slh-bot-clean\_slh_map\scans\2026-08-13T185445_579625Z00\system_map.json","9029","        ""json.dumps"","
"C:\Users\USER\slh-bot-clean\_slh_map\scans\2026-08-13T185445_579625Z00\system_map.json","9057","        ""json.dumps"","
"C:\Users\USER\slh-bot-clean\_slh_map\scans\2026-08-13T185445_579625Z00\system_map.json","9096","        ""json.dumps"","
"C:\Users\USER\slh-bot-clean\_slh_map\scans\2026-08-13T185445_579625Z00\system_map.json","9097","        ""json.dumps"","
"C:\Users\USER\slh-bot-clean\_slh_map\scans\2026-08-13T185445_579625Z00\system_map.json","9169","        ""json.loads"","
"C:\Users\USER\slh-bot-clean\_slh_map\scans\2026-08-13T185445_579625Z00\system_map.json","9177","        ""json.dumps"","
"C:\Users\USER\slh-bot-clean\_slh_map\scans\2026-08-13T185445_579625Z00\system_map.json","9202","        ""json.dumps"","
"C:\Users\USER\slh-bot-clean\_slh_map\scans\2026-08-13T185445_579625Z00\system_map.json","9240","        ""json.dumps"","
"C:\Users\USER\slh-bot-clean\_slh_map\scans\2026-08-13T185445_579625Z00\system_map.json","9241","        ""json.dumps"","
"C:\Users\USER\slh-bot-clean\_slh_map\scans\2026-08-13T185445_579625Z00\system_map.json","9311","        ""json.loads"","
"C:\Users\USER\slh-bot-clean\_slh_map\scans\2026-08-13T185445_579625Z00\system_map.json","9320","        ""json.dumps"","
"C:\Users\USER\slh-bot-clean\_slh_map\scans\2026-08-13T185445_579625Z00\system_map.json","9441","        ""json.loads"","
"C:\Users\USER\slh-bot-clean\_slh_map\scans\2026-08-13T185445_579625Z00\system_map.json","9485","        ""json.dumps"","
"C:\Users\USER\slh-bot-clean\_slh_map\scans\2026-08-13T185445_579625Z00\system_map.json","9592","        ""json.loads"","
"C:\Users\USER\slh-bot-clean\_slh_map\scans\2026-08-13T185445_579625Z00\system_map.json","9615","        ""json.dumps"","
"C:\Users\USER\slh-bot-clean\_slh_map\scans\2026-08-13T185445_579625Z00\system_map.json","9655","        ""json.dumps"","
"C:\Users\USER\slh-bot-clean\_slh_map\scans\2026-08-13T185445_579625Z00\system_map.json","9713","        ""json.loads"","
"C:\Users\USER\slh-bot-clean\_slh_map\scans\2026-08-13T185445_579625Z00\system_map.json","9821","        ""json.loads"","
"C:\Users\USER\slh-bot-clean\_slh_map\scans\2026-08-13T185445_579625Z00\system_map.json","9997","        ""json.loads"","
"C:\Users\USER\slh-bot-clean\_slh_map\scans\2026-08-13T185445_579625Z00\system_map.json","10014","        ""json.dumps"","
"C:\Users\USER\slh-bot-clean\_slh_map\scans\2026-08-13T185445_579625Z00\system_map.json","10062","        ""json.dumps"","
"C:\Users\USER\slh-bot-clean\_slh_map\scans\2026-08-13T185445_579625Z00\system_map.json","10123","        ""json.loads"","
"C:\Users\USER\slh-bot-clean\_slh_map\scans\2026-08-13T185445_579625Z00\system_map.json","10132","        ""json.dumps"","
"C:\Users\USER\slh-bot-clean\_slh_map\scans\2026-08-13T185445_579625Z00\system_map.json","10255","        ""json.loads"","
"C:\Users\USER\slh-bot-clean\_slh_map\scans\2026-08-13T185445_579625Z00\system_map.json","10398","        ""json.load"","
"C:\Users\USER\slh-bot-clean\_slh_map\scans\2026-08-13T185445_579625Z00\system_map.json","10457","        ""json.load"","
"C:\Users\USER\slh-bot-clean\_slh_map\scans\2026-08-13T185445_579625Z00\system_map.json","10503","        ""json.load"","
"C:\Users\USER\slh-bot-clean\_slh_map\scans\2026-08-13T185445_579625Z00\system_map.json","10505","        ""json.dump"","
"C:\Users\USER\slh-bot-clean\_slh_map\scans\2026-08-13T185445_579625Z00\system_map.json","10631","        ""json.load"","
"C:\Users\USER\slh-bot-clean\_slh_map\scans\2026-08-13T185445_579625Z00\system_map.json","10663","        ""json.load"","
"C:\Users\USER\slh-bot-clean\_slh_map\scans\2026-08-13T185445_579625Z00\system_map.json","10775","        ""json.load"","
"C:\Users\USER\slh-bot-clean\_slh_map\scans\2026-08-13T185445_579625Z00\system_map.json","10776","        ""json.dump"","
"C:\Users\USER\slh-bot-clean\_slh_map\scans\2026-08-13T185445_579625Z00\system_map.json","10821","        ""json.dump"","
"C:\Users\USER\slh-bot-clean\_slh_map\scans\2026-08-13T185445_579625Z00\system_map.json","10828","        ""json.load"","
"C:\Users\USER\slh-bot-clean\_slh_map\scans\2026-08-13T185445_579625Z00\system_map.json","10883","        ""json.load"","
"C:\Users\USER\slh-bot-clean\_slh_map\scans\2026-08-13T185445_579625Z00\system_map.json","10884","        ""json.dump"","
"C:\Users\USER\slh-bot-clean\_slh_map\scans\2026-08-13T185445_579625Z00\system_map.json","10898","        ""json.load"","
"C:\Users\USER\slh-bot-clean\_slh_map\scans\2026-08-13T185445_579625Z00\system_map.json","10911","        ""json.load"","
"C:\Users\USER\slh-bot-clean\_slh_map\scans\2026-08-13T185445_579625Z00\system_map.json","10924","        ""json.load"","
"C:\Users\USER\slh-bot-clean\_slh_map\scans\2026-08-13T185445_579625Z00\system_map.json","10936","        ""json.load"","
"C:\Users\USER\slh-bot-clean\_slh_map\scans\2026-08-13T185445_579625Z00\system_map.json","10947","        ""json.load"","
"C:\Users\USER\slh-bot-clean\_slh_map\scans\2026-08-13T185445_579625Z00\system_map.json","11011","        ""json.dump"","
"C:\Users\USER\slh-bot-clean\_slh_map\scans\2026-08-13T185445_579625Z00\system_map.json","11030","        ""json.load"","
"C:\Users\USER\slh-bot-clean\_slh_map\scans\2026-08-13T185445_579625Z00\system_map.json","11032","        ""json.dump"","
"C:\Users\USER\slh-bot-clean\_slh_map\scans\2026-08-13T185445_579625Z00\system_map.json","11096","        ""json.dump"","
"C:\Users\USER\slh-bot-clean\_slh_map\scans\2026-08-13T185445_579625Z00\system_map.json","11102","        ""json.load"","
"C:\Users\USER\slh-bot-clean\_slh_map\scans\2026-08-13T185445_579625Z00\system_map.json","11124","        ""json.load"","
"C:\Users\USER\slh-bot-clean\_slh_map\scans\2026-08-13T185445_579625Z00\system_map.json","11127","        ""json.load"","
"C:\Users\USER\slh-bot-clean\_slh_map\scans\2026-08-13T185445_579625Z00\system_map.json","11131","        ""json.load"","
"C:\Users\USER\slh-bot-clean\_slh_map\scans\2026-08-13T185445_579625Z00\system_map.json","11182","        ""json.loads"","
"C:\Users\USER\slh-bot-clean\_slh_map\scans\2026-08-13T185445_579625Z00\system_map.json","11344","        ""json.dump"","
"C:\Users\USER\slh-bot-clean\_slh_map\scans\2026-08-13T185445_579625Z00\system_map.json","11353","        ""json.load"","
"C:\Users\USER\slh-bot-clean\_slh_map\scans\2026-08-13T185445_579625Z00\system_map.json","11486","        ""json.load"","
"C:\Users\USER\slh-bot-clean\_slh_map\scans\2026-08-13T185445_579625Z00\system_map.json","11596","        ""json.load"","
"C:\Users\USER\slh-bot-clean\_slh_map\scans\2026-08-13T185445_579625Z00\system_map.json","11600","        ""json.load"","
"C:\Users\USER\slh-bot-clean\_slh_map\scans\2026-08-13T185445_579625Z00\system_map.json","11606","        ""json.dump"","
"C:\Users\USER\slh-bot-clean\_slh_map\scans\2026-08-13T185445_579625Z00\system_map.json","11608","        ""json.load"","
"C:\Users\USER\slh-bot-clean\_slh_map\scans\2026-08-13T185445_579625Z00\system_map.json","11657","        ""json.load"","
"C:\Users\USER\slh-bot-clean\_slh_map\scans\2026-08-13T185445_579625Z00\system_map.json","11660","        ""json.dump"","
"C:\Users\USER\slh-bot-clean\_slh_map\scans\2026-08-13T185445_579625Z00\system_map.json","11706","        ""json.load"","
"C:\Users\USER\slh-bot-clean\_slh_map\scans\2026-08-13T185445_579625Z00\system_map.json","11731","        ""json.loads"","
"C:\Users\USER\slh-bot-clean\_slh_map\scans\2026-08-13T185445_579625Z00\system_map.json","11801","        ""json.load"","
"C:\Users\USER\slh-bot-clean\_slh_map\scans\2026-08-13T185445_579625Z00\system_map.json","11803","        ""json.dump"","
"C:\Users\USER\slh-bot-clean\_slh_map\scans\2026-08-13T185445_579625Z00\system_map.json","11838","        ""state_manager"","
"C:\Users\USER\slh-bot-clean\_slh_map\scans\2026-08-13T185445_579625Z00\system_map.json","11860","        ""state_manager.load_db"","
"C:\Users\USER\slh-bot-clean\_slh_map\scans\2026-08-13T185445_579625Z00\system_map.json","11865","        ""state_manager.load_db"","
"C:\Users\USER\slh-bot-clean\_slh_map\scans\2026-08-13T185445_579625Z00\system_map.json","11870","        ""state_manager.save_db"","
"C:\Users\USER\slh-bot-clean\_slh_map\scans\2026-08-13T185445_579625Z00\system_map.json","11873","        ""state_manager.load_db"","
"C:\Users\USER\slh-bot-clean\_slh_map\scans\2026-08-13T185445_579625Z00\system_map.json","11878","        ""state_manager.save_db"","
"C:\Users\USER\slh-bot-clean\_slh_map\scans\2026-08-13T185445_579625Z00\system_map.json","11882","        ""state_manager.load_db"","
"C:\Users\USER\slh-bot-clean\_slh_map\scans\2026-08-13T185445_579625Z00\system_map.json","11883","        ""state_manager.save_db"","
"C:\Users\USER\slh-bot-clean\_slh_map\scans\2026-08-13T185445_579625Z00\system_map.json","11962","        ""state_manager"","
"C:\Users\USER\slh-bot-clean\_slh_map\scans\2026-08-13T185445_579625Z00\system_map.json","11993","        ""state_manager.load_db"","
"C:\Users\USER\slh-bot-clean\_slh_map\scans\2026-08-13T185445_579625Z00\system_map.json","12003","        ""state_manager.load_db"","
"C:\Users\USER\slh-bot-clean\_slh_map\scans\2026-08-13T185445_579625Z00\system_map.json","12010","        ""state_manager.load_db"","
"C:\Users\USER\slh-bot-clean\_slh_map\scans\2026-08-13T185445_579625Z00\system_map.json","12012","        ""state_manager.load_db"","
"C:\Users\USER\slh-bot-clean\_slh_map\scans\2026-08-13T185445_579625Z00\system_map.json","12019","        ""state_manager.load_db"","
"C:\Users\USER\slh-bot-clean\_slh_map\scans\2026-08-13T185445_579625Z00\system_map.json","12021","        ""state_manager.save_db"","
"C:\Users\USER\slh-bot-clean\_slh_map\scans\2026-08-13T185445_579625Z00\system_map.json","12044","        ""state_manager.save_db"","
"C:\Users\USER\slh-bot-clean\_slh_map\scans\2026-08-13T185445_579625Z00\system_map.json","12235","        ""json.load"","
"C:\Users\USER\slh-bot-clean\_slh_map\scans\2026-08-13T185445_579625Z00\system_map.json","12351","        ""json.load"","
"C:\Users\USER\slh-bot-clean\_slh_map\scans\2026-08-13T185445_579625Z00\system_map.json","12441","        ""json.load"","
"C:\Users\USER\slh-bot-clean\_slh_map\scans\2026-08-13T185445_579625Z00\system_map.json","12443","        ""json.dump"","
"C:\Users\USER\slh-bot-clean\_slh_map\scans\2026-08-13T185445_579625Z00\system_map.json","12445","        ""json.load"","
"C:\Users\USER\slh-bot-clean\_slh_map\scans\2026-08-13T185445_579625Z00\system_map.json","12452","        ""json.dump"","
"C:\Users\USER\slh-bot-clean\_slh_map\scans\2026-08-13T185445_579625Z00\system_map.json","12453","        ""json.dumps"","
"C:\Users\USER\slh-bot-clean\_slh_map\scans\2026-08-13T185445_579625Z00\system_map.json","12548","        ""json.load"","
"C:\Users\USER\slh-bot-clean\_slh_map\scans\2026-08-13T185445_579625Z00\system_map.json","12559","        ""json.load"","
"C:\Users\USER\slh-bot-clean\_slh_map\scans\2026-08-13T185445_579625Z00\system_map.json","12562","        ""json.load"","
"C:\Users\USER\slh-bot-clean\_slh_map\scans\2026-08-13T185445_579625Z00\system_map.json","12650","        ""json.load"","
"C:\Users\USER\slh-bot-clean\_slh_map\scans\2026-08-13T185445_579625Z00\system_map.json","12805","        ""json.dump"","
"C:\Users\USER\slh-bot-clean\_slh_map\scans\2026-08-13T185445_579625Z00\system_map.json","12813","        ""json.load"","
"C:\Users\USER\slh-bot-clean\_slh_map\scans\2026-08-13T185445_579625Z00\system_map.json","12921","        ""json.load"","
"C:\Users\USER\slh-bot-clean\_slh_map\scans\2026-08-13T185445_579625Z00\system_map.json","12924","        ""json.dump"","
"C:\Users\USER\slh-bot-clean\_slh_map\scans\2026-08-13T185445_579625Z00\system_map.json","12934","        ""json.dump"","
"C:\Users\USER\slh-bot-clean\_slh_map\scans\2026-08-13T185445_579625Z00\system_map.json","12935","        ""json.dumps"","
"C:\Users\USER\slh-bot-clean\_slh_map\scans\2026-08-13T185445_579625Z00\system_map.json","12940","        ""json.dump"","
"C:\Users\USER\slh-bot-clean\_slh_map\scans\2026-08-13T185445_579625Z00\system_map.json","12943","        ""json.load"","
"C:\Users\USER\slh-bot-clean\_slh_map\scans\2026-08-13T185445_579625Z00\system_map.json","13251","        ""json.load"","
"C:\Users\USER\slh-bot-clean\_slh_map\scans\2026-08-13T185445_579625Z00\system_map.json","13318","        ""json.load"","
"C:\Users\USER\slh-bot-clean\_slh_map\scans\2026-08-13T185445_579625Z00\system_map.json","13327","        ""json.dump"","
"C:\Users\USER\slh-bot-clean\_slh_map\scans\2026-08-13T185445_579625Z00\system_map.json","13329","        ""json.load"","
"C:\Users\USER\slh-bot-clean\_slh_map\scans\2026-08-13T185445_579625Z00\system_map.json","13336","        ""json.dump"","
"C:\Users\USER\slh-bot-clean\_slh_map\scans\2026-08-13T185445_579625Z00\system_map.json","13337","        ""json.dumps"","
"C:\Users\USER\slh-bot-clean\_slh_map\scans\2026-08-13T185445_579625Z00\system_map.json","13394","        ""json.load"","
"C:\Users\USER\slh-bot-clean\_slh_map\scans\2026-08-13T185445_579625Z00\system_map.json","13450","        ""json.load"","
"C:\Users\USER\slh-bot-clean\_slh_map\scans\2026-08-13T185445_579625Z00\system_map.json","13532","        ""json.load"","
"C:\Users\USER\slh-bot-clean\_slh_map\scans\2026-08-13T185445_579625Z00\system_map.json","13538","        ""json.dump"","
"C:\Users\USER\slh-bot-clean\_slh_map\scans\2026-08-13T185445_579625Z00\system_map.json","13558","        ""state_manager"","
"C:\Users\USER\slh-bot-clean\_slh_map\scans\2026-08-13T185445_579625Z00\system_map.json","13579","        ""state_manager.get_agents"","
"C:\Users\USER\slh-bot-clean\_slh_map\scans\2026-08-13T185445_579625Z00\system_map.json","13582","        ""state_manager.get_agents"","
"C:\Users\USER\slh-bot-clean\_slh_map\scans\2026-08-13T185445_579625Z00\system_map.json","13586","        ""state_manager.get_agents"","
"C:\Users\USER\slh-bot-clean\_slh_map\scans\2026-08-13T185445_579625Z00\system_map.json","13589","        ""state_manager.set_agents"","
"C:\Users\USER\slh-bot-clean\_slh_map\scans\2026-08-13T185445_579625Z00\system_map.json","13593","        ""state_manager.get_agents"","
"C:\Users\USER\slh-bot-clean\_slh_map\scans\2026-08-13T185445_579625Z00\system_map.json","13595","        ""state_manager.set_agents"","
"C:\Users\USER\slh-bot-clean\_slh_map\scans\2026-08-13T185445_579625Z00\system_map.json","13659","        ""json.load"","
"C:\Users\USER\slh-bot-clean\_slh_map\scans\2026-08-13T185445_579625Z00\system_map.json","13664","        ""json.load"","
"C:\Users\USER\slh-bot-clean\_slh_map\scans\2026-08-13T185445_579625Z00\system_map.json","13666","        ""json.dump"","
"C:\Users\USER\slh-bot-clean\_slh_map\scans\2026-08-13T185445_579625Z00\system_map.json","13713","        ""json.load"","
"C:\Users\USER\slh-bot-clean\_slh_map\scans\2026-08-13T185445_579625Z00\system_map.json","13744","        ""state_manager"","
"C:\Users\USER\slh-bot-clean\_slh_map\scans\2026-08-13T185445_579625Z00\system_map.json","13765","        ""state_manager.get_agents"","
"C:\Users\USER\slh-bot-clean\_slh_map\scans\2026-08-13T185445_579625Z00\system_map.json","13827","        ""state_manager"","
"C:\Users\USER\slh-bot-clean\_slh_map\scans\2026-08-13T185445_579625Z00\system_map.json","13844","        ""state_manager.get_agents"","
"C:\Users\USER\slh-bot-clean\_slh_map\scans\2026-08-13T185445_579625Z00\system_map.json","13846","        ""state_manager.set_agents"","
"C:\Users\USER\slh-bot-clean\_slh_map\scans\2026-08-13T185445_579625Z00\system_map.json","13882","        ""json.load"","
"C:\Users\USER\slh-bot-clean\_slh_map\scans\2026-08-13T185445_579625Z00\system_map.json","13884","        ""json.dump"","
"C:\Users\USER\slh-bot-clean\_slh_map\scans\2026-08-13T185445_579625Z00\system_map.json","13955","        ""json.load"","
"C:\Users\USER\slh-bot-clean\_slh_map\scans\2026-08-13T185445_579625Z00\system_map.json","14027","        ""json.dump"","
"C:\Users\USER\slh-bot-clean\_slh_map\scans\2026-08-13T185445_579625Z00\system_map.json","14029","        ""json.load"","
"C:\Users\USER\slh-bot-clean\_slh_map\scans\2026-08-13T185445_579625Z00\system_map.json","14078","        ""json.load"","
"C:\Users\USER\slh-bot-clean\_slh_map\scans\2026-08-13T185445_579625Z00\system_map.json","14080","        ""json.dump"","
"C:\Users\USER\slh-bot-clean\_slh_map\scans\2026-08-13T185445_579625Z00\system_map.json","14083","        ""json.load"","
"C:\Users\USER\slh-bot-clean\_slh_map\scans\2026-08-13T185445_579625Z00\system_map.json","14085","        ""json.dump"","
"C:\Users\USER\slh-bot-clean\_slh_map\scans\2026-08-13T185445_579625Z00\system_map.json","14088","        ""json.load"","
"C:\Users\USER\slh-bot-clean\_slh_map\scans\2026-08-13T185445_579625Z00\system_map.json","14127","        ""json.load"","
"C:\Users\USER\slh-bot-clean\_slh_map\scans\2026-08-13T185445_579625Z00\system_map.json","14129","        ""json.dump"","
"C:\Users\USER\slh-bot-clean\_slh_map\scans\2026-08-13T185445_579625Z00\system_map.json","14188","        ""json.load"","
"C:\Users\USER\slh-bot-clean\_slh_map\scans\2026-08-13T185445_579625Z00\system_map.json","14223","        ""json.load"","
"C:\Users\USER\slh-bot-clean\_slh_map\scans\2026-08-13T185445_579625Z00\system_map.json","14225","        ""json.load"","
"C:\Users\USER\slh-bot-clean\_slh_map\scans\2026-08-13T185445_579625Z00\system_map.json","14227","        ""json.load"","
"C:\Users\USER\slh-bot-clean\_slh_map\scans\2026-08-13T185445_579625Z00\system_map.json","14264","        ""json.dump"","
"C:\Users\USER\slh-bot-clean\_slh_map\scans\2026-08-13T185445_579625Z00\system_map.json","14270","        ""json.load"","
"C:\Users\USER\slh-bot-clean\_slh_map\scans\2026-08-13T185445_579625Z00\system_map.json","14280","      ""path"": ""state_manager.py"","
"C:\Users\USER\slh-bot-clean\_slh_map\scans\2026-08-13T185445_579625Z00\system_map.json","14281","      ""module"": ""state_manager"","
"C:\Users\USER\slh-bot-clean\_slh_map\scans\2026-08-13T185445_579625Z00\system_map.json","14311","        ""json.load"","
"C:\Users\USER\slh-bot-clean\_slh_map\scans\2026-08-13T185445_579625Z00\system_map.json","14314","        ""json.load"","
"C:\Users\USER\slh-bot-clean\_slh_map\scans\2026-08-13T185445_579625Z00\system_map.json","14316","        ""json.dump"","
"C:\Users\USER\slh-bot-clean\_slh_map\scans\2026-08-13T185445_579625Z00\system_map.json","14362","        ""json.load"""
"C:\Users\USER\slh-bot-clean\_slh_map\scans\2026-08-13T185445_579625Z00\system_map.json","14463","        ""json.dump"","
"C:\Users\USER\slh-bot-clean\_slh_map\scans\2026-08-13T185445_579625Z00\system_map.json","14468","        ""json.load"","
"C:\Users\USER\slh-bot-clean\_slh_map\scans\2026-08-13T185445_579625Z00\system_map.json","14555","        ""json.load"","
"C:\Users\USER\slh-bot-clean\_slh_map\scans\2026-08-13T185445_579625Z00\system_map.json","14570","        ""json.dumps"","
"C:\Users\USER\slh-bot-clean\_slh_map\scans\2026-08-13T185445_579625Z00\system_map.json","14657","        ""json.load"","
"C:\Users\USER\slh-bot-clean\_slh_map\scans\2026-08-13T185445_579625Z00\system_map.json","14765","        ""json.loads"","
"C:\Users\USER\slh-bot-clean\_slh_map\scans\2026-08-13T185445_579625Z00\system_map.json","14869","        ""json.load"""
"C:\Users\USER\slh-bot-clean\_slh_map\scans\2026-08-13T185445_579625Z00\system_map.json","14959","        ""json.loads"","
"C:\Users\USER\slh-bot-clean\_slh_map\scans\2026-08-13T185445_579625Z00\system_map.json","15068","        ""json.loads"","
"C:\Users\USER\slh-bot-clean\_slh_map\scans\2026-08-13T185445_579625Z00\system_map.json","15241","        ""json.loads"","
"C:\Users\USER\slh-bot-clean\_slh_map\scans\2026-08-13T185445_579625Z00\system_map.json","15424","        ""json.loads"","
"C:\Users\USER\slh-bot-clean\_slh_map\scans\2026-08-13T185445_579625Z00\system_map.json","15429","        ""json.dumps"","
"C:\Users\USER\slh-bot-clean\_slh_map\scans\2026-08-13T185445_579625Z00\system_map.json","15507","        ""json.loads"","
"C:\Users\USER\slh-bot-clean\_slh_map\scans\2026-08-13T185445_579625Z00\system_map.json","15572","        ""json.loads"","
"C:\Users\USER\slh-bot-clean\_slh_map\scans\2026-08-13T185445_579625Z00\system_map.json","15577","        ""json.dumps"","
"C:\Users\USER\slh-bot-clean\_slh_map\scans\2026-08-13T185445_579625Z00\system_map.json","15596","        ""json.loads"","
"C:\Users\USER\slh-bot-clean\_slh_map\scans\2026-08-13T185445_579625Z00\system_map.json","15698","        ""json.loads"","
"C:\Users\USER\slh-bot-clean\_slh_map\scans\2026-08-13T185445_579625Z00\system_map.json","15703","        ""json.dumps"","
"C:\Users\USER\slh-bot-clean\_slh_map\scans\2026-08-13T185445_579625Z00\system_map.json","15777","        ""json.loads"","
"C:\Users\USER\slh-bot-clean\_slh_map\scans\2026-08-13T185445_579625Z00\system_map.json","15915","        ""json.loads"","
"C:\Users\USER\slh-bot-clean\_slh_map\scans\2026-08-13T185445_579625Z00\system_map.json","16041","        ""json.loads"","
"C:\Users\USER\slh-bot-clean\_slh_map\scans\2026-08-13T185445_579625Z00\system_map.json","16222","        ""json.loads"","
"C:\Users\USER\slh-bot-clean\_slh_map\scans\2026-08-13T185445_579625Z00\system_map.json","16387","        ""json.loads"","
"C:\Users\USER\slh-bot-clean\_slh_map\scans\2026-08-13T185445_579625Z00\system_map.json","16574","        ""json.dumps"","
"C:\Users\USER\slh-bot-clean\_slh_map\scans\2026-08-13T185445_579625Z00\system_map.json","16608","        ""state_manager"","
"C:\Users\USER\slh-bot-clean\_slh_map\scans\2026-08-13T185445_579625Z00\system_map.json","16634","        ""state_manager.load_db"","
"C:\Users\USER\slh-bot-clean\_slh_map\scans\2026-08-13T185445_579625Z00\system_map.json","16636","        ""state_manager.load_db"","
"C:\Users\USER\slh-bot-clean\_slh_map\scans\2026-08-13T185445_579625Z00\system_map.json","16637","        ""state_manager.save_db"","
"C:\Users\USER\slh-bot-clean\_slh_map\scans\2026-08-13T185445_579625Z00\system_map.json","16646","        ""state_manager.atomic_update"","
"C:\Users\USER\slh-bot-clean\_slh_map\scans\2026-08-13T185445_579625Z00\system_map.json","16777","        ""json.dumps"","
"C:\Users\USER\slh-bot-clean\_slh_map\scans\2026-08-13T185445_579625Z00\system_map.json","16896","        ""json.loads"","
"C:\Users\USER\slh-bot-clean\_slh_map\scans\2026-08-13T185445_579625Z00\system_map.json","16897","        ""json.dumps"","
"C:\Users\USER\slh-bot-clean\_slh_map\scans\2026-08-13T185445_579625Z00\system_map.json","17001","        ""json.load"","
"C:\Users\USER\slh-bot-clean\_slh_map\scans\2026-08-13T185445_579625Z00\system_map.json","17014","        ""json.dump"","
"C:\Users\USER\slh-bot-clean\_slh_map\scans\2026-08-13T185445_579625Z00\system_map.json","17252","        ""json.dumps"","
"C:\Users\USER\slh-bot-clean\_slh_map\scans\2026-08-13T185445_579625Z00\system_map.json","17369","        ""json.dumps"""
"C:\Users\USER\slh-bot-clean\_slh_map\scans\2026-08-13T185445_579625Z00\system_map.json","17493","        ""json.dumps"","
"C:\Users\USER\slh-bot-clean\_slh_map\scans\2026-08-13T185445_579625Z00\system_map.json","17577","        ""json.dumps"","
"C:\Users\USER\slh-bot-clean\_slh_map\scans\2026-08-13T185445_579625Z00\system_map.json","17807","        ""json.dumps"","
"C:\Users\USER\slh-bot-clean\_slh_map\scans\2026-08-13T185445_579625Z00\system_map.json","17900","        ""json.load"","
"C:\Users\USER\slh-bot-clean\_slh_map\scans\2026-08-13T185445_579625Z00\system_map.json","17901","        ""json.load"","
"C:\Users\USER\slh-bot-clean\_slh_map\scans\2026-08-13T185445_579625Z00\system_map.json","17904","        ""json.load"","
"C:\Users\USER\slh-bot-clean\_slh_map\scans\2026-08-13T185445_579625Z00\system_map.json","17906","        ""json.dumps"","
"C:\Users\USER\slh-bot-clean\_slh_map\scans\2026-08-13T185445_579625Z00\system_map.json","18033","        ""json.dumps"","
"C:\Users\USER\slh-bot-clean\_slh_map\scans\2026-08-13T185445_579625Z00\system_map.json","18264","        ""json.dumps"","
"C:\Users\USER\slh-bot-clean\_slh_map\scans\2026-08-13T185445_579625Z00\system_map.json","18505","        ""json.dumps"","
"C:\Users\USER\slh-bot-clean\_slh_map\scans\2026-08-13T185445_579625Z00\system_map.json","18574","        ""json.loads"","
"C:\Users\USER\slh-bot-clean\_slh_map\scans\2026-08-13T185445_579625Z00\system_map.json","18652","        ""json.dumps"","
"C:\Users\USER\slh-bot-clean\_slh_map\scans\2026-08-13T185445_579625Z00\system_map.json","18778","        ""json.dumps"","
"C:\Users\USER\slh-bot-clean\_slh_map\scans\2026-08-13T185445_579625Z00\system_map.json","18880","        ""json.dumps"","
"C:\Users\USER\slh-bot-clean\_slh_map\scans\2026-08-13T185445_579625Z00\system_map.json","18980","        ""json.load"","
"C:\Users\USER\slh-bot-clean\_slh_map\scans\2026-08-13T185445_579625Z00\system_map.json","19236","        ""json.loads"","
"C:\Users\USER\slh-bot-clean\_slh_map\scans\2026-08-13T185445_579625Z00\system_map.json","19243","        ""json.loads"","
"C:\Users\USER\slh-bot-clean\_slh_map\scans\2026-08-13T185445_579625Z00\system_map.json","19250","        ""json.loads"","
"C:\Users\USER\slh-bot-clean\_slh_map\scans\2026-08-13T185445_579625Z00\system_map.json","19257","        ""json.loads"","
"C:\Users\USER\slh-bot-clean\_slh_map\scans\2026-08-13T185445_579625Z00\system_map.json","19297","        ""json.loads"","
"C:\Users\USER\slh-bot-clean\_slh_map\scans\2026-08-13T185445_579625Z00\system_map.json","19369","        ""json.loads"","
"C:\Users\USER\slh-bot-clean\_slh_map\scans\2026-08-13T185445_579625Z00\system_map.json","19380","        ""json.dumps"","
"C:\Users\USER\slh-bot-clean\_slh_map\scans\2026-08-13T185445_579625Z00\system_map.json","19383","        ""json.dumps"","
"C:\Users\USER\slh-bot-clean\_slh_map\scans\2026-08-13T185445_579625Z00\system_map.json","19386","        ""json.dumps"","
"C:\Users\USER\slh-bot-clean\_slh_map\scans\2026-08-13T185445_579625Z00\system_map.json","19389","        ""json.dumps"","
"C:\Users\USER\slh-bot-clean\_slh_map\scans\2026-08-13T185445_579625Z00\system_map.json","19457","        ""json.dumps"","
"C:\Users\USER\slh-bot-clean\_slh_map\scans\2026-08-13T185445_579625Z00\system_map.json","19626","        ""json.dumps"","
"C:\Users\USER\slh-bot-clean\_slh_map\scans\2026-08-13T185445_579625Z00\system_map.json","20169","        ""json.loads"","
"C:\Users\USER\slh-bot-clean\_slh_map\scans\2026-08-13T185445_579625Z00\system_map.json","20183","        ""json.dumps"","
"C:\Users\USER\slh-bot-clean\_slh_map\scans\2026-08-13T185445_579625Z00\system_map.json","20282","        ""json.dumps"","
"C:\Users\USER\slh-bot-clean\_slh_map\scans\2026-08-13T185445_579625Z00\system_map.json","20372","        ""json.dumps"","
"C:\Users\USER\slh-bot-clean\_slh_map\scans\2026-08-13T185445_579625Z00\system_map.json","20552","        ""json.load"","
"C:\Users\USER\slh-bot-clean\_slh_map\scans\2026-08-13T185445_579625Z00\system_map.json","20675","      ""target"": ""state_manager"","
"C:\Users\USER\slh-bot-clean\_slh_map\scans\2026-08-13T185445_579625Z00\system_map.json","20715","      ""target"": ""state_manager"","
"C:\Users\USER\slh-bot-clean\_slh_map\scans\2026-08-13T185445_579625Z00\system_map.json","20830","      ""target"": ""state_manager"","
"C:\Users\USER\slh-bot-clean\_slh_map\scans\2026-08-13T185445_579625Z00\system_map.json","20855","      ""target"": ""state_manager"","
"C:\Users\USER\slh-bot-clean\_slh_map\scans\2026-08-13T185445_579625Z00\system_map.json","20870","      ""target"": ""state_manager"","
"C:\Users\USER\slh-bot-clean\_slh_map\scans\2026-08-13T185445_579625Z00\system_map.json","20940","      ""target"": ""state_manager"","
"C:\Users\USER\slh-bot-clean\_slh_map\scans\2026-08-13T185445_579625Z00\system_map.json","20945","      ""target"": ""state_manager"","
"C:\Users\USER\slh-bot-clean\_slh_map\scans\2026-08-13T185445_579625Z00\system_map.json","21075","      ""target"": ""state_manager"","
"C:\Users\USER\slh-bot-clean\_slh_map\scans\2026-08-13T185445_579625Z00\system_map.json","21150","      ""target"": ""state_manager"","
"C:\Users\USER\slh-bot-clean\_slh_map\scans\2026-08-13T185445_579625Z00\system_map.json","21155","      ""target"": ""state_manager"","
"C:\Users\USER\slh-bot-clean\_slh_map\scans\2026-08-13T185445_579625Z00\system_map.json","21165","      ""target"": ""state_manager"","
"C:\Users\USER\slh-bot-clean\_slh_map\scans\2026-08-13T185445_579625Z00\system_map.json","21235","      ""target"": ""state_manager"","
"C:\Users\USER\slh-bot-clean\_slh_map\scans\2026-08-13T185445_579625Z00\system_map.json","21250","      ""target"": ""state_manager"","
"C:\Users\USER\slh-bot-clean\_slh_map\scans\2026-08-13T185445_579625Z00\system_map.json","21365","      ""target"": ""state_manager"","
"C:\Users\USER\slh-bot-clean\_slh_map\scans\2026-08-13T185445_579625Z00\system_map.json","21385","      ""target"": ""state_manager"","
"C:\Users\USER\slh-bot-clean\_slh_map\scans\2026-08-13T185445_579625Z00\system_map.json","21415","      ""target"": ""state_manager"","
"C:\Users\USER\slh-bot-clean\_slh_map\scans\2026-08-13T185445_579625Z00\system_map.json","21545","      ""target"": ""state_manager"","
"C:\Users\USER\slh-bot-clean\_slh_map\scans\2026-08-13T185827_160181Z00\system_map.json","235","        ""json.load"","
"C:\Users\USER\slh-bot-clean\_slh_map\scans\2026-08-13T185827_160181Z00\system_map.json","238","        ""json.load"","
"C:\Users\USER\slh-bot-clean\_slh_map\scans\2026-08-13T185827_160181Z00\system_map.json","240","        ""json.dump"","
"C:\Users\USER\slh-bot-clean\_slh_map\scans\2026-08-13T185827_160181Z00\system_map.json","453","        ""json.loads"","
"C:\Users\USER\slh-bot-clean\_slh_map\scans\2026-08-13T185827_160181Z00\system_map.json","552","        ""json.loads"","
"C:\Users\USER\slh-bot-clean\_slh_map\scans\2026-08-13T185827_160181Z00\system_map.json","602","        ""json.dumps"","
"C:\Users\USER\slh-bot-clean\_slh_map\scans\2026-08-13T185827_160181Z00\system_map.json","642","        ""json.loads"","
"C:\Users\USER\slh-bot-clean\_slh_map\scans\2026-08-13T185827_160181Z00\system_map.json","752","        ""json.loads"","
"C:\Users\USER\slh-bot-clean\_slh_map\scans\2026-08-13T185827_160181Z00\system_map.json","755","        ""json.dumps"""
"C:\Users\USER\slh-bot-clean\_slh_map\scans\2026-08-13T185827_160181Z00\system_map.json","785","        ""json.load"","
"C:\Users\USER\slh-bot-clean\_slh_map\scans\2026-08-13T185827_160181Z00\system_map.json","924","        ""json.load"","
"C:\Users\USER\slh-bot-clean\_slh_map\scans\2026-08-13T185827_160181Z00\system_map.json","935","        ""json.load"","
"C:\Users\USER\slh-bot-clean\_slh_map\scans\2026-08-13T185827_160181Z00\system_map.json","942","        ""json.load"","
"C:\Users\USER\slh-bot-clean\_slh_map\scans\2026-08-13T185827_160181Z00\system_map.json","1009","        ""state_manager"","
"C:\Users\USER\slh-bot-clean\_slh_map\scans\2026-08-13T185827_160181Z00\system_map.json","1187","        ""json.load"","
"C:\Users\USER\slh-bot-clean\_slh_map\scans\2026-08-13T185827_160181Z00\system_map.json","1196","        ""json.dump"","
"C:\Users\USER\slh-bot-clean\_slh_map\scans\2026-08-13T185827_160181Z00\system_map.json","1200","        ""json.load"","
"C:\Users\USER\slh-bot-clean\_slh_map\scans\2026-08-13T185827_160181Z00\system_map.json","1212","        ""json.dump"","
"C:\Users\USER\slh-bot-clean\_slh_map\scans\2026-08-13T185827_160181Z00\system_map.json","1267","        ""json.load"","
"C:\Users\USER\slh-bot-clean\_slh_map\scans\2026-08-13T185827_160181Z00\system_map.json","1275","        ""json.load"","
"C:\Users\USER\slh-bot-clean\_slh_map\scans\2026-08-13T185827_160181Z00\system_map.json","1297","        ""json.load"","
"C:\Users\USER\slh-bot-clean\_slh_map\scans\2026-08-13T185827_160181Z00\system_map.json","1303","        ""json.load"","
"C:\Users\USER\slh-bot-clean\_slh_map\scans\2026-08-13T185827_160181Z00\system_map.json","1312","        ""json.loads"","
"C:\Users\USER\slh-bot-clean\_slh_map\scans\2026-08-13T185827_160181Z00\system_map.json","1336","        ""json.load"","
"C:\Users\USER\slh-bot-clean\_slh_map\scans\2026-08-13T185827_160181Z00\system_map.json","1345","        ""json.load"","
"C:\Users\USER\slh-bot-clean\_slh_map\scans\2026-08-13T185827_160181Z00\system_map.json","1435","        ""state_manager"""
"C:\Users\USER\slh-bot-clean\_slh_map\scans\2026-08-13T185827_160181Z00\system_map.json","1454","        ""state_manager.load_db"","
"C:\Users\USER\slh-bot-clean\_slh_map\scans\2026-08-13T185827_160181Z00\system_map.json","1462","        ""json.load"","
"C:\Users\USER\slh-bot-clean\_slh_map\scans\2026-08-13T185827_160181Z00\system_map.json","1503","        ""json.load"","
"C:\Users\USER\slh-bot-clean\_slh_map\scans\2026-08-13T185827_160181Z00\system_map.json","1505","        ""json.dump"","
"C:\Users\USER\slh-bot-clean\_slh_map\scans\2026-08-13T185827_160181Z00\system_map.json","1665","        ""json.load"","
"C:\Users\USER\slh-bot-clean\_slh_map\scans\2026-08-13T185827_160181Z00\system_map.json","1739","        ""json.load"","
"C:\Users\USER\slh-bot-clean\_slh_map\scans\2026-08-13T185827_160181Z00\system_map.json","1927","        ""json.dumps"","
"C:\Users\USER\slh-bot-clean\_slh_map\scans\2026-08-13T185827_160181Z00\system_map.json","1932","        ""json.load"","
"C:\Users\USER\slh-bot-clean\_slh_map\scans\2026-08-13T185827_160181Z00\system_map.json","1960","        ""json.dump"","
"C:\Users\USER\slh-bot-clean\_slh_map\scans\2026-08-13T185827_160181Z00\system_map.json","1992","        ""json.load"","
"C:\Users\USER\slh-bot-clean\_slh_map\scans\2026-08-13T185827_160181Z00\system_map.json","2058","        ""json.loads"","
"C:\Users\USER\slh-bot-clean\_slh_map\scans\2026-08-13T185827_160181Z00\system_map.json","2059","        ""json.dumps"","
"C:\Users\USER\slh-bot-clean\_slh_map\scans\2026-08-13T185827_160181Z00\system_map.json","2194","        ""json.dumps"","
"C:\Users\USER\slh-bot-clean\_slh_map\scans\2026-08-13T185827_160181Z00\system_map.json","2195","        ""json.loads"","
"C:\Users\USER\slh-bot-clean\_slh_map\scans\2026-08-13T185827_160181Z00\system_map.json","2268","        ""json.load"""
"C:\Users\USER\slh-bot-clean\_slh_map\scans\2026-08-13T185827_160181Z00\system_map.json","2329","        ""json.load"","
"C:\Users\USER\slh-bot-clean\_slh_map\scans\2026-08-13T185827_160181Z00\system_map.json","2333","        ""json.load"","
"C:\Users\USER\slh-bot-clean\_slh_map\scans\2026-08-13T185827_160181Z00\system_map.json","2376","        ""json.load"","
"C:\Users\USER\slh-bot-clean\_slh_map\scans\2026-08-13T185827_160181Z00\system_map.json","2563","        ""json.dumps"","
"C:\Users\USER\slh-bot-clean\_slh_map\scans\2026-08-13T185827_160181Z00\system_map.json","2915","        ""json.loads"","
"C:\Users\USER\slh-bot-clean\_slh_map\scans\2026-08-13T185827_160181Z00\system_map.json","2981","        ""json.dumps"","
"C:\Users\USER\slh-bot-clean\_slh_map\scans\2026-08-13T185827_160181Z00\system_map.json","2998","        ""json.dumps"","
"C:\Users\USER\slh-bot-clean\_slh_map\scans\2026-08-13T185827_160181Z00\system_map.json","3034","        ""json.dumps"","
"C:\Users\USER\slh-bot-clean\_slh_map\scans\2026-08-13T185827_160181Z00\system_map.json","3039","        ""json.dumps"","
"C:\Users\USER\slh-bot-clean\_slh_map\scans\2026-08-13T185827_160181Z00\system_map.json","3051","        ""json.dumps"","
"C:\Users\USER\slh-bot-clean\_slh_map\scans\2026-08-13T185827_160181Z00\system_map.json","3052","        ""json.dumps"","
"C:\Users\USER\slh-bot-clean\_slh_map\scans\2026-08-13T185827_160181Z00\system_map.json","3061","        ""json.dumps"","
"C:\Users\USER\slh-bot-clean\_slh_map\scans\2026-08-13T185827_160181Z00\system_map.json","3062","        ""json.dumps"","
"C:\Users\USER\slh-bot-clean\_slh_map\scans\2026-08-13T185827_160181Z00\system_map.json","3069","        ""json.loads"","
"C:\Users\USER\slh-bot-clean\_slh_map\scans\2026-08-13T185827_160181Z00\system_map.json","3072","        ""json.dumps"","
"C:\Users\USER\slh-bot-clean\_slh_map\scans\2026-08-13T185827_160181Z00\system_map.json","3117","        ""json.loads"","
"C:\Users\USER\slh-bot-clean\_slh_map\scans\2026-08-13T185827_160181Z00\system_map.json","3120","        ""json.dumps"","
"C:\Users\USER\slh-bot-clean\_slh_map\scans\2026-08-13T185827_160181Z00\system_map.json","3398","        ""state_manager"""
"C:\Users\USER\slh-bot-clean\_slh_map\scans\2026-08-13T185827_160181Z00\system_map.json","3431","        ""state_manager.atomic_update"","
"C:\Users\USER\slh-bot-clean\_slh_map\scans\2026-08-13T185827_160181Z00\system_map.json","3446","        ""json.load"","
"C:\Users\USER\slh-bot-clean\_slh_map\scans\2026-08-13T185827_160181Z00\system_map.json","3448","        ""json.dump"","
"C:\Users\USER\slh-bot-clean\_slh_map\scans\2026-08-13T185827_160181Z00\system_map.json","3524","        ""json.loads"","
"C:\Users\USER\slh-bot-clean\_slh_map\scans\2026-08-13T185827_160181Z00\system_map.json","3551","        ""json.dumps"","
"C:\Users\USER\slh-bot-clean\_slh_map\scans\2026-08-13T185827_160181Z00\system_map.json","3636","        ""json.loads"","
"C:\Users\USER\slh-bot-clean\_slh_map\scans\2026-08-13T185827_160181Z00\system_map.json","3681","        ""json.dumps"","
"C:\Users\USER\slh-bot-clean\_slh_map\scans\2026-08-13T185827_160181Z00\system_map.json","3717","        ""json.loads"","
"C:\Users\USER\slh-bot-clean\_slh_map\scans\2026-08-13T185827_160181Z00\system_map.json","3718","        ""json.dumps"","
"C:\Users\USER\slh-bot-clean\_slh_map\scans\2026-08-13T185827_160181Z00\system_map.json","3866","        ""json.dumps"","
"C:\Users\USER\slh-bot-clean\_slh_map\scans\2026-08-13T185827_160181Z00\system_map.json","3882","        ""json.load"","
"C:\Users\USER\slh-bot-clean\_slh_map\scans\2026-08-13T185827_160181Z00\system_map.json","3964","        ""json.dump"","
"C:\Users\USER\slh-bot-clean\_slh_map\scans\2026-08-13T185827_160181Z00\system_map.json","3985","        ""json.load"","
"C:\Users\USER\slh-bot-clean\_slh_map\scans\2026-08-13T185827_160181Z00\system_map.json","4024","        ""json.load"","
"C:\Users\USER\slh-bot-clean\_slh_map\scans\2026-08-13T185827_160181Z00\system_map.json","4026","        ""json.dump"","
"C:\Users\USER\slh-bot-clean\_slh_map\scans\2026-08-13T185827_160181Z00\system_map.json","4068","        ""json.load"","
"C:\Users\USER\slh-bot-clean\_slh_map\scans\2026-08-13T185827_160181Z00\system_map.json","4072","        ""json.load"","
"C:\Users\USER\slh-bot-clean\_slh_map\scans\2026-08-13T185827_160181Z00\system_map.json","4187","        ""json.dumps"","
"C:\Users\USER\slh-bot-clean\_slh_map\scans\2026-08-13T185827_160181Z00\system_map.json","4197","        ""json.loads"","
"C:\Users\USER\slh-bot-clean\_slh_map\scans\2026-08-13T185827_160181Z00\system_map.json","4303","        ""state_manager"""
"C:\Users\USER\slh-bot-clean\_slh_map\scans\2026-08-13T185827_160181Z00\system_map.json","4319","        ""state_manager.get_agents"","
"C:\Users\USER\slh-bot-clean\_slh_map\scans\2026-08-13T185827_160181Z00\system_map.json","4320","        ""state_manager.set_agents"","
"C:\Users\USER\slh-bot-clean\_slh_map\scans\2026-08-13T185827_160181Z00\system_map.json","4330","        ""json.load"","
"C:\Users\USER\slh-bot-clean\_slh_map\scans\2026-08-13T185827_160181Z00\system_map.json","4404","        ""json.dump"","
"C:\Users\USER\slh-bot-clean\_slh_map\scans\2026-08-13T185827_160181Z00\system_map.json","4417","        ""json.load"","
"C:\Users\USER\slh-bot-clean\_slh_map\scans\2026-08-13T185827_160181Z00\system_map.json","4622","        ""json.dump"","
"C:\Users\USER\slh-bot-clean\_slh_map\scans\2026-08-13T185827_160181Z00\system_map.json","4631","        ""json.load"","
"C:\Users\USER\slh-bot-clean\_slh_map\scans\2026-08-13T185827_160181Z00\system_map.json","4702","        ""state_manager"","
"C:\Users\USER\slh-bot-clean\_slh_map\scans\2026-08-13T185827_160181Z00\system_map.json","4723","        ""state_manager.load_db"","
"C:\Users\USER\slh-bot-clean\_slh_map\scans\2026-08-13T185827_160181Z00\system_map.json","4727","        ""state_manager.load_db"","
"C:\Users\USER\slh-bot-clean\_slh_map\scans\2026-08-13T185827_160181Z00\system_map.json","4733","        ""state_manager.save_db"","
"C:\Users\USER\slh-bot-clean\_slh_map\scans\2026-08-13T185827_160181Z00\system_map.json","4737","        ""state_manager.load_db"","
"C:\Users\USER\slh-bot-clean\_slh_map\scans\2026-08-13T185827_160181Z00\system_map.json","4739","        ""state_manager.save_db"","
"C:\Users\USER\slh-bot-clean\_slh_map\scans\2026-08-13T185827_160181Z00\system_map.json","5005","        ""json.load"","
"C:\Users\USER\slh-bot-clean\_slh_map\scans\2026-08-13T185827_160181Z00\system_map.json","5188","        ""json.load"","
"C:\Users\USER\slh-bot-clean\_slh_map\scans\2026-08-13T185827_160181Z00\system_map.json","5190","        ""json.dump"","
"C:\Users\USER\slh-bot-clean\_slh_map\scans\2026-08-13T185827_160181Z00\system_map.json","5297","        ""json.dumps"""
"C:\Users\USER\slh-bot-clean\_slh_map\scans\2026-08-13T185827_160181Z00\system_map.json","5450","        ""json.load"","
"C:\Users\USER\slh-bot-clean\_slh_map\scans\2026-08-13T185827_160181Z00\system_map.json","5452","        ""json.dump"","
"C:\Users\USER\slh-bot-clean\_slh_map\scans\2026-08-13T185827_160181Z00\system_map.json","5510","        ""json.load"","
"C:\Users\USER\slh-bot-clean\_slh_map\scans\2026-08-13T185827_160181Z00\system_map.json","5562","        ""json.load"","
"C:\Users\USER\slh-bot-clean\_slh_map\scans\2026-08-13T185827_160181Z00\system_map.json","5628","        ""json.load"","
"C:\Users\USER\slh-bot-clean\_slh_map\scans\2026-08-13T185827_160181Z00\system_map.json","5682","        ""state_manager"""
"C:\Users\USER\slh-bot-clean\_slh_map\scans\2026-08-13T185827_160181Z00\system_map.json","5708","        ""state_manager.load_db"","
"C:\Users\USER\slh-bot-clean\_slh_map\scans\2026-08-13T185827_160181Z00\system_map.json","5786","        ""json.load"","
"C:\Users\USER\slh-bot-clean\_slh_map\scans\2026-08-13T185827_160181Z00\system_map.json","5894","        ""json.dump"","
"C:\Users\USER\slh-bot-clean\_slh_map\scans\2026-08-13T185827_160181Z00\system_map.json","5921","        ""json.load"","
"C:\Users\USER\slh-bot-clean\_slh_map\scans\2026-08-13T185827_160181Z00\system_map.json","6005","        ""json.dump"","
"C:\Users\USER\slh-bot-clean\_slh_map\scans\2026-08-13T185827_160181Z00\system_map.json","6026","        ""json.load"","
"C:\Users\USER\slh-bot-clean\_slh_map\scans\2026-08-13T185827_160181Z00\system_map.json","6036","        ""json.load"","
"C:\Users\USER\slh-bot-clean\_slh_map\scans\2026-08-13T185827_160181Z00\system_map.json","6093","        ""state_manager"","
"C:\Users\USER\slh-bot-clean\_slh_map\scans\2026-08-13T185827_160181Z00\system_map.json","6113","        ""state_manager.atomic_update"","
"C:\Users\USER\slh-bot-clean\_slh_map\scans\2026-08-13T185827_160181Z00\system_map.json","6119","        ""state_manager.load_db"","
"C:\Users\USER\slh-bot-clean\_slh_map\scans\2026-08-13T185827_160181Z00\system_map.json","6124","        ""state_manager.save_db"","
"C:\Users\USER\slh-bot-clean\_slh_map\scans\2026-08-13T185827_160181Z00\system_map.json","6186","        ""json.dump"","
"C:\Users\USER\slh-bot-clean\_slh_map\scans\2026-08-13T185827_160181Z00\system_map.json","6189","        ""json.load"","
"C:\Users\USER\slh-bot-clean\_slh_map\scans\2026-08-13T185827_160181Z00\system_map.json","6359","        ""json.loads"","
"C:\Users\USER\slh-bot-clean\_slh_map\scans\2026-08-13T185827_160181Z00\system_map.json","6361","        ""json.loads"","
"C:\Users\USER\slh-bot-clean\_slh_map\scans\2026-08-13T185827_160181Z00\system_map.json","6377","        ""json.dumps"","
"C:\Users\USER\slh-bot-clean\_slh_map\scans\2026-08-13T185827_160181Z00\system_map.json","6627","        ""json.loads"","
"C:\Users\USER\slh-bot-clean\_slh_map\scans\2026-08-13T185827_160181Z00\system_map.json","6631","        ""json.dumps"""
"C:\Users\USER\slh-bot-clean\_slh_map\scans\2026-08-13T185827_160181Z00\system_map.json","6813","        ""json.load"","
"C:\Users\USER\slh-bot-clean\_slh_map\scans\2026-08-13T185827_160181Z00\system_map.json","6992","        ""json.load"","
"C:\Users\USER\slh-bot-clean\_slh_map\scans\2026-08-13T185827_160181Z00\system_map.json","7027","        ""json.loads"","
"C:\Users\USER\slh-bot-clean\_slh_map\scans\2026-08-13T185827_160181Z00\system_map.json","7034","        ""json.dumps"","
"C:\Users\USER\slh-bot-clean\_slh_map\scans\2026-08-13T185827_160181Z00\system_map.json","7095","        ""json.load"","
"C:\Users\USER\slh-bot-clean\_slh_map\scans\2026-08-13T185827_160181Z00\system_map.json","7145","        ""json.load"","
"C:\Users\USER\slh-bot-clean\_slh_map\scans\2026-08-13T185827_160181Z00\system_map.json","7236","        ""json.dump"","
"C:\Users\USER\slh-bot-clean\_slh_map\scans\2026-08-13T185827_160181Z00\system_map.json","7253","        ""json.load"","
"C:\Users\USER\slh-bot-clean\_slh_map\scans\2026-08-13T185827_160181Z00\system_map.json","7423","        ""json.load"","
"C:\Users\USER\slh-bot-clean\_slh_map\scans\2026-08-13T185827_160181Z00\system_map.json","7503","        ""json.load"","
"C:\Users\USER\slh-bot-clean\_slh_map\scans\2026-08-13T185827_160181Z00\system_map.json","7567","        ""state_manager"","
"C:\Users\USER\slh-bot-clean\_slh_map\scans\2026-08-13T185827_160181Z00\system_map.json","7602","        ""state_manager.load_db"","
"C:\Users\USER\slh-bot-clean\_slh_map\scans\2026-08-13T185827_160181Z00\system_map.json","7612","        ""state_manager.load_db"","
"C:\Users\USER\slh-bot-clean\_slh_map\scans\2026-08-13T185827_160181Z00\system_map.json","7619","        ""state_manager.load_db"","
"C:\Users\USER\slh-bot-clean\_slh_map\scans\2026-08-13T185827_160181Z00\system_map.json","7621","        ""state_manager.load_db"","
"C:\Users\USER\slh-bot-clean\_slh_map\scans\2026-08-13T185827_160181Z00\system_map.json","7628","        ""state_manager.load_db"","
"C:\Users\USER\slh-bot-clean\_slh_map\scans\2026-08-13T185827_160181Z00\system_map.json","7631","        ""state_manager.save_db"","
"C:\Users\USER\slh-bot-clean\_slh_map\scans\2026-08-13T185827_160181Z00\system_map.json","7653","        ""state_manager.save_db"","
"C:\Users\USER\slh-bot-clean\_slh_map\scans\2026-08-13T185827_160181Z00\system_map.json","7731","        ""json.load"","
"C:\Users\USER\slh-bot-clean\_slh_map\scans\2026-08-13T185827_160181Z00\system_map.json","7793","        ""json.load"","
"C:\Users\USER\slh-bot-clean\_slh_map\scans\2026-08-13T185827_160181Z00\system_map.json","7798","        ""json.load"","
"C:\Users\USER\slh-bot-clean\_slh_map\scans\2026-08-13T185827_160181Z00\system_map.json","7885","        ""json.load"","
"C:\Users\USER\slh-bot-clean\_slh_map\scans\2026-08-13T185827_160181Z00\system_map.json","7889","        ""json.dump"","
"C:\Users\USER\slh-bot-clean\_slh_map\scans\2026-08-13T185827_160181Z00\system_map.json","7892","        ""json.load"","
"C:\Users\USER\slh-bot-clean\_slh_map\scans\2026-08-13T185827_160181Z00\system_map.json","7896","        ""json.dump"","
"C:\Users\USER\slh-bot-clean\_slh_map\scans\2026-08-13T185827_160181Z00\system_map.json","8023","        ""json.load"","
"C:\Users\USER\slh-bot-clean\_slh_map\scans\2026-08-13T185827_160181Z00\system_map.json","8025","        ""json.dump"","
"C:\Users\USER\slh-bot-clean\_slh_map\scans\2026-08-13T185827_160181Z00\system_map.json","8109","        ""json.load"","
"C:\Users\USER\slh-bot-clean\_slh_map\scans\2026-08-13T185827_160181Z00\system_map.json","8113","        ""json.load"","
"C:\Users\USER\slh-bot-clean\_slh_map\scans\2026-08-13T185827_160181Z00\system_map.json","8115","        ""json.dump"","
"C:\Users\USER\slh-bot-clean\_slh_map\scans\2026-08-13T185827_160181Z00\system_map.json","8148","        ""json.load"","
"C:\Users\USER\slh-bot-clean\_slh_map\scans\2026-08-13T185827_160181Z00\system_map.json","8291","        ""json.load"","
"C:\Users\USER\slh-bot-clean\_slh_map\scans\2026-08-13T185827_160181Z00\system_map.json","8455","        ""state_manager"","
"C:\Users\USER\slh-bot-clean\_slh_map\scans\2026-08-13T185827_160181Z00\system_map.json","8497","        ""json.dump"","
"C:\Users\USER\slh-bot-clean\_slh_map\scans\2026-08-13T185827_160181Z00\system_map.json","8505","        ""json.load"","
"C:\Users\USER\slh-bot-clean\_slh_map\scans\2026-08-13T185827_160181Z00\system_map.json","8510","        ""state_manager.get_agents"","
"C:\Users\USER\slh-bot-clean\_slh_map\scans\2026-08-13T185827_160181Z00\system_map.json","8514","        ""json.load"","
"C:\Users\USER\slh-bot-clean\_slh_map\scans\2026-08-13T185827_160181Z00\system_map.json","8523","        ""state_manager.set_agents"","
"C:\Users\USER\slh-bot-clean\_slh_map\scans\2026-08-13T185827_160181Z00\system_map.json","8535","        ""json.dump"","
"C:\Users\USER\slh-bot-clean\_slh_map\scans\2026-08-13T185827_160181Z00\system_map.json","8700","        ""state_manager"""
"C:\Users\USER\slh-bot-clean\_slh_map\scans\2026-08-13T185827_160181Z00\system_map.json","8714","        ""state_manager.load_db"","
"C:\Users\USER\slh-bot-clean\_slh_map\scans\2026-08-13T185827_160181Z00\system_map.json","8721","        ""state_manager.load_db"","
"C:\Users\USER\slh-bot-clean\_slh_map\scans\2026-08-13T185827_160181Z00\system_map.json","8722","        ""state_manager.save_db"","
"C:\Users\USER\slh-bot-clean\_slh_map\scans\2026-08-13T185827_160181Z00\system_map.json","8746","        ""state_manager"","
"C:\Users\USER\slh-bot-clean\_slh_map\scans\2026-08-13T185827_160181Z00\system_map.json","8776","        ""state_manager.load_db"","
"C:\Users\USER\slh-bot-clean\_slh_map\scans\2026-08-13T185827_160181Z00\system_map.json","8787","        ""state_manager.load_db"","
"C:\Users\USER\slh-bot-clean\_slh_map\scans\2026-08-13T185827_160181Z00\system_map.json","8792","        ""state_manager.save_db"","
"C:\Users\USER\slh-bot-clean\_slh_map\scans\2026-08-13T185827_160181Z00\system_map.json","8796","        ""state_manager.load_db"","
"C:\Users\USER\slh-bot-clean\_slh_map\scans\2026-08-13T185827_160181Z00\system_map.json","8802","        ""state_manager.save_db"","
"C:\Users\USER\slh-bot-clean\_slh_map\scans\2026-08-13T185827_160181Z00\system_map.json","8806","        ""state_manager.load_db"","
"C:\Users\USER\slh-bot-clean\_slh_map\scans\2026-08-13T185827_160181Z00\system_map.json","8809","        ""state_manager.save_db"","
"C:\Users\USER\slh-bot-clean\_slh_map\scans\2026-08-13T185827_160181Z00\system_map.json","8812","        ""state_manager.load_db"","
"C:\Users\USER\slh-bot-clean\_slh_map\scans\2026-08-13T185827_160181Z00\system_map.json","8819","        ""state_manager.load_db"","
"C:\Users\USER\slh-bot-clean\_slh_map\scans\2026-08-13T185827_160181Z00\system_map.json","8821","        ""state_manager.save_db"","
"C:\Users\USER\slh-bot-clean\_slh_map\scans\2026-08-13T185827_160181Z00\system_map.json","8906","        ""json.dump"","
"C:\Users\USER\slh-bot-clean\_slh_map\scans\2026-08-13T185827_160181Z00\system_map.json","8908","        ""json.load"""
"C:\Users\USER\slh-bot-clean\_slh_map\scans\2026-08-13T185827_160181Z00\system_map.json","8995","        ""json.loads"","
"C:\Users\USER\slh-bot-clean\_slh_map\scans\2026-08-13T185827_160181Z00\system_map.json","9048","        ""json.dumps"","
"C:\Users\USER\slh-bot-clean\_slh_map\scans\2026-08-13T185827_160181Z00\system_map.json","9178","        ""json.loads"","
"C:\Users\USER\slh-bot-clean\_slh_map\scans\2026-08-13T185827_160181Z00\system_map.json","9187","        ""json.dumps"","
"C:\Users\USER\slh-bot-clean\_slh_map\scans\2026-08-13T185827_160181Z00\system_map.json","9215","        ""json.dumps"","
"C:\Users\USER\slh-bot-clean\_slh_map\scans\2026-08-13T185827_160181Z00\system_map.json","9254","        ""json.dumps"","
"C:\Users\USER\slh-bot-clean\_slh_map\scans\2026-08-13T185827_160181Z00\system_map.json","9255","        ""json.dumps"","
"C:\Users\USER\slh-bot-clean\_slh_map\scans\2026-08-13T185827_160181Z00\system_map.json","9327","        ""json.loads"","
"C:\Users\USER\slh-bot-clean\_slh_map\scans\2026-08-13T185827_160181Z00\system_map.json","9335","        ""json.dumps"","
"C:\Users\USER\slh-bot-clean\_slh_map\scans\2026-08-13T185827_160181Z00\system_map.json","9360","        ""json.dumps"","
"C:\Users\USER\slh-bot-clean\_slh_map\scans\2026-08-13T185827_160181Z00\system_map.json","9398","        ""json.dumps"","
"C:\Users\USER\slh-bot-clean\_slh_map\scans\2026-08-13T185827_160181Z00\system_map.json","9399","        ""json.dumps"","
"C:\Users\USER\slh-bot-clean\_slh_map\scans\2026-08-13T185827_160181Z00\system_map.json","9469","        ""json.loads"","
"C:\Users\USER\slh-bot-clean\_slh_map\scans\2026-08-13T185827_160181Z00\system_map.json","9478","        ""json.dumps"","
"C:\Users\USER\slh-bot-clean\_slh_map\scans\2026-08-13T185827_160181Z00\system_map.json","9599","        ""json.loads"","
"C:\Users\USER\slh-bot-clean\_slh_map\scans\2026-08-13T185827_160181Z00\system_map.json","9643","        ""json.dumps"","
"C:\Users\USER\slh-bot-clean\_slh_map\scans\2026-08-13T185827_160181Z00\system_map.json","9750","        ""json.loads"","
"C:\Users\USER\slh-bot-clean\_slh_map\scans\2026-08-13T185827_160181Z00\system_map.json","9773","        ""json.dumps"","
"C:\Users\USER\slh-bot-clean\_slh_map\scans\2026-08-13T185827_160181Z00\system_map.json","9813","        ""json.dumps"","
"C:\Users\USER\slh-bot-clean\_slh_map\scans\2026-08-13T185827_160181Z00\system_map.json","9871","        ""json.loads"","
"C:\Users\USER\slh-bot-clean\_slh_map\scans\2026-08-13T185827_160181Z00\system_map.json","9979","        ""json.loads"","
"C:\Users\USER\slh-bot-clean\_slh_map\scans\2026-08-13T185827_160181Z00\system_map.json","10155","        ""json.loads"","
"C:\Users\USER\slh-bot-clean\_slh_map\scans\2026-08-13T185827_160181Z00\system_map.json","10172","        ""json.dumps"","
"C:\Users\USER\slh-bot-clean\_slh_map\scans\2026-08-13T185827_160181Z00\system_map.json","10220","        ""json.dumps"","
"C:\Users\USER\slh-bot-clean\_slh_map\scans\2026-08-13T185827_160181Z00\system_map.json","10281","        ""json.loads"","
"C:\Users\USER\slh-bot-clean\_slh_map\scans\2026-08-13T185827_160181Z00\system_map.json","10290","        ""json.dumps"","
"C:\Users\USER\slh-bot-clean\_slh_map\scans\2026-08-13T185827_160181Z00\system_map.json","10413","        ""json.loads"","
"C:\Users\USER\slh-bot-clean\_slh_map\scans\2026-08-13T185827_160181Z00\system_map.json","10556","        ""json.load"","
"C:\Users\USER\slh-bot-clean\_slh_map\scans\2026-08-13T185827_160181Z00\system_map.json","10615","        ""json.load"","
"C:\Users\USER\slh-bot-clean\_slh_map\scans\2026-08-13T185827_160181Z00\system_map.json","10661","        ""json.load"","
"C:\Users\USER\slh-bot-clean\_slh_map\scans\2026-08-13T185827_160181Z00\system_map.json","10663","        ""json.dump"","
"C:\Users\USER\slh-bot-clean\_slh_map\scans\2026-08-13T185827_160181Z00\system_map.json","10789","        ""json.load"","
"C:\Users\USER\slh-bot-clean\_slh_map\scans\2026-08-13T185827_160181Z00\system_map.json","10821","        ""json.load"","
"C:\Users\USER\slh-bot-clean\_slh_map\scans\2026-08-13T185827_160181Z00\system_map.json","10933","        ""json.load"","
"C:\Users\USER\slh-bot-clean\_slh_map\scans\2026-08-13T185827_160181Z00\system_map.json","10934","        ""json.dump"","
"C:\Users\USER\slh-bot-clean\_slh_map\scans\2026-08-13T185827_160181Z00\system_map.json","10979","        ""json.dump"","
"C:\Users\USER\slh-bot-clean\_slh_map\scans\2026-08-13T185827_160181Z00\system_map.json","10986","        ""json.load"","
"C:\Users\USER\slh-bot-clean\_slh_map\scans\2026-08-13T185827_160181Z00\system_map.json","11041","        ""json.load"","
"C:\Users\USER\slh-bot-clean\_slh_map\scans\2026-08-13T185827_160181Z00\system_map.json","11042","        ""json.dump"","
"C:\Users\USER\slh-bot-clean\_slh_map\scans\2026-08-13T185827_160181Z00\system_map.json","11056","        ""json.load"","
"C:\Users\USER\slh-bot-clean\_slh_map\scans\2026-08-13T185827_160181Z00\system_map.json","11069","        ""json.load"","
"C:\Users\USER\slh-bot-clean\_slh_map\scans\2026-08-13T185827_160181Z00\system_map.json","11082","        ""json.load"","
"C:\Users\USER\slh-bot-clean\_slh_map\scans\2026-08-13T185827_160181Z00\system_map.json","11094","        ""json.load"","
"C:\Users\USER\slh-bot-clean\_slh_map\scans\2026-08-13T185827_160181Z00\system_map.json","11105","        ""json.load"","
"C:\Users\USER\slh-bot-clean\_slh_map\scans\2026-08-13T185827_160181Z00\system_map.json","11169","        ""json.dump"","
"C:\Users\USER\slh-bot-clean\_slh_map\scans\2026-08-13T185827_160181Z00\system_map.json","11188","        ""json.load"","
"C:\Users\USER\slh-bot-clean\_slh_map\scans\2026-08-13T185827_160181Z00\system_map.json","11190","        ""json.dump"","
"C:\Users\USER\slh-bot-clean\_slh_map\scans\2026-08-13T185827_160181Z00\system_map.json","11254","        ""json.dump"","
"C:\Users\USER\slh-bot-clean\_slh_map\scans\2026-08-13T185827_160181Z00\system_map.json","11260","        ""json.load"","
"C:\Users\USER\slh-bot-clean\_slh_map\scans\2026-08-13T185827_160181Z00\system_map.json","11282","        ""json.load"","
"C:\Users\USER\slh-bot-clean\_slh_map\scans\2026-08-13T185827_160181Z00\system_map.json","11285","        ""json.load"","
"C:\Users\USER\slh-bot-clean\_slh_map\scans\2026-08-13T185827_160181Z00\system_map.json","11289","        ""json.load"","
"C:\Users\USER\slh-bot-clean\_slh_map\scans\2026-08-13T185827_160181Z00\system_map.json","11340","        ""json.loads"","
"C:\Users\USER\slh-bot-clean\_slh_map\scans\2026-08-13T185827_160181Z00\system_map.json","11502","        ""json.dump"","
"C:\Users\USER\slh-bot-clean\_slh_map\scans\2026-08-13T185827_160181Z00\system_map.json","11511","        ""json.load"","
"C:\Users\USER\slh-bot-clean\_slh_map\scans\2026-08-13T185827_160181Z00\system_map.json","11644","        ""json.load"","
"C:\Users\USER\slh-bot-clean\_slh_map\scans\2026-08-13T185827_160181Z00\system_map.json","11754","        ""json.load"","
"C:\Users\USER\slh-bot-clean\_slh_map\scans\2026-08-13T185827_160181Z00\system_map.json","11758","        ""json.load"","
"C:\Users\USER\slh-bot-clean\_slh_map\scans\2026-08-13T185827_160181Z00\system_map.json","11764","        ""json.dump"","
"C:\Users\USER\slh-bot-clean\_slh_map\scans\2026-08-13T185827_160181Z00\system_map.json","11766","        ""json.load"","
"C:\Users\USER\slh-bot-clean\_slh_map\scans\2026-08-13T185827_160181Z00\system_map.json","11815","        ""json.load"","
"C:\Users\USER\slh-bot-clean\_slh_map\scans\2026-08-13T185827_160181Z00\system_map.json","11818","        ""json.dump"","
"C:\Users\USER\slh-bot-clean\_slh_map\scans\2026-08-13T185827_160181Z00\system_map.json","11864","        ""json.load"","
"C:\Users\USER\slh-bot-clean\_slh_map\scans\2026-08-13T185827_160181Z00\system_map.json","11889","        ""json.loads"","
"C:\Users\USER\slh-bot-clean\_slh_map\scans\2026-08-13T185827_160181Z00\system_map.json","11959","        ""json.load"","
"C:\Users\USER\slh-bot-clean\_slh_map\scans\2026-08-13T185827_160181Z00\system_map.json","11961","        ""json.dump"","
"C:\Users\USER\slh-bot-clean\_slh_map\scans\2026-08-13T185827_160181Z00\system_map.json","11996","        ""state_manager"","
"C:\Users\USER\slh-bot-clean\_slh_map\scans\2026-08-13T185827_160181Z00\system_map.json","12018","        ""state_manager.load_db"","
"C:\Users\USER\slh-bot-clean\_slh_map\scans\2026-08-13T185827_160181Z00\system_map.json","12023","        ""state_manager.load_db"","
"C:\Users\USER\slh-bot-clean\_slh_map\scans\2026-08-13T185827_160181Z00\system_map.json","12028","        ""state_manager.save_db"","
"C:\Users\USER\slh-bot-clean\_slh_map\scans\2026-08-13T185827_160181Z00\system_map.json","12031","        ""state_manager.load_db"","
"C:\Users\USER\slh-bot-clean\_slh_map\scans\2026-08-13T185827_160181Z00\system_map.json","12036","        ""state_manager.save_db"","
"C:\Users\USER\slh-bot-clean\_slh_map\scans\2026-08-13T185827_160181Z00\system_map.json","12040","        ""state_manager.load_db"","
"C:\Users\USER\slh-bot-clean\_slh_map\scans\2026-08-13T185827_160181Z00\system_map.json","12041","        ""state_manager.save_db"","
"C:\Users\USER\slh-bot-clean\_slh_map\scans\2026-08-13T185827_160181Z00\system_map.json","12120","        ""state_manager"","
"C:\Users\USER\slh-bot-clean\_slh_map\scans\2026-08-13T185827_160181Z00\system_map.json","12151","        ""state_manager.load_db"","
"C:\Users\USER\slh-bot-clean\_slh_map\scans\2026-08-13T185827_160181Z00\system_map.json","12161","        ""state_manager.load_db"","
"C:\Users\USER\slh-bot-clean\_slh_map\scans\2026-08-13T185827_160181Z00\system_map.json","12168","        ""state_manager.load_db"","
"C:\Users\USER\slh-bot-clean\_slh_map\scans\2026-08-13T185827_160181Z00\system_map.json","12170","        ""state_manager.load_db"","
"C:\Users\USER\slh-bot-clean\_slh_map\scans\2026-08-13T185827_160181Z00\system_map.json","12177","        ""state_manager.load_db"","
"C:\Users\USER\slh-bot-clean\_slh_map\scans\2026-08-13T185827_160181Z00\system_map.json","12179","        ""state_manager.save_db"","
"C:\Users\USER\slh-bot-clean\_slh_map\scans\2026-08-13T185827_160181Z00\system_map.json","12202","        ""state_manager.save_db"","
"C:\Users\USER\slh-bot-clean\_slh_map\scans\2026-08-13T185827_160181Z00\system_map.json","12393","        ""json.load"","
"C:\Users\USER\slh-bot-clean\_slh_map\scans\2026-08-13T185827_160181Z00\system_map.json","12509","        ""json.load"","
"C:\Users\USER\slh-bot-clean\_slh_map\scans\2026-08-13T185827_160181Z00\system_map.json","12599","        ""json.load"","
"C:\Users\USER\slh-bot-clean\_slh_map\scans\2026-08-13T185827_160181Z00\system_map.json","12601","        ""json.dump"","
"C:\Users\USER\slh-bot-clean\_slh_map\scans\2026-08-13T185827_160181Z00\system_map.json","12603","        ""json.load"","
"C:\Users\USER\slh-bot-clean\_slh_map\scans\2026-08-13T185827_160181Z00\system_map.json","12610","        ""json.dump"","
"C:\Users\USER\slh-bot-clean\_slh_map\scans\2026-08-13T185827_160181Z00\system_map.json","12611","        ""json.dumps"","
"C:\Users\USER\slh-bot-clean\_slh_map\scans\2026-08-13T185827_160181Z00\system_map.json","12706","        ""json.load"","
"C:\Users\USER\slh-bot-clean\_slh_map\scans\2026-08-13T185827_160181Z00\system_map.json","12717","        ""json.load"","
"C:\Users\USER\slh-bot-clean\_slh_map\scans\2026-08-13T185827_160181Z00\system_map.json","12720","        ""json.load"","
"C:\Users\USER\slh-bot-clean\_slh_map\scans\2026-08-13T185827_160181Z00\system_map.json","12803","        ""json.load"","
"C:\Users\USER\slh-bot-clean\_slh_map\scans\2026-08-13T185827_160181Z00\system_map.json","12914","        ""json.dumps"","
"C:\Users\USER\slh-bot-clean\_slh_map\scans\2026-08-13T185827_160181Z00\system_map.json","12922","        ""json.dumps"","
"C:\Users\USER\slh-bot-clean\_slh_map\scans\2026-08-13T185827_160181Z00\system_map.json","12998","        ""json.load"","
"C:\Users\USER\slh-bot-clean\_slh_map\scans\2026-08-13T185827_160181Z00\system_map.json","13215","        ""json.dump"","
"C:\Users\USER\slh-bot-clean\_slh_map\scans\2026-08-13T185827_160181Z00\system_map.json","13223","        ""json.load"","
"C:\Users\USER\slh-bot-clean\_slh_map\scans\2026-08-13T185827_160181Z00\system_map.json","13331","        ""json.load"","
"C:\Users\USER\slh-bot-clean\_slh_map\scans\2026-08-13T185827_160181Z00\system_map.json","13334","        ""json.dump"","
"C:\Users\USER\slh-bot-clean\_slh_map\scans\2026-08-13T185827_160181Z00\system_map.json","13344","        ""json.dump"","
"C:\Users\USER\slh-bot-clean\_slh_map\scans\2026-08-13T185827_160181Z00\system_map.json","13345","        ""json.dumps"","
"C:\Users\USER\slh-bot-clean\_slh_map\scans\2026-08-13T185827_160181Z00\system_map.json","13350","        ""json.dump"","
"C:\Users\USER\slh-bot-clean\_slh_map\scans\2026-08-13T185827_160181Z00\system_map.json","13353","        ""json.load"","
"C:\Users\USER\slh-bot-clean\_slh_map\scans\2026-08-13T185827_160181Z00\system_map.json","13661","        ""json.load"","
"C:\Users\USER\slh-bot-clean\_slh_map\scans\2026-08-13T185827_160181Z00\system_map.json","13715","        ""state_manager"","
"C:\Users\USER\slh-bot-clean\_slh_map\scans\2026-08-13T185827_160181Z00\system_map.json","13932","        ""json.load"","
"C:\Users\USER\slh-bot-clean\_slh_map\scans\2026-08-13T185827_160181Z00\system_map.json","13941","        ""json.dump"","
"C:\Users\USER\slh-bot-clean\_slh_map\scans\2026-08-13T185827_160181Z00\system_map.json","13945","        ""json.load"","
"C:\Users\USER\slh-bot-clean\_slh_map\scans\2026-08-13T185827_160181Z00\system_map.json","13957","        ""json.dump"","
"C:\Users\USER\slh-bot-clean\_slh_map\scans\2026-08-13T185827_160181Z00\system_map.json","14031","        ""json.load"","
"C:\Users\USER\slh-bot-clean\_slh_map\scans\2026-08-13T185827_160181Z00\system_map.json","14039","        ""json.load"","
"C:\Users\USER\slh-bot-clean\_slh_map\scans\2026-08-13T185827_160181Z00\system_map.json","14061","        ""json.load"","
"C:\Users\USER\slh-bot-clean\_slh_map\scans\2026-08-13T185827_160181Z00\system_map.json","14067","        ""json.load"","
"C:\Users\USER\slh-bot-clean\_slh_map\scans\2026-08-13T185827_160181Z00\system_map.json","14076","        ""json.loads"","
"C:\Users\USER\slh-bot-clean\_slh_map\scans\2026-08-13T185827_160181Z00\system_map.json","14116","        ""json.load"","
"C:\Users\USER\slh-bot-clean\_slh_map\scans\2026-08-13T185827_160181Z00\system_map.json","14125","        ""json.load"","
"C:\Users\USER\slh-bot-clean\_slh_map\scans\2026-08-13T185827_160181Z00\system_map.json","14215","        ""json.load"","
"C:\Users\USER\slh-bot-clean\_slh_map\scans\2026-08-13T185827_160181Z00\system_map.json","14224","        ""json.dump"","
"C:\Users\USER\slh-bot-clean\_slh_map\scans\2026-08-13T185827_160181Z00\system_map.json","14226","        ""json.load"","
"C:\Users\USER\slh-bot-clean\_slh_map\scans\2026-08-13T185827_160181Z00\system_map.json","14233","        ""json.dump"","
"C:\Users\USER\slh-bot-clean\_slh_map\scans\2026-08-13T185827_160181Z00\system_map.json","14234","        ""json.dumps"","
"C:\Users\USER\slh-bot-clean\_slh_map\scans\2026-08-13T185827_160181Z00\system_map.json","14291","        ""json.load"","
"C:\Users\USER\slh-bot-clean\_slh_map\scans\2026-08-13T185827_160181Z00\system_map.json","14468","        ""json.loads"","
"C:\Users\USER\slh-bot-clean\_slh_map\scans\2026-08-13T185827_160181Z00\system_map.json","14469","        ""json.dumps"","
"C:\Users\USER\slh-bot-clean\_slh_map\scans\2026-08-13T185827_160181Z00\system_map.json","14526","        ""json.dumps"","
"C:\Users\USER\slh-bot-clean\_slh_map\scans\2026-08-13T185827_160181Z00\system_map.json","14628","        ""json.load"","
"C:\Users\USER\slh-bot-clean\_slh_map\scans\2026-08-13T185827_160181Z00\system_map.json","14710","        ""json.load"","
"C:\Users\USER\slh-bot-clean\_slh_map\scans\2026-08-13T185827_160181Z00\system_map.json","14716","        ""json.dump"","
"C:\Users\USER\slh-bot-clean\_slh_map\scans\2026-08-13T185827_160181Z00\system_map.json","14736","        ""state_manager"","
"C:\Users\USER\slh-bot-clean\_slh_map\scans\2026-08-13T185827_160181Z00\system_map.json","14757","        ""state_manager.get_agents"","
"C:\Users\USER\slh-bot-clean\_slh_map\scans\2026-08-13T185827_160181Z00\system_map.json","14760","        ""state_manager.get_agents"","
"C:\Users\USER\slh-bot-clean\_slh_map\scans\2026-08-13T185827_160181Z00\system_map.json","14764","        ""state_manager.get_agents"","
"C:\Users\USER\slh-bot-clean\_slh_map\scans\2026-08-13T185827_160181Z00\system_map.json","14767","        ""state_manager.set_agents"","
"C:\Users\USER\slh-bot-clean\_slh_map\scans\2026-08-13T185827_160181Z00\system_map.json","14771","        ""state_manager.get_agents"","
"C:\Users\USER\slh-bot-clean\_slh_map\scans\2026-08-13T185827_160181Z00\system_map.json","14773","        ""state_manager.set_agents"","
"C:\Users\USER\slh-bot-clean\_slh_map\scans\2026-08-13T185827_160181Z00\system_map.json","14837","        ""json.load"","
"C:\Users\USER\slh-bot-clean\_slh_map\scans\2026-08-13T185827_160181Z00\system_map.json","14842","        ""json.load"","
"C:\Users\USER\slh-bot-clean\_slh_map\scans\2026-08-13T185827_160181Z00\system_map.json","14844","        ""json.dump"","
"C:\Users\USER\slh-bot-clean\_slh_map\scans\2026-08-13T185827_160181Z00\system_map.json","14891","        ""json.load"","
"C:\Users\USER\slh-bot-clean\_slh_map\scans\2026-08-13T185827_160181Z00\system_map.json","14922","        ""state_manager"","
"C:\Users\USER\slh-bot-clean\_slh_map\scans\2026-08-13T185827_160181Z00\system_map.json","14943","        ""state_manager.get_agents"","
"C:\Users\USER\slh-bot-clean\_slh_map\scans\2026-08-13T185827_160181Z00\system_map.json","15005","        ""state_manager"","
"C:\Users\USER\slh-bot-clean\_slh_map\scans\2026-08-13T185827_160181Z00\system_map.json","15022","        ""state_manager.get_agents"","
"C:\Users\USER\slh-bot-clean\_slh_map\scans\2026-08-13T185827_160181Z00\system_map.json","15024","        ""state_manager.set_agents"","
"C:\Users\USER\slh-bot-clean\_slh_map\scans\2026-08-13T185827_160181Z00\system_map.json","15060","        ""json.load"","
"C:\Users\USER\slh-bot-clean\_slh_map\scans\2026-08-13T185827_160181Z00\system_map.json","15062","        ""json.dump"","
"C:\Users\USER\slh-bot-clean\_slh_map\scans\2026-08-13T185827_160181Z00\system_map.json","15133","        ""json.load"","
"C:\Users\USER\slh-bot-clean\_slh_map\scans\2026-08-13T185827_160181Z00\system_map.json","15205","        ""json.dump"","
"C:\Users\USER\slh-bot-clean\_slh_map\scans\2026-08-13T185827_160181Z00\system_map.json","15207","        ""json.load"","
"C:\Users\USER\slh-bot-clean\_slh_map\scans\2026-08-13T185827_160181Z00\system_map.json","15256","        ""json.load"","
"C:\Users\USER\slh-bot-clean\_slh_map\scans\2026-08-13T185827_160181Z00\system_map.json","15258","        ""json.dump"","
"C:\Users\USER\slh-bot-clean\_slh_map\scans\2026-08-13T185827_160181Z00\system_map.json","15261","        ""json.load"","
"C:\Users\USER\slh-bot-clean\_slh_map\scans\2026-08-13T185827_160181Z00\system_map.json","15263","        ""json.dump"","
"C:\Users\USER\slh-bot-clean\_slh_map\scans\2026-08-13T185827_160181Z00\system_map.json","15266","        ""json.load"","
"C:\Users\USER\slh-bot-clean\_slh_map\scans\2026-08-13T185827_160181Z00\system_map.json","15305","        ""json.load"","
"C:\Users\USER\slh-bot-clean\_slh_map\scans\2026-08-13T185827_160181Z00\system_map.json","15307","        ""json.dump"","
"C:\Users\USER\slh-bot-clean\_slh_map\scans\2026-08-13T185827_160181Z00\system_map.json","15366","        ""json.load"","
"C:\Users\USER\slh-bot-clean\_slh_map\scans\2026-08-13T185827_160181Z00\system_map.json","15401","        ""json.load"","
"C:\Users\USER\slh-bot-clean\_slh_map\scans\2026-08-13T185827_160181Z00\system_map.json","15403","        ""json.load"","
"C:\Users\USER\slh-bot-clean\_slh_map\scans\2026-08-13T185827_160181Z00\system_map.json","15405","        ""json.load"","
"C:\Users\USER\slh-bot-clean\_slh_map\scans\2026-08-13T185827_160181Z00\system_map.json","15442","        ""json.dump"","
"C:\Users\USER\slh-bot-clean\_slh_map\scans\2026-08-13T185827_160181Z00\system_map.json","15448","        ""json.load"","
"C:\Users\USER\slh-bot-clean\_slh_map\scans\2026-08-13T185827_160181Z00\system_map.json","15458","      ""path"": ""state_manager.py"","
"C:\Users\USER\slh-bot-clean\_slh_map\scans\2026-08-13T185827_160181Z00\system_map.json","15459","      ""module"": ""state_manager"","
"C:\Users\USER\slh-bot-clean\_slh_map\scans\2026-08-13T185827_160181Z00\system_map.json","15489","        ""json.load"","
"C:\Users\USER\slh-bot-clean\_slh_map\scans\2026-08-13T185827_160181Z00\system_map.json","15492","        ""json.load"","
"C:\Users\USER\slh-bot-clean\_slh_map\scans\2026-08-13T185827_160181Z00\system_map.json","15494","        ""json.dump"","
"C:\Users\USER\slh-bot-clean\_slh_map\scans\2026-08-13T185827_160181Z00\system_map.json","15540","        ""json.load"""
"C:\Users\USER\slh-bot-clean\_slh_map\scans\2026-08-13T185827_160181Z00\system_map.json","15632","        ""json.load"","
"C:\Users\USER\slh-bot-clean\_slh_map\scans\2026-08-13T185827_160181Z00\system_map.json","15634","        ""json.dump"","
"C:\Users\USER\slh-bot-clean\_slh_map\scans\2026-08-13T185827_160181Z00\system_map.json","15678","        ""json.dump"","
"C:\Users\USER\slh-bot-clean\_slh_map\scans\2026-08-13T185827_160181Z00\system_map.json","15683","        ""json.load"","
"C:\Users\USER\slh-bot-clean\_slh_map\scans\2026-08-13T185827_160181Z00\system_map.json","15770","        ""json.load"","
"C:\Users\USER\slh-bot-clean\_slh_map\scans\2026-08-13T185827_160181Z00\system_map.json","15785","        ""json.dumps"","
"C:\Users\USER\slh-bot-clean\_slh_map\scans\2026-08-13T185827_160181Z00\system_map.json","15872","        ""json.load"","
"C:\Users\USER\slh-bot-clean\_slh_map\scans\2026-08-13T185827_160181Z00\system_map.json","15980","        ""json.loads"","
"C:\Users\USER\slh-bot-clean\_slh_map\scans\2026-08-13T185827_160181Z00\system_map.json","16084","        ""json.load"""
"C:\Users\USER\slh-bot-clean\_slh_map\scans\2026-08-13T185827_160181Z00\system_map.json","16174","        ""json.loads"","
"C:\Users\USER\slh-bot-clean\_slh_map\scans\2026-08-13T185827_160181Z00\system_map.json","16283","        ""json.loads"","
"C:\Users\USER\slh-bot-clean\_slh_map\scans\2026-08-13T185827_160181Z00\system_map.json","16456","        ""json.loads"","
"C:\Users\USER\slh-bot-clean\_slh_map\scans\2026-08-13T185827_160181Z00\system_map.json","16639","        ""json.loads"","
"C:\Users\USER\slh-bot-clean\_slh_map\scans\2026-08-13T185827_160181Z00\system_map.json","16644","        ""json.dumps"","
"C:\Users\USER\slh-bot-clean\_slh_map\scans\2026-08-13T185827_160181Z00\system_map.json","16722","        ""json.loads"","
"C:\Users\USER\slh-bot-clean\_slh_map\scans\2026-08-13T185827_160181Z00\system_map.json","16787","        ""json.loads"","
"C:\Users\USER\slh-bot-clean\_slh_map\scans\2026-08-13T185827_160181Z00\system_map.json","16792","        ""json.dumps"","
"C:\Users\USER\slh-bot-clean\_slh_map\scans\2026-08-13T185827_160181Z00\system_map.json","16811","        ""json.loads"","
"C:\Users\USER\slh-bot-clean\_slh_map\scans\2026-08-13T185827_160181Z00\system_map.json","16913","        ""json.loads"","
"C:\Users\USER\slh-bot-clean\_slh_map\scans\2026-08-13T185827_160181Z00\system_map.json","16918","        ""json.dumps"","
"C:\Users\USER\slh-bot-clean\_slh_map\scans\2026-08-13T185827_160181Z00\system_map.json","16992","        ""json.loads"","
"C:\Users\USER\slh-bot-clean\_slh_map\scans\2026-08-13T185827_160181Z00\system_map.json","17130","        ""json.loads"","
"C:\Users\USER\slh-bot-clean\_slh_map\scans\2026-08-13T185827_160181Z00\system_map.json","17256","        ""json.loads"","
"C:\Users\USER\slh-bot-clean\_slh_map\scans\2026-08-13T185827_160181Z00\system_map.json","17437","        ""json.loads"","
"C:\Users\USER\slh-bot-clean\_slh_map\scans\2026-08-13T185827_160181Z00\system_map.json","17602","        ""json.loads"","
"C:\Users\USER\slh-bot-clean\_slh_map\scans\2026-08-13T185827_160181Z00\system_map.json","17789","        ""json.dumps"","
"C:\Users\USER\slh-bot-clean\_slh_map\scans\2026-08-13T185827_160181Z00\system_map.json","17823","        ""state_manager"","
"C:\Users\USER\slh-bot-clean\_slh_map\scans\2026-08-13T185827_160181Z00\system_map.json","17849","        ""state_manager.load_db"","
"C:\Users\USER\slh-bot-clean\_slh_map\scans\2026-08-13T185827_160181Z00\system_map.json","17851","        ""state_manager.load_db"","
"C:\Users\USER\slh-bot-clean\_slh_map\scans\2026-08-13T185827_160181Z00\system_map.json","17852","        ""state_manager.save_db"","
"C:\Users\USER\slh-bot-clean\_slh_map\scans\2026-08-13T185827_160181Z00\system_map.json","17861","        ""state_manager.atomic_update"","
"C:\Users\USER\slh-bot-clean\_slh_map\scans\2026-08-13T185827_160181Z00\system_map.json","17992","        ""json.dumps"","
"C:\Users\USER\slh-bot-clean\_slh_map\scans\2026-08-13T185827_160181Z00\system_map.json","18111","        ""json.loads"","
"C:\Users\USER\slh-bot-clean\_slh_map\scans\2026-08-13T185827_160181Z00\system_map.json","18112","        ""json.dumps"","
"C:\Users\USER\slh-bot-clean\_slh_map\scans\2026-08-13T185827_160181Z00\system_map.json","18216","        ""json.load"","
"C:\Users\USER\slh-bot-clean\_slh_map\scans\2026-08-13T185827_160181Z00\system_map.json","18229","        ""json.dump"","
"C:\Users\USER\slh-bot-clean\_slh_map\scans\2026-08-13T185827_160181Z00\system_map.json","18467","        ""json.dumps"","
"C:\Users\USER\slh-bot-clean\_slh_map\scans\2026-08-13T185827_160181Z00\system_map.json","18584","        ""json.dumps"""
"C:\Users\USER\slh-bot-clean\_slh_map\scans\2026-08-13T185827_160181Z00\system_map.json","18708","        ""json.dumps"","
"C:\Users\USER\slh-bot-clean\_slh_map\scans\2026-08-13T185827_160181Z00\system_map.json","18792","        ""json.dumps"","
"C:\Users\USER\slh-bot-clean\_slh_map\scans\2026-08-13T185827_160181Z00\system_map.json","19022","        ""json.dumps"","
"C:\Users\USER\slh-bot-clean\_slh_map\scans\2026-08-13T185827_160181Z00\system_map.json","19115","        ""json.load"","
"C:\Users\USER\slh-bot-clean\_slh_map\scans\2026-08-13T185827_160181Z00\system_map.json","19116","        ""json.load"","
"C:\Users\USER\slh-bot-clean\_slh_map\scans\2026-08-13T185827_160181Z00\system_map.json","19119","        ""json.load"","
"C:\Users\USER\slh-bot-clean\_slh_map\scans\2026-08-13T185827_160181Z00\system_map.json","19121","        ""json.dumps"","
"C:\Users\USER\slh-bot-clean\_slh_map\scans\2026-08-13T185827_160181Z00\system_map.json","19248","        ""json.dumps"","
"C:\Users\USER\slh-bot-clean\_slh_map\scans\2026-08-13T185827_160181Z00\system_map.json","19479","        ""json.dumps"","
"C:\Users\USER\slh-bot-clean\_slh_map\scans\2026-08-13T185827_160181Z00\system_map.json","19720","        ""json.dumps"","
"C:\Users\USER\slh-bot-clean\_slh_map\scans\2026-08-13T185827_160181Z00\system_map.json","19789","        ""json.loads"","
"C:\Users\USER\slh-bot-clean\_slh_map\scans\2026-08-13T185827_160181Z00\system_map.json","19867","        ""json.dumps"","
"C:\Users\USER\slh-bot-clean\_slh_map\scans\2026-08-13T185827_160181Z00\system_map.json","19993","        ""json.dumps"","
"C:\Users\USER\slh-bot-clean\_slh_map\scans\2026-08-13T185827_160181Z00\system_map.json","20095","        ""json.dumps"","
"C:\Users\USER\slh-bot-clean\_slh_map\scans\2026-08-13T185827_160181Z00\system_map.json","20195","        ""json.load"","
"C:\Users\USER\slh-bot-clean\_slh_map\scans\2026-08-13T185827_160181Z00\system_map.json","20261","        ""json.dumps"","
"C:\Users\USER\slh-bot-clean\_slh_map\scans\2026-08-13T185827_160181Z00\system_map.json","20263","        ""json.loads"","
"C:\Users\USER\slh-bot-clean\_slh_map\scans\2026-08-13T185827_160181Z00\system_map.json","20504","        ""json.loads"","
"C:\Users\USER\slh-bot-clean\_slh_map\scans\2026-08-13T185827_160181Z00\system_map.json","20511","        ""json.loads"","
"C:\Users\USER\slh-bot-clean\_slh_map\scans\2026-08-13T185827_160181Z00\system_map.json","20518","        ""json.loads"","
"C:\Users\USER\slh-bot-clean\_slh_map\scans\2026-08-13T185827_160181Z00\system_map.json","20525","        ""json.loads"","
"C:\Users\USER\slh-bot-clean\_slh_map\scans\2026-08-13T185827_160181Z00\system_map.json","20565","        ""json.loads"","
"C:\Users\USER\slh-bot-clean\_slh_map\scans\2026-08-13T185827_160181Z00\system_map.json","20637","        ""json.loads"","
"C:\Users\USER\slh-bot-clean\_slh_map\scans\2026-08-13T185827_160181Z00\system_map.json","20648","        ""json.dumps"","
"C:\Users\USER\slh-bot-clean\_slh_map\scans\2026-08-13T185827_160181Z00\system_map.json","20651","        ""json.dumps"","
"C:\Users\USER\slh-bot-clean\_slh_map\scans\2026-08-13T185827_160181Z00\system_map.json","20654","        ""json.dumps"","
"C:\Users\USER\slh-bot-clean\_slh_map\scans\2026-08-13T185827_160181Z00\system_map.json","20657","        ""json.dumps"","
"C:\Users\USER\slh-bot-clean\_slh_map\scans\2026-08-13T185827_160181Z00\system_map.json","20725","        ""json.dumps"","
"C:\Users\USER\slh-bot-clean\_slh_map\scans\2026-08-13T185827_160181Z00\system_map.json","20894","        ""json.dumps"","
"C:\Users\USER\slh-bot-clean\_slh_map\scans\2026-08-13T185827_160181Z00\system_map.json","21437","        ""json.loads"","
"C:\Users\USER\slh-bot-clean\_slh_map\scans\2026-08-13T185827_160181Z00\system_map.json","21451","        ""json.dumps"","
"C:\Users\USER\slh-bot-clean\_slh_map\scans\2026-08-13T185827_160181Z00\system_map.json","21550","        ""json.dumps"","
"C:\Users\USER\slh-bot-clean\_slh_map\scans\2026-08-13T185827_160181Z00\system_map.json","21640","        ""json.dumps"","
"C:\Users\USER\slh-bot-clean\_slh_map\scans\2026-08-13T185827_160181Z00\system_map.json","21820","        ""json.load"","
"C:\Users\USER\slh-bot-clean\_slh_map\scans\2026-08-13T185827_160181Z00\system_map.json","21943","      ""target"": ""state_manager"","
"C:\Users\USER\slh-bot-clean\_slh_map\scans\2026-08-13T185827_160181Z00\system_map.json","21983","      ""target"": ""state_manager"","
"C:\Users\USER\slh-bot-clean\_slh_map\scans\2026-08-13T185827_160181Z00\system_map.json","22108","      ""target"": ""state_manager"","
"C:\Users\USER\slh-bot-clean\_slh_map\scans\2026-08-13T185827_160181Z00\system_map.json","22133","      ""target"": ""state_manager"","
"C:\Users\USER\slh-bot-clean\_slh_map\scans\2026-08-13T185827_160181Z00\system_map.json","22148","      ""target"": ""state_manager"","
"C:\Users\USER\slh-bot-clean\_slh_map\scans\2026-08-13T185827_160181Z00\system_map.json","22218","      ""target"": ""state_manager"","
"C:\Users\USER\slh-bot-clean\_slh_map\scans\2026-08-13T185827_160181Z00\system_map.json","22223","      ""target"": ""state_manager"","
"C:\Users\USER\slh-bot-clean\_slh_map\scans\2026-08-13T185827_160181Z00\system_map.json","22353","      ""target"": ""state_manager"","
"C:\Users\USER\slh-bot-clean\_slh_map\scans\2026-08-13T185827_160181Z00\system_map.json","22428","      ""target"": ""state_manager"","
"C:\Users\USER\slh-bot-clean\_slh_map\scans\2026-08-13T185827_160181Z00\system_map.json","22433","      ""target"": ""state_manager"","
"C:\Users\USER\slh-bot-clean\_slh_map\scans\2026-08-13T185827_160181Z00\system_map.json","22443","      ""target"": ""state_manager"","
"C:\Users\USER\slh-bot-clean\_slh_map\scans\2026-08-13T185827_160181Z00\system_map.json","22513","      ""target"": ""state_manager"","
"C:\Users\USER\slh-bot-clean\_slh_map\scans\2026-08-13T185827_160181Z00\system_map.json","22528","      ""target"": ""state_manager"","
"C:\Users\USER\slh-bot-clean\_slh_map\scans\2026-08-13T185827_160181Z00\system_map.json","22693","      ""target"": ""state_manager"","
"C:\Users\USER\slh-bot-clean\_slh_map\scans\2026-08-13T185827_160181Z00\system_map.json","22738","      ""target"": ""state_manager"","
"C:\Users\USER\slh-bot-clean\_slh_map\scans\2026-08-13T185827_160181Z00\system_map.json","22758","      ""target"": ""state_manager"","
"C:\Users\USER\slh-bot-clean\_slh_map\scans\2026-08-13T185827_160181Z00\system_map.json","22788","      ""target"": ""state_manager"","
"C:\Users\USER\slh-bot-clean\_slh_map\scans\2026-08-13T185827_160181Z00\system_map.json","22938","      ""target"": ""state_manager"","
"C:\Users\USER\slh-bot-clean\_slh_map\scans\2026-08-13T190214_435023Z00\system_map.json","235","        ""json.load"","
"C:\Users\USER\slh-bot-clean\_slh_map\scans\2026-08-13T190214_435023Z00\system_map.json","238","        ""json.load"","
"C:\Users\USER\slh-bot-clean\_slh_map\scans\2026-08-13T190214_435023Z00\system_map.json","240","        ""json.dump"","
"C:\Users\USER\slh-bot-clean\_slh_map\scans\2026-08-13T190214_435023Z00\system_map.json","453","        ""json.loads"","
"C:\Users\USER\slh-bot-clean\_slh_map\scans\2026-08-13T190214_435023Z00\system_map.json","552","        ""json.loads"","
"C:\Users\USER\slh-bot-clean\_slh_map\scans\2026-08-13T190214_435023Z00\system_map.json","602","        ""json.dumps"","
"C:\Users\USER\slh-bot-clean\_slh_map\scans\2026-08-13T190214_435023Z00\system_map.json","642","        ""json.loads"","
"C:\Users\USER\slh-bot-clean\_slh_map\scans\2026-08-13T190214_435023Z00\system_map.json","752","        ""json.loads"","
"C:\Users\USER\slh-bot-clean\_slh_map\scans\2026-08-13T190214_435023Z00\system_map.json","755","        ""json.dumps"""
"C:\Users\USER\slh-bot-clean\_slh_map\scans\2026-08-13T190214_435023Z00\system_map.json","785","        ""json.load"","
"C:\Users\USER\slh-bot-clean\_slh_map\scans\2026-08-13T190214_435023Z00\system_map.json","924","        ""json.load"","
"C:\Users\USER\slh-bot-clean\_slh_map\scans\2026-08-13T190214_435023Z00\system_map.json","935","        ""json.load"","
"C:\Users\USER\slh-bot-clean\_slh_map\scans\2026-08-13T190214_435023Z00\system_map.json","942","        ""json.load"","
"C:\Users\USER\slh-bot-clean\_slh_map\scans\2026-08-13T190214_435023Z00\system_map.json","1009","        ""state_manager"","
"C:\Users\USER\slh-bot-clean\_slh_map\scans\2026-08-13T190214_435023Z00\system_map.json","1187","        ""json.load"","
"C:\Users\USER\slh-bot-clean\_slh_map\scans\2026-08-13T190214_435023Z00\system_map.json","1196","        ""json.dump"","
"C:\Users\USER\slh-bot-clean\_slh_map\scans\2026-08-13T190214_435023Z00\system_map.json","1200","        ""json.load"","
"C:\Users\USER\slh-bot-clean\_slh_map\scans\2026-08-13T190214_435023Z00\system_map.json","1212","        ""json.dump"","
"C:\Users\USER\slh-bot-clean\_slh_map\scans\2026-08-13T190214_435023Z00\system_map.json","1267","        ""json.load"","
"C:\Users\USER\slh-bot-clean\_slh_map\scans\2026-08-13T190214_435023Z00\system_map.json","1275","        ""json.load"","
"C:\Users\USER\slh-bot-clean\_slh_map\scans\2026-08-13T190214_435023Z00\system_map.json","1297","        ""json.load"","
"C:\Users\USER\slh-bot-clean\_slh_map\scans\2026-08-13T190214_435023Z00\system_map.json","1303","        ""json.load"","
"C:\Users\USER\slh-bot-clean\_slh_map\scans\2026-08-13T190214_435023Z00\system_map.json","1312","        ""json.loads"","
"C:\Users\USER\slh-bot-clean\_slh_map\scans\2026-08-13T190214_435023Z00\system_map.json","1336","        ""json.load"","
"C:\Users\USER\slh-bot-clean\_slh_map\scans\2026-08-13T190214_435023Z00\system_map.json","1345","        ""json.load"","
"C:\Users\USER\slh-bot-clean\_slh_map\scans\2026-08-13T190214_435023Z00\system_map.json","1435","        ""state_manager"""
"C:\Users\USER\slh-bot-clean\_slh_map\scans\2026-08-13T190214_435023Z00\system_map.json","1454","        ""state_manager.load_db"","
"C:\Users\USER\slh-bot-clean\_slh_map\scans\2026-08-13T190214_435023Z00\system_map.json","1462","        ""json.load"","
"C:\Users\USER\slh-bot-clean\_slh_map\scans\2026-08-13T190214_435023Z00\system_map.json","1503","        ""json.load"","
"C:\Users\USER\slh-bot-clean\_slh_map\scans\2026-08-13T190214_435023Z00\system_map.json","1505","        ""json.dump"","
"C:\Users\USER\slh-bot-clean\_slh_map\scans\2026-08-13T190214_435023Z00\system_map.json","1665","        ""json.load"","
"C:\Users\USER\slh-bot-clean\_slh_map\scans\2026-08-13T190214_435023Z00\system_map.json","1739","        ""json.load"","
"C:\Users\USER\slh-bot-clean\_slh_map\scans\2026-08-13T190214_435023Z00\system_map.json","1927","        ""json.dumps"","
"C:\Users\USER\slh-bot-clean\_slh_map\scans\2026-08-13T190214_435023Z00\system_map.json","1932","        ""json.load"","
"C:\Users\USER\slh-bot-clean\_slh_map\scans\2026-08-13T190214_435023Z00\system_map.json","1960","        ""json.dump"","
"C:\Users\USER\slh-bot-clean\_slh_map\scans\2026-08-13T190214_435023Z00\system_map.json","1992","        ""json.load"","
"C:\Users\USER\slh-bot-clean\_slh_map\scans\2026-08-13T190214_435023Z00\system_map.json","2058","        ""json.loads"","
"C:\Users\USER\slh-bot-clean\_slh_map\scans\2026-08-13T190214_435023Z00\system_map.json","2059","        ""json.dumps"","
"C:\Users\USER\slh-bot-clean\_slh_map\scans\2026-08-13T190214_435023Z00\system_map.json","2194","        ""json.dumps"","
"C:\Users\USER\slh-bot-clean\_slh_map\scans\2026-08-13T190214_435023Z00\system_map.json","2195","        ""json.loads"","
"C:\Users\USER\slh-bot-clean\_slh_map\scans\2026-08-13T190214_435023Z00\system_map.json","2268","        ""json.load"""
"C:\Users\USER\slh-bot-clean\_slh_map\scans\2026-08-13T190214_435023Z00\system_map.json","2329","        ""json.load"","
"C:\Users\USER\slh-bot-clean\_slh_map\scans\2026-08-13T190214_435023Z00\system_map.json","2333","        ""json.load"","
"C:\Users\USER\slh-bot-clean\_slh_map\scans\2026-08-13T190214_435023Z00\system_map.json","2376","        ""json.load"","
"C:\Users\USER\slh-bot-clean\_slh_map\scans\2026-08-13T190214_435023Z00\system_map.json","2563","        ""json.dumps"","
"C:\Users\USER\slh-bot-clean\_slh_map\scans\2026-08-13T190214_435023Z00\system_map.json","2915","        ""json.loads"","
"C:\Users\USER\slh-bot-clean\_slh_map\scans\2026-08-13T190214_435023Z00\system_map.json","2981","        ""json.dumps"","
"C:\Users\USER\slh-bot-clean\_slh_map\scans\2026-08-13T190214_435023Z00\system_map.json","2998","        ""json.dumps"","
"C:\Users\USER\slh-bot-clean\_slh_map\scans\2026-08-13T190214_435023Z00\system_map.json","3034","        ""json.dumps"","
"C:\Users\USER\slh-bot-clean\_slh_map\scans\2026-08-13T190214_435023Z00\system_map.json","3039","        ""json.dumps"","
"C:\Users\USER\slh-bot-clean\_slh_map\scans\2026-08-13T190214_435023Z00\system_map.json","3051","        ""json.dumps"","
"C:\Users\USER\slh-bot-clean\_slh_map\scans\2026-08-13T190214_435023Z00\system_map.json","3052","        ""json.dumps"","
"C:\Users\USER\slh-bot-clean\_slh_map\scans\2026-08-13T190214_435023Z00\system_map.json","3061","        ""json.dumps"","
"C:\Users\USER\slh-bot-clean\_slh_map\scans\2026-08-13T190214_435023Z00\system_map.json","3062","        ""json.dumps"","
"C:\Users\USER\slh-bot-clean\_slh_map\scans\2026-08-13T190214_435023Z00\system_map.json","3069","        ""json.loads"","
"C:\Users\USER\slh-bot-clean\_slh_map\scans\2026-08-13T190214_435023Z00\system_map.json","3072","        ""json.dumps"","
"C:\Users\USER\slh-bot-clean\_slh_map\scans\2026-08-13T190214_435023Z00\system_map.json","3117","        ""json.loads"","
"C:\Users\USER\slh-bot-clean\_slh_map\scans\2026-08-13T190214_435023Z00\system_map.json","3120","        ""json.dumps"","
"C:\Users\USER\slh-bot-clean\_slh_map\scans\2026-08-13T190214_435023Z00\system_map.json","3398","        ""state_manager"""
"C:\Users\USER\slh-bot-clean\_slh_map\scans\2026-08-13T190214_435023Z00\system_map.json","3431","        ""state_manager.atomic_update"","
"C:\Users\USER\slh-bot-clean\_slh_map\scans\2026-08-13T190214_435023Z00\system_map.json","3446","        ""json.load"","
"C:\Users\USER\slh-bot-clean\_slh_map\scans\2026-08-13T190214_435023Z00\system_map.json","3448","        ""json.dump"","
"C:\Users\USER\slh-bot-clean\_slh_map\scans\2026-08-13T190214_435023Z00\system_map.json","3524","        ""json.loads"","
"C:\Users\USER\slh-bot-clean\_slh_map\scans\2026-08-13T190214_435023Z00\system_map.json","3551","        ""json.dumps"","
"C:\Users\USER\slh-bot-clean\_slh_map\scans\2026-08-13T190214_435023Z00\system_map.json","3636","        ""json.loads"","
"C:\Users\USER\slh-bot-clean\_slh_map\scans\2026-08-13T190214_435023Z00\system_map.json","3681","        ""json.dumps"","
"C:\Users\USER\slh-bot-clean\_slh_map\scans\2026-08-13T190214_435023Z00\system_map.json","3717","        ""json.loads"","
"C:\Users\USER\slh-bot-clean\_slh_map\scans\2026-08-13T190214_435023Z00\system_map.json","3718","        ""json.dumps"","
"C:\Users\USER\slh-bot-clean\_slh_map\scans\2026-08-13T190214_435023Z00\system_map.json","3866","        ""json.dumps"","
"C:\Users\USER\slh-bot-clean\_slh_map\scans\2026-08-13T190214_435023Z00\system_map.json","3882","        ""json.load"","
"C:\Users\USER\slh-bot-clean\_slh_map\scans\2026-08-13T190214_435023Z00\system_map.json","3964","        ""json.dump"","
"C:\Users\USER\slh-bot-clean\_slh_map\scans\2026-08-13T190214_435023Z00\system_map.json","3985","        ""json.load"","
"C:\Users\USER\slh-bot-clean\_slh_map\scans\2026-08-13T190214_435023Z00\system_map.json","4024","        ""json.load"","
"C:\Users\USER\slh-bot-clean\_slh_map\scans\2026-08-13T190214_435023Z00\system_map.json","4026","        ""json.dump"","
"C:\Users\USER\slh-bot-clean\_slh_map\scans\2026-08-13T190214_435023Z00\system_map.json","4068","        ""json.load"","
"C:\Users\USER\slh-bot-clean\_slh_map\scans\2026-08-13T190214_435023Z00\system_map.json","4072","        ""json.load"","
"C:\Users\USER\slh-bot-clean\_slh_map\scans\2026-08-13T190214_435023Z00\system_map.json","4187","        ""json.dumps"","
"C:\Users\USER\slh-bot-clean\_slh_map\scans\2026-08-13T190214_435023Z00\system_map.json","4197","        ""json.loads"","
"C:\Users\USER\slh-bot-clean\_slh_map\scans\2026-08-13T190214_435023Z00\system_map.json","4303","        ""state_manager"""
"C:\Users\USER\slh-bot-clean\_slh_map\scans\2026-08-13T190214_435023Z00\system_map.json","4319","        ""state_manager.get_agents"","
"C:\Users\USER\slh-bot-clean\_slh_map\scans\2026-08-13T190214_435023Z00\system_map.json","4320","        ""state_manager.set_agents"","
"C:\Users\USER\slh-bot-clean\_slh_map\scans\2026-08-13T190214_435023Z00\system_map.json","4330","        ""json.load"","
"C:\Users\USER\slh-bot-clean\_slh_map\scans\2026-08-13T190214_435023Z00\system_map.json","4404","        ""json.dump"","
"C:\Users\USER\slh-bot-clean\_slh_map\scans\2026-08-13T190214_435023Z00\system_map.json","4417","        ""json.load"","
"C:\Users\USER\slh-bot-clean\_slh_map\scans\2026-08-13T190214_435023Z00\system_map.json","4622","        ""json.dump"","
"C:\Users\USER\slh-bot-clean\_slh_map\scans\2026-08-13T190214_435023Z00\system_map.json","4631","        ""json.load"","
"C:\Users\USER\slh-bot-clean\_slh_map\scans\2026-08-13T190214_435023Z00\system_map.json","4702","        ""state_manager"","
"C:\Users\USER\slh-bot-clean\_slh_map\scans\2026-08-13T190214_435023Z00\system_map.json","4723","        ""state_manager.load_db"","
"C:\Users\USER\slh-bot-clean\_slh_map\scans\2026-08-13T190214_435023Z00\system_map.json","4727","        ""state_manager.load_db"","
"C:\Users\USER\slh-bot-clean\_slh_map\scans\2026-08-13T190214_435023Z00\system_map.json","4733","        ""state_manager.save_db"","
"C:\Users\USER\slh-bot-clean\_slh_map\scans\2026-08-13T190214_435023Z00\system_map.json","4737","        ""state_manager.load_db"","
"C:\Users\USER\slh-bot-clean\_slh_map\scans\2026-08-13T190214_435023Z00\system_map.json","4739","        ""state_manager.save_db"","
"C:\Users\USER\slh-bot-clean\_slh_map\scans\2026-08-13T190214_435023Z00\system_map.json","5005","        ""json.load"","
"C:\Users\USER\slh-bot-clean\_slh_map\scans\2026-08-13T190214_435023Z00\system_map.json","5188","        ""json.load"","
"C:\Users\USER\slh-bot-clean\_slh_map\scans\2026-08-13T190214_435023Z00\system_map.json","5190","        ""json.dump"","
"C:\Users\USER\slh-bot-clean\_slh_map\scans\2026-08-13T190214_435023Z00\system_map.json","5297","        ""json.dumps"""
"C:\Users\USER\slh-bot-clean\_slh_map\scans\2026-08-13T190214_435023Z00\system_map.json","5450","        ""json.load"","
"C:\Users\USER\slh-bot-clean\_slh_map\scans\2026-08-13T190214_435023Z00\system_map.json","5452","        ""json.dump"","
"C:\Users\USER\slh-bot-clean\_slh_map\scans\2026-08-13T190214_435023Z00\system_map.json","5510","        ""json.load"","
"C:\Users\USER\slh-bot-clean\_slh_map\scans\2026-08-13T190214_435023Z00\system_map.json","5562","        ""json.load"","
"C:\Users\USER\slh-bot-clean\_slh_map\scans\2026-08-13T190214_435023Z00\system_map.json","5628","        ""json.load"","
"C:\Users\USER\slh-bot-clean\_slh_map\scans\2026-08-13T190214_435023Z00\system_map.json","5682","        ""state_manager"""
"C:\Users\USER\slh-bot-clean\_slh_map\scans\2026-08-13T190214_435023Z00\system_map.json","5708","        ""state_manager.load_db"","
"C:\Users\USER\slh-bot-clean\_slh_map\scans\2026-08-13T190214_435023Z00\system_map.json","5786","        ""json.load"","
"C:\Users\USER\slh-bot-clean\_slh_map\scans\2026-08-13T190214_435023Z00\system_map.json","5894","        ""json.dump"","
"C:\Users\USER\slh-bot-clean\_slh_map\scans\2026-08-13T190214_435023Z00\system_map.json","5921","        ""json.load"","
"C:\Users\USER\slh-bot-clean\_slh_map\scans\2026-08-13T190214_435023Z00\system_map.json","6005","        ""json.dump"","
"C:\Users\USER\slh-bot-clean\_slh_map\scans\2026-08-13T190214_435023Z00\system_map.json","6026","        ""json.load"","
"C:\Users\USER\slh-bot-clean\_slh_map\scans\2026-08-13T190214_435023Z00\system_map.json","6036","        ""json.load"","
"C:\Users\USER\slh-bot-clean\_slh_map\scans\2026-08-13T190214_435023Z00\system_map.json","6093","        ""state_manager"","
"C:\Users\USER\slh-bot-clean\_slh_map\scans\2026-08-13T190214_435023Z00\system_map.json","6113","        ""state_manager.atomic_update"","
"C:\Users\USER\slh-bot-clean\_slh_map\scans\2026-08-13T190214_435023Z00\system_map.json","6119","        ""state_manager.load_db"","
"C:\Users\USER\slh-bot-clean\_slh_map\scans\2026-08-13T190214_435023Z00\system_map.json","6124","        ""state_manager.save_db"","
"C:\Users\USER\slh-bot-clean\_slh_map\scans\2026-08-13T190214_435023Z00\system_map.json","6186","        ""json.dump"","
"C:\Users\USER\slh-bot-clean\_slh_map\scans\2026-08-13T190214_435023Z00\system_map.json","6189","        ""json.load"","
"C:\Users\USER\slh-bot-clean\_slh_map\scans\2026-08-13T190214_435023Z00\system_map.json","6359","        ""json.loads"","
"C:\Users\USER\slh-bot-clean\_slh_map\scans\2026-08-13T190214_435023Z00\system_map.json","6361","        ""json.loads"","
"C:\Users\USER\slh-bot-clean\_slh_map\scans\2026-08-13T190214_435023Z00\system_map.json","6377","        ""json.dumps"","
"C:\Users\USER\slh-bot-clean\_slh_map\scans\2026-08-13T190214_435023Z00\system_map.json","6627","        ""json.loads"","
"C:\Users\USER\slh-bot-clean\_slh_map\scans\2026-08-13T190214_435023Z00\system_map.json","6631","        ""json.dumps"""
"C:\Users\USER\slh-bot-clean\_slh_map\scans\2026-08-13T190214_435023Z00\system_map.json","6813","        ""json.load"","
"C:\Users\USER\slh-bot-clean\_slh_map\scans\2026-08-13T190214_435023Z00\system_map.json","6992","        ""json.load"","
"C:\Users\USER\slh-bot-clean\_slh_map\scans\2026-08-13T190214_435023Z00\system_map.json","7027","        ""json.loads"","
"C:\Users\USER\slh-bot-clean\_slh_map\scans\2026-08-13T190214_435023Z00\system_map.json","7034","        ""json.dumps"","
"C:\Users\USER\slh-bot-clean\_slh_map\scans\2026-08-13T190214_435023Z00\system_map.json","7095","        ""json.load"","
"C:\Users\USER\slh-bot-clean\_slh_map\scans\2026-08-13T190214_435023Z00\system_map.json","7145","        ""json.load"","
"C:\Users\USER\slh-bot-clean\_slh_map\scans\2026-08-13T190214_435023Z00\system_map.json","7236","        ""json.dump"","
"C:\Users\USER\slh-bot-clean\_slh_map\scans\2026-08-13T190214_435023Z00\system_map.json","7253","        ""json.load"","
"C:\Users\USER\slh-bot-clean\_slh_map\scans\2026-08-13T190214_435023Z00\system_map.json","7423","        ""json.load"","
"C:\Users\USER\slh-bot-clean\_slh_map\scans\2026-08-13T190214_435023Z00\system_map.json","7503","        ""json.load"","
"C:\Users\USER\slh-bot-clean\_slh_map\scans\2026-08-13T190214_435023Z00\system_map.json","7567","        ""state_manager"","
"C:\Users\USER\slh-bot-clean\_slh_map\scans\2026-08-13T190214_435023Z00\system_map.json","7602","        ""state_manager.load_db"","
"C:\Users\USER\slh-bot-clean\_slh_map\scans\2026-08-13T190214_435023Z00\system_map.json","7612","        ""state_manager.load_db"","
"C:\Users\USER\slh-bot-clean\_slh_map\scans\2026-08-13T190214_435023Z00\system_map.json","7619","        ""state_manager.load_db"","
"C:\Users\USER\slh-bot-clean\_slh_map\scans\2026-08-13T190214_435023Z00\system_map.json","7621","        ""state_manager.load_db"","
"C:\Users\USER\slh-bot-clean\_slh_map\scans\2026-08-13T190214_435023Z00\system_map.json","7628","        ""state_manager.load_db"","
"C:\Users\USER\slh-bot-clean\_slh_map\scans\2026-08-13T190214_435023Z00\system_map.json","7631","        ""state_manager.save_db"","
"C:\Users\USER\slh-bot-clean\_slh_map\scans\2026-08-13T190214_435023Z00\system_map.json","7653","        ""state_manager.save_db"","
"C:\Users\USER\slh-bot-clean\_slh_map\scans\2026-08-13T190214_435023Z00\system_map.json","7731","        ""json.load"","
"C:\Users\USER\slh-bot-clean\_slh_map\scans\2026-08-13T190214_435023Z00\system_map.json","7793","        ""json.load"","
"C:\Users\USER\slh-bot-clean\_slh_map\scans\2026-08-13T190214_435023Z00\system_map.json","7798","        ""json.load"","
"C:\Users\USER\slh-bot-clean\_slh_map\scans\2026-08-13T190214_435023Z00\system_map.json","7885","        ""json.load"","
"C:\Users\USER\slh-bot-clean\_slh_map\scans\2026-08-13T190214_435023Z00\system_map.json","7889","        ""json.dump"","
"C:\Users\USER\slh-bot-clean\_slh_map\scans\2026-08-13T190214_435023Z00\system_map.json","7892","        ""json.load"","
"C:\Users\USER\slh-bot-clean\_slh_map\scans\2026-08-13T190214_435023Z00\system_map.json","7896","        ""json.dump"","
"C:\Users\USER\slh-bot-clean\_slh_map\scans\2026-08-13T190214_435023Z00\system_map.json","8023","        ""json.load"","
"C:\Users\USER\slh-bot-clean\_slh_map\scans\2026-08-13T190214_435023Z00\system_map.json","8025","        ""json.dump"","
"C:\Users\USER\slh-bot-clean\_slh_map\scans\2026-08-13T190214_435023Z00\system_map.json","8109","        ""json.load"","
"C:\Users\USER\slh-bot-clean\_slh_map\scans\2026-08-13T190214_435023Z00\system_map.json","8113","        ""json.load"","
"C:\Users\USER\slh-bot-clean\_slh_map\scans\2026-08-13T190214_435023Z00\system_map.json","8115","        ""json.dump"","
"C:\Users\USER\slh-bot-clean\_slh_map\scans\2026-08-13T190214_435023Z00\system_map.json","8148","        ""json.load"","
"C:\Users\USER\slh-bot-clean\_slh_map\scans\2026-08-13T190214_435023Z00\system_map.json","8291","        ""json.load"","
"C:\Users\USER\slh-bot-clean\_slh_map\scans\2026-08-13T190214_435023Z00\system_map.json","8455","        ""state_manager"","
"C:\Users\USER\slh-bot-clean\_slh_map\scans\2026-08-13T190214_435023Z00\system_map.json","8497","        ""json.dump"","
"C:\Users\USER\slh-bot-clean\_slh_map\scans\2026-08-13T190214_435023Z00\system_map.json","8505","        ""json.load"","
"C:\Users\USER\slh-bot-clean\_slh_map\scans\2026-08-13T190214_435023Z00\system_map.json","8510","        ""state_manager.get_agents"","
"C:\Users\USER\slh-bot-clean\_slh_map\scans\2026-08-13T190214_435023Z00\system_map.json","8514","        ""json.load"","
"C:\Users\USER\slh-bot-clean\_slh_map\scans\2026-08-13T190214_435023Z00\system_map.json","8523","        ""state_manager.set_agents"","
"C:\Users\USER\slh-bot-clean\_slh_map\scans\2026-08-13T190214_435023Z00\system_map.json","8535","        ""json.dump"","
"C:\Users\USER\slh-bot-clean\_slh_map\scans\2026-08-13T190214_435023Z00\system_map.json","8700","        ""state_manager"""
"C:\Users\USER\slh-bot-clean\_slh_map\scans\2026-08-13T190214_435023Z00\system_map.json","8714","        ""state_manager.load_db"","
"C:\Users\USER\slh-bot-clean\_slh_map\scans\2026-08-13T190214_435023Z00\system_map.json","8721","        ""state_manager.load_db"","
"C:\Users\USER\slh-bot-clean\_slh_map\scans\2026-08-13T190214_435023Z00\system_map.json","8722","        ""state_manager.save_db"","
"C:\Users\USER\slh-bot-clean\_slh_map\scans\2026-08-13T190214_435023Z00\system_map.json","8746","        ""state_manager"","
"C:\Users\USER\slh-bot-clean\_slh_map\scans\2026-08-13T190214_435023Z00\system_map.json","8776","        ""state_manager.load_db"","
"C:\Users\USER\slh-bot-clean\_slh_map\scans\2026-08-13T190214_435023Z00\system_map.json","8787","        ""state_manager.load_db"","
"C:\Users\USER\slh-bot-clean\_slh_map\scans\2026-08-13T190214_435023Z00\system_map.json","8792","        ""state_manager.save_db"","
"C:\Users\USER\slh-bot-clean\_slh_map\scans\2026-08-13T190214_435023Z00\system_map.json","8796","        ""state_manager.load_db"","
"C:\Users\USER\slh-bot-clean\_slh_map\scans\2026-08-13T190214_435023Z00\system_map.json","8802","        ""state_manager.save_db"","
"C:\Users\USER\slh-bot-clean\_slh_map\scans\2026-08-13T190214_435023Z00\system_map.json","8806","        ""state_manager.load_db"","
"C:\Users\USER\slh-bot-clean\_slh_map\scans\2026-08-13T190214_435023Z00\system_map.json","8809","        ""state_manager.save_db"","
"C:\Users\USER\slh-bot-clean\_slh_map\scans\2026-08-13T190214_435023Z00\system_map.json","8812","        ""state_manager.load_db"","
"C:\Users\USER\slh-bot-clean\_slh_map\scans\2026-08-13T190214_435023Z00\system_map.json","8819","        ""state_manager.load_db"","
"C:\Users\USER\slh-bot-clean\_slh_map\scans\2026-08-13T190214_435023Z00\system_map.json","8821","        ""state_manager.save_db"","
"C:\Users\USER\slh-bot-clean\_slh_map\scans\2026-08-13T190214_435023Z00\system_map.json","8906","        ""json.dump"","
"C:\Users\USER\slh-bot-clean\_slh_map\scans\2026-08-13T190214_435023Z00\system_map.json","8908","        ""json.load"""
"C:\Users\USER\slh-bot-clean\_slh_map\scans\2026-08-13T190214_435023Z00\system_map.json","8995","        ""json.loads"","
"C:\Users\USER\slh-bot-clean\_slh_map\scans\2026-08-13T190214_435023Z00\system_map.json","9048","        ""json.dumps"","
"C:\Users\USER\slh-bot-clean\_slh_map\scans\2026-08-13T190214_435023Z00\system_map.json","9178","        ""json.loads"","
"C:\Users\USER\slh-bot-clean\_slh_map\scans\2026-08-13T190214_435023Z00\system_map.json","9187","        ""json.dumps"","
"C:\Users\USER\slh-bot-clean\_slh_map\scans\2026-08-13T190214_435023Z00\system_map.json","9215","        ""json.dumps"","
"C:\Users\USER\slh-bot-clean\_slh_map\scans\2026-08-13T190214_435023Z00\system_map.json","9254","        ""json.dumps"","
"C:\Users\USER\slh-bot-clean\_slh_map\scans\2026-08-13T190214_435023Z00\system_map.json","9255","        ""json.dumps"","
"C:\Users\USER\slh-bot-clean\_slh_map\scans\2026-08-13T190214_435023Z00\system_map.json","9327","        ""json.loads"","
"C:\Users\USER\slh-bot-clean\_slh_map\scans\2026-08-13T190214_435023Z00\system_map.json","9335","        ""json.dumps"","
"C:\Users\USER\slh-bot-clean\_slh_map\scans\2026-08-13T190214_435023Z00\system_map.json","9360","        ""json.dumps"","
"C:\Users\USER\slh-bot-clean\_slh_map\scans\2026-08-13T190214_435023Z00\system_map.json","9398","        ""json.dumps"","
"C:\Users\USER\slh-bot-clean\_slh_map\scans\2026-08-13T190214_435023Z00\system_map.json","9399","        ""json.dumps"","
"C:\Users\USER\slh-bot-clean\_slh_map\scans\2026-08-13T190214_435023Z00\system_map.json","9469","        ""json.loads"","
"C:\Users\USER\slh-bot-clean\_slh_map\scans\2026-08-13T190214_435023Z00\system_map.json","9478","        ""json.dumps"","
"C:\Users\USER\slh-bot-clean\_slh_map\scans\2026-08-13T190214_435023Z00\system_map.json","9599","        ""json.loads"","
"C:\Users\USER\slh-bot-clean\_slh_map\scans\2026-08-13T190214_435023Z00\system_map.json","9643","        ""json.dumps"","
"C:\Users\USER\slh-bot-clean\_slh_map\scans\2026-08-13T190214_435023Z00\system_map.json","9750","        ""json.loads"","
"C:\Users\USER\slh-bot-clean\_slh_map\scans\2026-08-13T190214_435023Z00\system_map.json","9773","        ""json.dumps"","
"C:\Users\USER\slh-bot-clean\_slh_map\scans\2026-08-13T190214_435023Z00\system_map.json","9813","        ""json.dumps"","
"C:\Users\USER\slh-bot-clean\_slh_map\scans\2026-08-13T190214_435023Z00\system_map.json","9871","        ""json.loads"","
"C:\Users\USER\slh-bot-clean\_slh_map\scans\2026-08-13T190214_435023Z00\system_map.json","9979","        ""json.loads"","
"C:\Users\USER\slh-bot-clean\_slh_map\scans\2026-08-13T190214_435023Z00\system_map.json","10155","        ""json.loads"","
"C:\Users\USER\slh-bot-clean\_slh_map\scans\2026-08-13T190214_435023Z00\system_map.json","10172","        ""json.dumps"","
"C:\Users\USER\slh-bot-clean\_slh_map\scans\2026-08-13T190214_435023Z00\system_map.json","10220","        ""json.dumps"","
"C:\Users\USER\slh-bot-clean\_slh_map\scans\2026-08-13T190214_435023Z00\system_map.json","10281","        ""json.loads"","
"C:\Users\USER\slh-bot-clean\_slh_map\scans\2026-08-13T190214_435023Z00\system_map.json","10290","        ""json.dumps"","
"C:\Users\USER\slh-bot-clean\_slh_map\scans\2026-08-13T190214_435023Z00\system_map.json","10413","        ""json.loads"","
"C:\Users\USER\slh-bot-clean\_slh_map\scans\2026-08-13T190214_435023Z00\system_map.json","10556","        ""json.load"","
"C:\Users\USER\slh-bot-clean\_slh_map\scans\2026-08-13T190214_435023Z00\system_map.json","10615","        ""json.load"","
"C:\Users\USER\slh-bot-clean\_slh_map\scans\2026-08-13T190214_435023Z00\system_map.json","10661","        ""json.load"","
"C:\Users\USER\slh-bot-clean\_slh_map\scans\2026-08-13T190214_435023Z00\system_map.json","10663","        ""json.dump"","
"C:\Users\USER\slh-bot-clean\_slh_map\scans\2026-08-13T190214_435023Z00\system_map.json","10789","        ""json.load"","
"C:\Users\USER\slh-bot-clean\_slh_map\scans\2026-08-13T190214_435023Z00\system_map.json","10821","        ""json.load"","
"C:\Users\USER\slh-bot-clean\_slh_map\scans\2026-08-13T190214_435023Z00\system_map.json","10933","        ""json.load"","
"C:\Users\USER\slh-bot-clean\_slh_map\scans\2026-08-13T190214_435023Z00\system_map.json","10934","        ""json.dump"","
"C:\Users\USER\slh-bot-clean\_slh_map\scans\2026-08-13T190214_435023Z00\system_map.json","10979","        ""json.dump"","
"C:\Users\USER\slh-bot-clean\_slh_map\scans\2026-08-13T190214_435023Z00\system_map.json","10986","        ""json.load"","
"C:\Users\USER\slh-bot-clean\_slh_map\scans\2026-08-13T190214_435023Z00\system_map.json","11041","        ""json.load"","
"C:\Users\USER\slh-bot-clean\_slh_map\scans\2026-08-13T190214_435023Z00\system_map.json","11042","        ""json.dump"","
"C:\Users\USER\slh-bot-clean\_slh_map\scans\2026-08-13T190214_435023Z00\system_map.json","11056","        ""json.load"","
"C:\Users\USER\slh-bot-clean\_slh_map\scans\2026-08-13T190214_435023Z00\system_map.json","11069","        ""json.load"","
"C:\Users\USER\slh-bot-clean\_slh_map\scans\2026-08-13T190214_435023Z00\system_map.json","11082","        ""json.load"","
"C:\Users\USER\slh-bot-clean\_slh_map\scans\2026-08-13T190214_435023Z00\system_map.json","11094","        ""json.load"","
"C:\Users\USER\slh-bot-clean\_slh_map\scans\2026-08-13T190214_435023Z00\system_map.json","11105","        ""json.load"","
"C:\Users\USER\slh-bot-clean\_slh_map\scans\2026-08-13T190214_435023Z00\system_map.json","11169","        ""json.dump"","
"C:\Users\USER\slh-bot-clean\_slh_map\scans\2026-08-13T190214_435023Z00\system_map.json","11188","        ""json.load"","
"C:\Users\USER\slh-bot-clean\_slh_map\scans\2026-08-13T190214_435023Z00\system_map.json","11190","        ""json.dump"","
"C:\Users\USER\slh-bot-clean\_slh_map\scans\2026-08-13T190214_435023Z00\system_map.json","11254","        ""json.dump"","
"C:\Users\USER\slh-bot-clean\_slh_map\scans\2026-08-13T190214_435023Z00\system_map.json","11260","        ""json.load"","
"C:\Users\USER\slh-bot-clean\_slh_map\scans\2026-08-13T190214_435023Z00\system_map.json","11282","        ""json.load"","
"C:\Users\USER\slh-bot-clean\_slh_map\scans\2026-08-13T190214_435023Z00\system_map.json","11285","        ""json.load"","
"C:\Users\USER\slh-bot-clean\_slh_map\scans\2026-08-13T190214_435023Z00\system_map.json","11289","        ""json.load"","
"C:\Users\USER\slh-bot-clean\_slh_map\scans\2026-08-13T190214_435023Z00\system_map.json","11340","        ""json.loads"","
"C:\Users\USER\slh-bot-clean\_slh_map\scans\2026-08-13T190214_435023Z00\system_map.json","11502","        ""json.dump"","
"C:\Users\USER\slh-bot-clean\_slh_map\scans\2026-08-13T190214_435023Z00\system_map.json","11511","        ""json.load"","
"C:\Users\USER\slh-bot-clean\_slh_map\scans\2026-08-13T190214_435023Z00\system_map.json","11644","        ""json.load"","
"C:\Users\USER\slh-bot-clean\_slh_map\scans\2026-08-13T190214_435023Z00\system_map.json","11754","        ""json.load"","
"C:\Users\USER\slh-bot-clean\_slh_map\scans\2026-08-13T190214_435023Z00\system_map.json","11758","        ""json.load"","
"C:\Users\USER\slh-bot-clean\_slh_map\scans\2026-08-13T190214_435023Z00\system_map.json","11764","        ""json.dump"","
"C:\Users\USER\slh-bot-clean\_slh_map\scans\2026-08-13T190214_435023Z00\system_map.json","11766","        ""json.load"","
"C:\Users\USER\slh-bot-clean\_slh_map\scans\2026-08-13T190214_435023Z00\system_map.json","11815","        ""json.load"","
"C:\Users\USER\slh-bot-clean\_slh_map\scans\2026-08-13T190214_435023Z00\system_map.json","11818","        ""json.dump"","
"C:\Users\USER\slh-bot-clean\_slh_map\scans\2026-08-13T190214_435023Z00\system_map.json","11864","        ""json.load"","
"C:\Users\USER\slh-bot-clean\_slh_map\scans\2026-08-13T190214_435023Z00\system_map.json","11889","        ""json.loads"","
"C:\Users\USER\slh-bot-clean\_slh_map\scans\2026-08-13T190214_435023Z00\system_map.json","11959","        ""json.load"","
"C:\Users\USER\slh-bot-clean\_slh_map\scans\2026-08-13T190214_435023Z00\system_map.json","11961","        ""json.dump"","
"C:\Users\USER\slh-bot-clean\_slh_map\scans\2026-08-13T190214_435023Z00\system_map.json","11996","        ""state_manager"","
"C:\Users\USER\slh-bot-clean\_slh_map\scans\2026-08-13T190214_435023Z00\system_map.json","12018","        ""state_manager.load_db"","
"C:\Users\USER\slh-bot-clean\_slh_map\scans\2026-08-13T190214_435023Z00\system_map.json","12023","        ""state_manager.load_db"","
"C:\Users\USER\slh-bot-clean\_slh_map\scans\2026-08-13T190214_435023Z00\system_map.json","12028","        ""state_manager.save_db"","
"C:\Users\USER\slh-bot-clean\_slh_map\scans\2026-08-13T190214_435023Z00\system_map.json","12031","        ""state_manager.load_db"","
"C:\Users\USER\slh-bot-clean\_slh_map\scans\2026-08-13T190214_435023Z00\system_map.json","12036","        ""state_manager.save_db"","
"C:\Users\USER\slh-bot-clean\_slh_map\scans\2026-08-13T190214_435023Z00\system_map.json","12040","        ""state_manager.load_db"","
"C:\Users\USER\slh-bot-clean\_slh_map\scans\2026-08-13T190214_435023Z00\system_map.json","12041","        ""state_manager.save_db"","
"C:\Users\USER\slh-bot-clean\_slh_map\scans\2026-08-13T190214_435023Z00\system_map.json","12120","        ""state_manager"","
"C:\Users\USER\slh-bot-clean\_slh_map\scans\2026-08-13T190214_435023Z00\system_map.json","12151","        ""state_manager.load_db"","
"C:\Users\USER\slh-bot-clean\_slh_map\scans\2026-08-13T190214_435023Z00\system_map.json","12161","        ""state_manager.load_db"","
"C:\Users\USER\slh-bot-clean\_slh_map\scans\2026-08-13T190214_435023Z00\system_map.json","12168","        ""state_manager.load_db"","
"C:\Users\USER\slh-bot-clean\_slh_map\scans\2026-08-13T190214_435023Z00\system_map.json","12170","        ""state_manager.load_db"","
"C:\Users\USER\slh-bot-clean\_slh_map\scans\2026-08-13T190214_435023Z00\system_map.json","12177","        ""state_manager.load_db"","
"C:\Users\USER\slh-bot-clean\_slh_map\scans\2026-08-13T190214_435023Z00\system_map.json","12179","        ""state_manager.save_db"","
"C:\Users\USER\slh-bot-clean\_slh_map\scans\2026-08-13T190214_435023Z00\system_map.json","12202","        ""state_manager.save_db"","
"C:\Users\USER\slh-bot-clean\_slh_map\scans\2026-08-13T190214_435023Z00\system_map.json","12393","        ""json.load"","
"C:\Users\USER\slh-bot-clean\_slh_map\scans\2026-08-13T190214_435023Z00\system_map.json","12475","        ""json.dumps"","
"C:\Users\USER\slh-bot-clean\_slh_map\scans\2026-08-13T190214_435023Z00\system_map.json","12615","        ""json.load"","
"C:\Users\USER\slh-bot-clean\_slh_map\scans\2026-08-13T190214_435023Z00\system_map.json","12705","        ""json.load"","
"C:\Users\USER\slh-bot-clean\_slh_map\scans\2026-08-13T190214_435023Z00\system_map.json","12707","        ""json.dump"","
"C:\Users\USER\slh-bot-clean\_slh_map\scans\2026-08-13T190214_435023Z00\system_map.json","12709","        ""json.load"","
"C:\Users\USER\slh-bot-clean\_slh_map\scans\2026-08-13T190214_435023Z00\system_map.json","12716","        ""json.dump"","
"C:\Users\USER\slh-bot-clean\_slh_map\scans\2026-08-13T190214_435023Z00\system_map.json","12717","        ""json.dumps"","
"C:\Users\USER\slh-bot-clean\_slh_map\scans\2026-08-13T190214_435023Z00\system_map.json","12812","        ""json.load"","
"C:\Users\USER\slh-bot-clean\_slh_map\scans\2026-08-13T190214_435023Z00\system_map.json","12823","        ""json.load"","
"C:\Users\USER\slh-bot-clean\_slh_map\scans\2026-08-13T190214_435023Z00\system_map.json","12826","        ""json.load"","
"C:\Users\USER\slh-bot-clean\_slh_map\scans\2026-08-13T190214_435023Z00\system_map.json","12909","        ""json.load"","
"C:\Users\USER\slh-bot-clean\_slh_map\scans\2026-08-13T190214_435023Z00\system_map.json","13020","        ""json.dumps"","
"C:\Users\USER\slh-bot-clean\_slh_map\scans\2026-08-13T190214_435023Z00\system_map.json","13028","        ""json.dumps"","
"C:\Users\USER\slh-bot-clean\_slh_map\scans\2026-08-13T190214_435023Z00\system_map.json","13104","        ""json.load"","
"C:\Users\USER\slh-bot-clean\_slh_map\scans\2026-08-13T190214_435023Z00\system_map.json","13321","        ""json.dump"","
"C:\Users\USER\slh-bot-clean\_slh_map\scans\2026-08-13T190214_435023Z00\system_map.json","13329","        ""json.load"","
"C:\Users\USER\slh-bot-clean\_slh_map\scans\2026-08-13T190214_435023Z00\system_map.json","13437","        ""json.load"","
"C:\Users\USER\slh-bot-clean\_slh_map\scans\2026-08-13T190214_435023Z00\system_map.json","13440","        ""json.dump"","
"C:\Users\USER\slh-bot-clean\_slh_map\scans\2026-08-13T190214_435023Z00\system_map.json","13450","        ""json.dump"","
"C:\Users\USER\slh-bot-clean\_slh_map\scans\2026-08-13T190214_435023Z00\system_map.json","13451","        ""json.dumps"","
"C:\Users\USER\slh-bot-clean\_slh_map\scans\2026-08-13T190214_435023Z00\system_map.json","13456","        ""json.dump"","
"C:\Users\USER\slh-bot-clean\_slh_map\scans\2026-08-13T190214_435023Z00\system_map.json","13459","        ""json.load"","
"C:\Users\USER\slh-bot-clean\_slh_map\scans\2026-08-13T190214_435023Z00\system_map.json","13767","        ""json.load"","
"C:\Users\USER\slh-bot-clean\_slh_map\scans\2026-08-13T190214_435023Z00\system_map.json","13821","        ""state_manager"","
"C:\Users\USER\slh-bot-clean\_slh_map\scans\2026-08-13T190214_435023Z00\system_map.json","14038","        ""json.load"","
"C:\Users\USER\slh-bot-clean\_slh_map\scans\2026-08-13T190214_435023Z00\system_map.json","14047","        ""json.dump"","
"C:\Users\USER\slh-bot-clean\_slh_map\scans\2026-08-13T190214_435023Z00\system_map.json","14051","        ""json.load"","
"C:\Users\USER\slh-bot-clean\_slh_map\scans\2026-08-13T190214_435023Z00\system_map.json","14063","        ""json.dump"","
"C:\Users\USER\slh-bot-clean\_slh_map\scans\2026-08-13T190214_435023Z00\system_map.json","14137","        ""json.load"","
"C:\Users\USER\slh-bot-clean\_slh_map\scans\2026-08-13T190214_435023Z00\system_map.json","14145","        ""json.load"","
"C:\Users\USER\slh-bot-clean\_slh_map\scans\2026-08-13T190214_435023Z00\system_map.json","14167","        ""json.load"","
"C:\Users\USER\slh-bot-clean\_slh_map\scans\2026-08-13T190214_435023Z00\system_map.json","14173","        ""json.load"","
"C:\Users\USER\slh-bot-clean\_slh_map\scans\2026-08-13T190214_435023Z00\system_map.json","14182","        ""json.loads"","
"C:\Users\USER\slh-bot-clean\_slh_map\scans\2026-08-13T190214_435023Z00\system_map.json","14222","        ""json.load"","
"C:\Users\USER\slh-bot-clean\_slh_map\scans\2026-08-13T190214_435023Z00\system_map.json","14231","        ""json.load"","
"C:\Users\USER\slh-bot-clean\_slh_map\scans\2026-08-13T190214_435023Z00\system_map.json","14321","        ""json.load"","
"C:\Users\USER\slh-bot-clean\_slh_map\scans\2026-08-13T190214_435023Z00\system_map.json","14330","        ""json.dump"","
"C:\Users\USER\slh-bot-clean\_slh_map\scans\2026-08-13T190214_435023Z00\system_map.json","14332","        ""json.load"","
"C:\Users\USER\slh-bot-clean\_slh_map\scans\2026-08-13T190214_435023Z00\system_map.json","14339","        ""json.dump"","
"C:\Users\USER\slh-bot-clean\_slh_map\scans\2026-08-13T190214_435023Z00\system_map.json","14340","        ""json.dumps"","
"C:\Users\USER\slh-bot-clean\_slh_map\scans\2026-08-13T190214_435023Z00\system_map.json","14397","        ""json.load"","
"C:\Users\USER\slh-bot-clean\_slh_map\scans\2026-08-13T190214_435023Z00\system_map.json","14574","        ""json.loads"","
"C:\Users\USER\slh-bot-clean\_slh_map\scans\2026-08-13T190214_435023Z00\system_map.json","14575","        ""json.dumps"","
"C:\Users\USER\slh-bot-clean\_slh_map\scans\2026-08-13T190214_435023Z00\system_map.json","14632","        ""json.dumps"","
"C:\Users\USER\slh-bot-clean\_slh_map\scans\2026-08-13T190214_435023Z00\system_map.json","14734","        ""json.load"","
"C:\Users\USER\slh-bot-clean\_slh_map\scans\2026-08-13T190214_435023Z00\system_map.json","14816","        ""json.load"","
"C:\Users\USER\slh-bot-clean\_slh_map\scans\2026-08-13T190214_435023Z00\system_map.json","14822","        ""json.dump"","
"C:\Users\USER\slh-bot-clean\_slh_map\scans\2026-08-13T190214_435023Z00\system_map.json","14842","        ""state_manager"","
"C:\Users\USER\slh-bot-clean\_slh_map\scans\2026-08-13T190214_435023Z00\system_map.json","14863","        ""state_manager.get_agents"","
"C:\Users\USER\slh-bot-clean\_slh_map\scans\2026-08-13T190214_435023Z00\system_map.json","14866","        ""state_manager.get_agents"","
"C:\Users\USER\slh-bot-clean\_slh_map\scans\2026-08-13T190214_435023Z00\system_map.json","14870","        ""state_manager.get_agents"","
"C:\Users\USER\slh-bot-clean\_slh_map\scans\2026-08-13T190214_435023Z00\system_map.json","14873","        ""state_manager.set_agents"","
"C:\Users\USER\slh-bot-clean\_slh_map\scans\2026-08-13T190214_435023Z00\system_map.json","14877","        ""state_manager.get_agents"","
"C:\Users\USER\slh-bot-clean\_slh_map\scans\2026-08-13T190214_435023Z00\system_map.json","14879","        ""state_manager.set_agents"","
"C:\Users\USER\slh-bot-clean\_slh_map\scans\2026-08-13T190214_435023Z00\system_map.json","14943","        ""json.load"","
"C:\Users\USER\slh-bot-clean\_slh_map\scans\2026-08-13T190214_435023Z00\system_map.json","14948","        ""json.load"","
"C:\Users\USER\slh-bot-clean\_slh_map\scans\2026-08-13T190214_435023Z00\system_map.json","14950","        ""json.dump"","
"C:\Users\USER\slh-bot-clean\_slh_map\scans\2026-08-13T190214_435023Z00\system_map.json","14997","        ""json.load"","
"C:\Users\USER\slh-bot-clean\_slh_map\scans\2026-08-13T190214_435023Z00\system_map.json","15028","        ""state_manager"","
"C:\Users\USER\slh-bot-clean\_slh_map\scans\2026-08-13T190214_435023Z00\system_map.json","15049","        ""state_manager.get_agents"","
"C:\Users\USER\slh-bot-clean\_slh_map\scans\2026-08-13T190214_435023Z00\system_map.json","15111","        ""state_manager"","
"C:\Users\USER\slh-bot-clean\_slh_map\scans\2026-08-13T190214_435023Z00\system_map.json","15128","        ""state_manager.get_agents"","
"C:\Users\USER\slh-bot-clean\_slh_map\scans\2026-08-13T190214_435023Z00\system_map.json","15130","        ""state_manager.set_agents"","
"C:\Users\USER\slh-bot-clean\_slh_map\scans\2026-08-13T190214_435023Z00\system_map.json","15166","        ""json.load"","
"C:\Users\USER\slh-bot-clean\_slh_map\scans\2026-08-13T190214_435023Z00\system_map.json","15168","        ""json.dump"","
"C:\Users\USER\slh-bot-clean\_slh_map\scans\2026-08-13T190214_435023Z00\system_map.json","15239","        ""json.load"","
"C:\Users\USER\slh-bot-clean\_slh_map\scans\2026-08-13T190214_435023Z00\system_map.json","15311","        ""json.dump"","
"C:\Users\USER\slh-bot-clean\_slh_map\scans\2026-08-13T190214_435023Z00\system_map.json","15313","        ""json.load"","
"C:\Users\USER\slh-bot-clean\_slh_map\scans\2026-08-13T190214_435023Z00\system_map.json","15362","        ""json.load"","
"C:\Users\USER\slh-bot-clean\_slh_map\scans\2026-08-13T190214_435023Z00\system_map.json","15364","        ""json.dump"","
"C:\Users\USER\slh-bot-clean\_slh_map\scans\2026-08-13T190214_435023Z00\system_map.json","15367","        ""json.load"","
"C:\Users\USER\slh-bot-clean\_slh_map\scans\2026-08-13T190214_435023Z00\system_map.json","15369","        ""json.dump"","
"C:\Users\USER\slh-bot-clean\_slh_map\scans\2026-08-13T190214_435023Z00\system_map.json","15372","        ""json.load"","
"C:\Users\USER\slh-bot-clean\_slh_map\scans\2026-08-13T190214_435023Z00\system_map.json","15411","        ""json.load"","
"C:\Users\USER\slh-bot-clean\_slh_map\scans\2026-08-13T190214_435023Z00\system_map.json","15413","        ""json.dump"","
"C:\Users\USER\slh-bot-clean\_slh_map\scans\2026-08-13T190214_435023Z00\system_map.json","15472","        ""json.load"","
"C:\Users\USER\slh-bot-clean\_slh_map\scans\2026-08-13T190214_435023Z00\system_map.json","15507","        ""json.load"","
"C:\Users\USER\slh-bot-clean\_slh_map\scans\2026-08-13T190214_435023Z00\system_map.json","15509","        ""json.load"","
"C:\Users\USER\slh-bot-clean\_slh_map\scans\2026-08-13T190214_435023Z00\system_map.json","15511","        ""json.load"","
"C:\Users\USER\slh-bot-clean\_slh_map\scans\2026-08-13T190214_435023Z00\system_map.json","15548","        ""json.dump"","
"C:\Users\USER\slh-bot-clean\_slh_map\scans\2026-08-13T190214_435023Z00\system_map.json","15554","        ""json.load"","
"C:\Users\USER\slh-bot-clean\_slh_map\scans\2026-08-13T190214_435023Z00\system_map.json","15564","      ""path"": ""state_manager.py"","
"C:\Users\USER\slh-bot-clean\_slh_map\scans\2026-08-13T190214_435023Z00\system_map.json","15565","      ""module"": ""state_manager"","
"C:\Users\USER\slh-bot-clean\_slh_map\scans\2026-08-13T190214_435023Z00\system_map.json","15595","        ""json.load"","
"C:\Users\USER\slh-bot-clean\_slh_map\scans\2026-08-13T190214_435023Z00\system_map.json","15598","        ""json.load"","
"C:\Users\USER\slh-bot-clean\_slh_map\scans\2026-08-13T190214_435023Z00\system_map.json","15600","        ""json.dump"","
"C:\Users\USER\slh-bot-clean\_slh_map\scans\2026-08-13T190214_435023Z00\system_map.json","15646","        ""json.load"""
"C:\Users\USER\slh-bot-clean\_slh_map\scans\2026-08-13T190214_435023Z00\system_map.json","15738","        ""json.load"","
"C:\Users\USER\slh-bot-clean\_slh_map\scans\2026-08-13T190214_435023Z00\system_map.json","15740","        ""json.dump"","
"C:\Users\USER\slh-bot-clean\_slh_map\scans\2026-08-13T190214_435023Z00\system_map.json","15784","        ""json.dump"","
"C:\Users\USER\slh-bot-clean\_slh_map\scans\2026-08-13T190214_435023Z00\system_map.json","15789","        ""json.load"","
"C:\Users\USER\slh-bot-clean\_slh_map\scans\2026-08-13T190214_435023Z00\system_map.json","15876","        ""json.load"","
"C:\Users\USER\slh-bot-clean\_slh_map\scans\2026-08-13T190214_435023Z00\system_map.json","15891","        ""json.dumps"","
"C:\Users\USER\slh-bot-clean\_slh_map\scans\2026-08-13T190214_435023Z00\system_map.json","15978","        ""json.load"","
"C:\Users\USER\slh-bot-clean\_slh_map\scans\2026-08-13T190214_435023Z00\system_map.json","16086","        ""json.loads"","
"C:\Users\USER\slh-bot-clean\_slh_map\scans\2026-08-13T190214_435023Z00\system_map.json","16190","        ""json.load"""
"C:\Users\USER\slh-bot-clean\_slh_map\scans\2026-08-13T190214_435023Z00\system_map.json","16280","        ""json.loads"","
"C:\Users\USER\slh-bot-clean\_slh_map\scans\2026-08-13T190214_435023Z00\system_map.json","16389","        ""json.loads"","
"C:\Users\USER\slh-bot-clean\_slh_map\scans\2026-08-13T190214_435023Z00\system_map.json","16562","        ""json.loads"","
"C:\Users\USER\slh-bot-clean\_slh_map\scans\2026-08-13T190214_435023Z00\system_map.json","16745","        ""json.loads"","
"C:\Users\USER\slh-bot-clean\_slh_map\scans\2026-08-13T190214_435023Z00\system_map.json","16750","        ""json.dumps"","
"C:\Users\USER\slh-bot-clean\_slh_map\scans\2026-08-13T190214_435023Z00\system_map.json","16828","        ""json.loads"","
"C:\Users\USER\slh-bot-clean\_slh_map\scans\2026-08-13T190214_435023Z00\system_map.json","16893","        ""json.loads"","
"C:\Users\USER\slh-bot-clean\_slh_map\scans\2026-08-13T190214_435023Z00\system_map.json","16898","        ""json.dumps"","
"C:\Users\USER\slh-bot-clean\_slh_map\scans\2026-08-13T190214_435023Z00\system_map.json","16917","        ""json.loads"","
"C:\Users\USER\slh-bot-clean\_slh_map\scans\2026-08-13T190214_435023Z00\system_map.json","17019","        ""json.loads"","
"C:\Users\USER\slh-bot-clean\_slh_map\scans\2026-08-13T190214_435023Z00\system_map.json","17024","        ""json.dumps"","
"C:\Users\USER\slh-bot-clean\_slh_map\scans\2026-08-13T190214_435023Z00\system_map.json","17098","        ""json.loads"","
"C:\Users\USER\slh-bot-clean\_slh_map\scans\2026-08-13T190214_435023Z00\system_map.json","17236","        ""json.loads"","
"C:\Users\USER\slh-bot-clean\_slh_map\scans\2026-08-13T190214_435023Z00\system_map.json","17362","        ""json.loads"","
"C:\Users\USER\slh-bot-clean\_slh_map\scans\2026-08-13T190214_435023Z00\system_map.json","17543","        ""json.loads"","
"C:\Users\USER\slh-bot-clean\_slh_map\scans\2026-08-13T190214_435023Z00\system_map.json","17708","        ""json.loads"","
"C:\Users\USER\slh-bot-clean\_slh_map\scans\2026-08-13T190214_435023Z00\system_map.json","17895","        ""json.dumps"","
"C:\Users\USER\slh-bot-clean\_slh_map\scans\2026-08-13T190214_435023Z00\system_map.json","17929","        ""state_manager"","
"C:\Users\USER\slh-bot-clean\_slh_map\scans\2026-08-13T190214_435023Z00\system_map.json","17955","        ""state_manager.load_db"","
"C:\Users\USER\slh-bot-clean\_slh_map\scans\2026-08-13T190214_435023Z00\system_map.json","17957","        ""state_manager.load_db"","
"C:\Users\USER\slh-bot-clean\_slh_map\scans\2026-08-13T190214_435023Z00\system_map.json","17958","        ""state_manager.save_db"","
"C:\Users\USER\slh-bot-clean\_slh_map\scans\2026-08-13T190214_435023Z00\system_map.json","17967","        ""state_manager.atomic_update"","
"C:\Users\USER\slh-bot-clean\_slh_map\scans\2026-08-13T190214_435023Z00\system_map.json","18098","        ""json.dumps"","
"C:\Users\USER\slh-bot-clean\_slh_map\scans\2026-08-13T190214_435023Z00\system_map.json","18217","        ""json.loads"","
"C:\Users\USER\slh-bot-clean\_slh_map\scans\2026-08-13T190214_435023Z00\system_map.json","18218","        ""json.dumps"","
"C:\Users\USER\slh-bot-clean\_slh_map\scans\2026-08-13T190214_435023Z00\system_map.json","18322","        ""json.load"","
"C:\Users\USER\slh-bot-clean\_slh_map\scans\2026-08-13T190214_435023Z00\system_map.json","18335","        ""json.dump"","
"C:\Users\USER\slh-bot-clean\_slh_map\scans\2026-08-13T190214_435023Z00\system_map.json","18573","        ""json.dumps"","
"C:\Users\USER\slh-bot-clean\_slh_map\scans\2026-08-13T190214_435023Z00\system_map.json","18690","        ""json.dumps"""
"C:\Users\USER\slh-bot-clean\_slh_map\scans\2026-08-13T190214_435023Z00\system_map.json","18814","        ""json.dumps"","
"C:\Users\USER\slh-bot-clean\_slh_map\scans\2026-08-13T190214_435023Z00\system_map.json","18898","        ""json.dumps"","
"C:\Users\USER\slh-bot-clean\_slh_map\scans\2026-08-13T190214_435023Z00\system_map.json","19128","        ""json.dumps"","
"C:\Users\USER\slh-bot-clean\_slh_map\scans\2026-08-13T190214_435023Z00\system_map.json","19221","        ""json.load"","
"C:\Users\USER\slh-bot-clean\_slh_map\scans\2026-08-13T190214_435023Z00\system_map.json","19222","        ""json.load"","
"C:\Users\USER\slh-bot-clean\_slh_map\scans\2026-08-13T190214_435023Z00\system_map.json","19225","        ""json.load"","
"C:\Users\USER\slh-bot-clean\_slh_map\scans\2026-08-13T190214_435023Z00\system_map.json","19227","        ""json.dumps"","
"C:\Users\USER\slh-bot-clean\_slh_map\scans\2026-08-13T190214_435023Z00\system_map.json","19354","        ""json.dumps"","
"C:\Users\USER\slh-bot-clean\_slh_map\scans\2026-08-13T190214_435023Z00\system_map.json","19585","        ""json.dumps"","
"C:\Users\USER\slh-bot-clean\_slh_map\scans\2026-08-13T190214_435023Z00\system_map.json","19826","        ""json.dumps"","
"C:\Users\USER\slh-bot-clean\_slh_map\scans\2026-08-13T190214_435023Z00\system_map.json","19895","        ""json.loads"","
"C:\Users\USER\slh-bot-clean\_slh_map\scans\2026-08-13T190214_435023Z00\system_map.json","19973","        ""json.dumps"","
"C:\Users\USER\slh-bot-clean\_slh_map\scans\2026-08-13T190214_435023Z00\system_map.json","20099","        ""json.dumps"","
"C:\Users\USER\slh-bot-clean\_slh_map\scans\2026-08-13T190214_435023Z00\system_map.json","20201","        ""json.dumps"","
"C:\Users\USER\slh-bot-clean\_slh_map\scans\2026-08-13T190214_435023Z00\system_map.json","20301","        ""json.load"","
"C:\Users\USER\slh-bot-clean\_slh_map\scans\2026-08-13T190214_435023Z00\system_map.json","20367","        ""json.dumps"","
"C:\Users\USER\slh-bot-clean\_slh_map\scans\2026-08-13T190214_435023Z00\system_map.json","20369","        ""json.loads"","
"C:\Users\USER\slh-bot-clean\_slh_map\scans\2026-08-13T190214_435023Z00\system_map.json","20610","        ""json.loads"","
"C:\Users\USER\slh-bot-clean\_slh_map\scans\2026-08-13T190214_435023Z00\system_map.json","20617","        ""json.loads"","
"C:\Users\USER\slh-bot-clean\_slh_map\scans\2026-08-13T190214_435023Z00\system_map.json","20624","        ""json.loads"","
"C:\Users\USER\slh-bot-clean\_slh_map\scans\2026-08-13T190214_435023Z00\system_map.json","20631","        ""json.loads"","
"C:\Users\USER\slh-bot-clean\_slh_map\scans\2026-08-13T190214_435023Z00\system_map.json","20671","        ""json.loads"","
"C:\Users\USER\slh-bot-clean\_slh_map\scans\2026-08-13T190214_435023Z00\system_map.json","20743","        ""json.loads"","
"C:\Users\USER\slh-bot-clean\_slh_map\scans\2026-08-13T190214_435023Z00\system_map.json","20754","        ""json.dumps"","
"C:\Users\USER\slh-bot-clean\_slh_map\scans\2026-08-13T190214_435023Z00\system_map.json","20757","        ""json.dumps"","
"C:\Users\USER\slh-bot-clean\_slh_map\scans\2026-08-13T190214_435023Z00\system_map.json","20760","        ""json.dumps"","
"C:\Users\USER\slh-bot-clean\_slh_map\scans\2026-08-13T190214_435023Z00\system_map.json","20763","        ""json.dumps"","
"C:\Users\USER\slh-bot-clean\_slh_map\scans\2026-08-13T190214_435023Z00\system_map.json","20831","        ""json.dumps"","
"C:\Users\USER\slh-bot-clean\_slh_map\scans\2026-08-13T190214_435023Z00\system_map.json","21000","        ""json.dumps"","
"C:\Users\USER\slh-bot-clean\_slh_map\scans\2026-08-13T190214_435023Z00\system_map.json","21543","        ""json.loads"","
"C:\Users\USER\slh-bot-clean\_slh_map\scans\2026-08-13T190214_435023Z00\system_map.json","21557","        ""json.dumps"","
"C:\Users\USER\slh-bot-clean\_slh_map\scans\2026-08-13T190214_435023Z00\system_map.json","21656","        ""json.dumps"","
"C:\Users\USER\slh-bot-clean\_slh_map\scans\2026-08-13T190214_435023Z00\system_map.json","21746","        ""json.dumps"","
"C:\Users\USER\slh-bot-clean\_slh_map\scans\2026-08-13T190214_435023Z00\system_map.json","21926","        ""json.load"","
"C:\Users\USER\slh-bot-clean\_slh_map\scans\2026-08-13T190214_435023Z00\system_map.json","22049","      ""target"": ""state_manager"","
"C:\Users\USER\slh-bot-clean\_slh_map\scans\2026-08-13T190214_435023Z00\system_map.json","22089","      ""target"": ""state_manager"","
"C:\Users\USER\slh-bot-clean\_slh_map\scans\2026-08-13T190214_435023Z00\system_map.json","22214","      ""target"": ""state_manager"","
"C:\Users\USER\slh-bot-clean\_slh_map\scans\2026-08-13T190214_435023Z00\system_map.json","22239","      ""target"": ""state_manager"","
"C:\Users\USER\slh-bot-clean\_slh_map\scans\2026-08-13T190214_435023Z00\system_map.json","22254","      ""target"": ""state_manager"","
"C:\Users\USER\slh-bot-clean\_slh_map\scans\2026-08-13T190214_435023Z00\system_map.json","22324","      ""target"": ""state_manager"","
"C:\Users\USER\slh-bot-clean\_slh_map\scans\2026-08-13T190214_435023Z00\system_map.json","22329","      ""target"": ""state_manager"","
"C:\Users\USER\slh-bot-clean\_slh_map\scans\2026-08-13T190214_435023Z00\system_map.json","22459","      ""target"": ""state_manager"","
"C:\Users\USER\slh-bot-clean\_slh_map\scans\2026-08-13T190214_435023Z00\system_map.json","22534","      ""target"": ""state_manager"","
"C:\Users\USER\slh-bot-clean\_slh_map\scans\2026-08-13T190214_435023Z00\system_map.json","22539","      ""target"": ""state_manager"","
"C:\Users\USER\slh-bot-clean\_slh_map\scans\2026-08-13T190214_435023Z00\system_map.json","22549","      ""target"": ""state_manager"","
"C:\Users\USER\slh-bot-clean\_slh_map\scans\2026-08-13T190214_435023Z00\system_map.json","22619","      ""target"": ""state_manager"","
"C:\Users\USER\slh-bot-clean\_slh_map\scans\2026-08-13T190214_435023Z00\system_map.json","22634","      ""target"": ""state_manager"","
"C:\Users\USER\slh-bot-clean\_slh_map\scans\2026-08-13T190214_435023Z00\system_map.json","22799","      ""target"": ""state_manager"","
"C:\Users\USER\slh-bot-clean\_slh_map\scans\2026-08-13T190214_435023Z00\system_map.json","22844","      ""target"": ""state_manager"","
"C:\Users\USER\slh-bot-clean\_slh_map\scans\2026-08-13T190214_435023Z00\system_map.json","22864","      ""target"": ""state_manager"","
"C:\Users\USER\slh-bot-clean\_slh_map\scans\2026-08-13T190214_435023Z00\system_map.json","22894","      ""target"": ""state_manager"","
"C:\Users\USER\slh-bot-clean\_slh_map\scans\2026-08-13T190214_435023Z00\system_map.json","23044","      ""target"": ""state_manager"","
"C:\Users\USER\slh-bot-clean\_slh_map\scans\2026-08-13T190226_486126Z00\system_map.json","235","        ""json.load"","
"C:\Users\USER\slh-bot-clean\_slh_map\scans\2026-08-13T190226_486126Z00\system_map.json","238","        ""json.load"","
"C:\Users\USER\slh-bot-clean\_slh_map\scans\2026-08-13T190226_486126Z00\system_map.json","240","        ""json.dump"","
"C:\Users\USER\slh-bot-clean\_slh_map\scans\2026-08-13T190226_486126Z00\system_map.json","453","        ""json.loads"","
"C:\Users\USER\slh-bot-clean\_slh_map\scans\2026-08-13T190226_486126Z00\system_map.json","552","        ""json.loads"","
"C:\Users\USER\slh-bot-clean\_slh_map\scans\2026-08-13T190226_486126Z00\system_map.json","602","        ""json.dumps"","
"C:\Users\USER\slh-bot-clean\_slh_map\scans\2026-08-13T190226_486126Z00\system_map.json","642","        ""json.loads"","
"C:\Users\USER\slh-bot-clean\_slh_map\scans\2026-08-13T190226_486126Z00\system_map.json","752","        ""json.loads"","
"C:\Users\USER\slh-bot-clean\_slh_map\scans\2026-08-13T190226_486126Z00\system_map.json","755","        ""json.dumps"""
"C:\Users\USER\slh-bot-clean\_slh_map\scans\2026-08-13T190226_486126Z00\system_map.json","785","        ""json.load"","
"C:\Users\USER\slh-bot-clean\_slh_map\scans\2026-08-13T190226_486126Z00\system_map.json","924","        ""json.load"","
"C:\Users\USER\slh-bot-clean\_slh_map\scans\2026-08-13T190226_486126Z00\system_map.json","935","        ""json.load"","
"C:\Users\USER\slh-bot-clean\_slh_map\scans\2026-08-13T190226_486126Z00\system_map.json","942","        ""json.load"","
"C:\Users\USER\slh-bot-clean\_slh_map\scans\2026-08-13T190226_486126Z00\system_map.json","1009","        ""state_manager"","
"C:\Users\USER\slh-bot-clean\_slh_map\scans\2026-08-13T190226_486126Z00\system_map.json","1187","        ""json.load"","
"C:\Users\USER\slh-bot-clean\_slh_map\scans\2026-08-13T190226_486126Z00\system_map.json","1196","        ""json.dump"","
"C:\Users\USER\slh-bot-clean\_slh_map\scans\2026-08-13T190226_486126Z00\system_map.json","1200","        ""json.load"","
"C:\Users\USER\slh-bot-clean\_slh_map\scans\2026-08-13T190226_486126Z00\system_map.json","1212","        ""json.dump"","
"C:\Users\USER\slh-bot-clean\_slh_map\scans\2026-08-13T190226_486126Z00\system_map.json","1267","        ""json.load"","
"C:\Users\USER\slh-bot-clean\_slh_map\scans\2026-08-13T190226_486126Z00\system_map.json","1275","        ""json.load"","
"C:\Users\USER\slh-bot-clean\_slh_map\scans\2026-08-13T190226_486126Z00\system_map.json","1297","        ""json.load"","
"C:\Users\USER\slh-bot-clean\_slh_map\scans\2026-08-13T190226_486126Z00\system_map.json","1303","        ""json.load"","
"C:\Users\USER\slh-bot-clean\_slh_map\scans\2026-08-13T190226_486126Z00\system_map.json","1312","        ""json.loads"","
"C:\Users\USER\slh-bot-clean\_slh_map\scans\2026-08-13T190226_486126Z00\system_map.json","1336","        ""json.load"","
"C:\Users\USER\slh-bot-clean\_slh_map\scans\2026-08-13T190226_486126Z00\system_map.json","1345","        ""json.load"","
"C:\Users\USER\slh-bot-clean\_slh_map\scans\2026-08-13T190226_486126Z00\system_map.json","1435","        ""state_manager"""
"C:\Users\USER\slh-bot-clean\_slh_map\scans\2026-08-13T190226_486126Z00\system_map.json","1454","        ""state_manager.load_db"","
"C:\Users\USER\slh-bot-clean\_slh_map\scans\2026-08-13T190226_486126Z00\system_map.json","1462","        ""json.load"","
"C:\Users\USER\slh-bot-clean\_slh_map\scans\2026-08-13T190226_486126Z00\system_map.json","1503","        ""json.load"","
"C:\Users\USER\slh-bot-clean\_slh_map\scans\2026-08-13T190226_486126Z00\system_map.json","1505","        ""json.dump"","
"C:\Users\USER\slh-bot-clean\_slh_map\scans\2026-08-13T190226_486126Z00\system_map.json","1665","        ""json.load"","
"C:\Users\USER\slh-bot-clean\_slh_map\scans\2026-08-13T190226_486126Z00\system_map.json","1739","        ""json.load"","
"C:\Users\USER\slh-bot-clean\_slh_map\scans\2026-08-13T190226_486126Z00\system_map.json","1927","        ""json.dumps"","
"C:\Users\USER\slh-bot-clean\_slh_map\scans\2026-08-13T190226_486126Z00\system_map.json","1932","        ""json.load"","
"C:\Users\USER\slh-bot-clean\_slh_map\scans\2026-08-13T190226_486126Z00\system_map.json","1960","        ""json.dump"","
"C:\Users\USER\slh-bot-clean\_slh_map\scans\2026-08-13T190226_486126Z00\system_map.json","1992","        ""json.load"","
"C:\Users\USER\slh-bot-clean\_slh_map\scans\2026-08-13T190226_486126Z00\system_map.json","2058","        ""json.loads"","
"C:\Users\USER\slh-bot-clean\_slh_map\scans\2026-08-13T190226_486126Z00\system_map.json","2059","        ""json.dumps"","
"C:\Users\USER\slh-bot-clean\_slh_map\scans\2026-08-13T190226_486126Z00\system_map.json","2194","        ""json.dumps"","
"C:\Users\USER\slh-bot-clean\_slh_map\scans\2026-08-13T190226_486126Z00\system_map.json","2195","        ""json.loads"","
"C:\Users\USER\slh-bot-clean\_slh_map\scans\2026-08-13T190226_486126Z00\system_map.json","2268","        ""json.load"""
"C:\Users\USER\slh-bot-clean\_slh_map\scans\2026-08-13T190226_486126Z00\system_map.json","2329","        ""json.load"","
"C:\Users\USER\slh-bot-clean\_slh_map\scans\2026-08-13T190226_486126Z00\system_map.json","2333","        ""json.load"","
"C:\Users\USER\slh-bot-clean\_slh_map\scans\2026-08-13T190226_486126Z00\system_map.json","2376","        ""json.load"","
"C:\Users\USER\slh-bot-clean\_slh_map\scans\2026-08-13T190226_486126Z00\system_map.json","2563","        ""json.dumps"","
"C:\Users\USER\slh-bot-clean\_slh_map\scans\2026-08-13T190226_486126Z00\system_map.json","2915","        ""json.loads"","
"C:\Users\USER\slh-bot-clean\_slh_map\scans\2026-08-13T190226_486126Z00\system_map.json","2981","        ""json.dumps"","
"C:\Users\USER\slh-bot-clean\_slh_map\scans\2026-08-13T190226_486126Z00\system_map.json","2998","        ""json.dumps"","
"C:\Users\USER\slh-bot-clean\_slh_map\scans\2026-08-13T190226_486126Z00\system_map.json","3034","        ""json.dumps"","
"C:\Users\USER\slh-bot-clean\_slh_map\scans\2026-08-13T190226_486126Z00\system_map.json","3039","        ""json.dumps"","
"C:\Users\USER\slh-bot-clean\_slh_map\scans\2026-08-13T190226_486126Z00\system_map.json","3051","        ""json.dumps"","
"C:\Users\USER\slh-bot-clean\_slh_map\scans\2026-08-13T190226_486126Z00\system_map.json","3052","        ""json.dumps"","
"C:\Users\USER\slh-bot-clean\_slh_map\scans\2026-08-13T190226_486126Z00\system_map.json","3061","        ""json.dumps"","
"C:\Users\USER\slh-bot-clean\_slh_map\scans\2026-08-13T190226_486126Z00\system_map.json","3062","        ""json.dumps"","
"C:\Users\USER\slh-bot-clean\_slh_map\scans\2026-08-13T190226_486126Z00\system_map.json","3069","        ""json.loads"","
"C:\Users\USER\slh-bot-clean\_slh_map\scans\2026-08-13T190226_486126Z00\system_map.json","3072","        ""json.dumps"","
"C:\Users\USER\slh-bot-clean\_slh_map\scans\2026-08-13T190226_486126Z00\system_map.json","3117","        ""json.loads"","
"C:\Users\USER\slh-bot-clean\_slh_map\scans\2026-08-13T190226_486126Z00\system_map.json","3120","        ""json.dumps"","
"C:\Users\USER\slh-bot-clean\_slh_map\scans\2026-08-13T190226_486126Z00\system_map.json","3398","        ""state_manager"""
"C:\Users\USER\slh-bot-clean\_slh_map\scans\2026-08-13T190226_486126Z00\system_map.json","3431","        ""state_manager.atomic_update"","
"C:\Users\USER\slh-bot-clean\_slh_map\scans\2026-08-13T190226_486126Z00\system_map.json","3446","        ""json.load"","
"C:\Users\USER\slh-bot-clean\_slh_map\scans\2026-08-13T190226_486126Z00\system_map.json","3448","        ""json.dump"","
"C:\Users\USER\slh-bot-clean\_slh_map\scans\2026-08-13T190226_486126Z00\system_map.json","3524","        ""json.loads"","
"C:\Users\USER\slh-bot-clean\_slh_map\scans\2026-08-13T190226_486126Z00\system_map.json","3551","        ""json.dumps"","
"C:\Users\USER\slh-bot-clean\_slh_map\scans\2026-08-13T190226_486126Z00\system_map.json","3636","        ""json.loads"","
"C:\Users\USER\slh-bot-clean\_slh_map\scans\2026-08-13T190226_486126Z00\system_map.json","3681","        ""json.dumps"","
"C:\Users\USER\slh-bot-clean\_slh_map\scans\2026-08-13T190226_486126Z00\system_map.json","3717","        ""json.loads"","
"C:\Users\USER\slh-bot-clean\_slh_map\scans\2026-08-13T190226_486126Z00\system_map.json","3718","        ""json.dumps"","
"C:\Users\USER\slh-bot-clean\_slh_map\scans\2026-08-13T190226_486126Z00\system_map.json","3866","        ""json.dumps"","
"C:\Users\USER\slh-bot-clean\_slh_map\scans\2026-08-13T190226_486126Z00\system_map.json","3882","        ""json.load"","
"C:\Users\USER\slh-bot-clean\_slh_map\scans\2026-08-13T190226_486126Z00\system_map.json","3964","        ""json.dump"","
"C:\Users\USER\slh-bot-clean\_slh_map\scans\2026-08-13T190226_486126Z00\system_map.json","3985","        ""json.load"","
"C:\Users\USER\slh-bot-clean\_slh_map\scans\2026-08-13T190226_486126Z00\system_map.json","4024","        ""json.load"","
"C:\Users\USER\slh-bot-clean\_slh_map\scans\2026-08-13T190226_486126Z00\system_map.json","4026","        ""json.dump"","
"C:\Users\USER\slh-bot-clean\_slh_map\scans\2026-08-13T190226_486126Z00\system_map.json","4068","        ""json.load"","
"C:\Users\USER\slh-bot-clean\_slh_map\scans\2026-08-13T190226_486126Z00\system_map.json","4072","        ""json.load"","
"C:\Users\USER\slh-bot-clean\_slh_map\scans\2026-08-13T190226_486126Z00\system_map.json","4187","        ""json.dumps"","
"C:\Users\USER\slh-bot-clean\_slh_map\scans\2026-08-13T190226_486126Z00\system_map.json","4197","        ""json.loads"","
"C:\Users\USER\slh-bot-clean\_slh_map\scans\2026-08-13T190226_486126Z00\system_map.json","4303","        ""state_manager"""
"C:\Users\USER\slh-bot-clean\_slh_map\scans\2026-08-13T190226_486126Z00\system_map.json","4319","        ""state_manager.get_agents"","
"C:\Users\USER\slh-bot-clean\_slh_map\scans\2026-08-13T190226_486126Z00\system_map.json","4320","        ""state_manager.set_agents"","
"C:\Users\USER\slh-bot-clean\_slh_map\scans\2026-08-13T190226_486126Z00\system_map.json","4330","        ""json.load"","
"C:\Users\USER\slh-bot-clean\_slh_map\scans\2026-08-13T190226_486126Z00\system_map.json","4404","        ""json.dump"","
"C:\Users\USER\slh-bot-clean\_slh_map\scans\2026-08-13T190226_486126Z00\system_map.json","4417","        ""json.load"","
"C:\Users\USER\slh-bot-clean\_slh_map\scans\2026-08-13T190226_486126Z00\system_map.json","4622","        ""json.dump"","
"C:\Users\USER\slh-bot-clean\_slh_map\scans\2026-08-13T190226_486126Z00\system_map.json","4631","        ""json.load"","
"C:\Users\USER\slh-bot-clean\_slh_map\scans\2026-08-13T190226_486126Z00\system_map.json","4702","        ""state_manager"","
"C:\Users\USER\slh-bot-clean\_slh_map\scans\2026-08-13T190226_486126Z00\system_map.json","4723","        ""state_manager.load_db"","
"C:\Users\USER\slh-bot-clean\_slh_map\scans\2026-08-13T190226_486126Z00\system_map.json","4727","        ""state_manager.load_db"","
"C:\Users\USER\slh-bot-clean\_slh_map\scans\2026-08-13T190226_486126Z00\system_map.json","4733","        ""state_manager.save_db"","
"C:\Users\USER\slh-bot-clean\_slh_map\scans\2026-08-13T190226_486126Z00\system_map.json","4737","        ""state_manager.load_db"","
"C:\Users\USER\slh-bot-clean\_slh_map\scans\2026-08-13T190226_486126Z00\system_map.json","4739","        ""state_manager.save_db"","
"C:\Users\USER\slh-bot-clean\_slh_map\scans\2026-08-13T190226_486126Z00\system_map.json","5005","        ""json.load"","
"C:\Users\USER\slh-bot-clean\_slh_map\scans\2026-08-13T190226_486126Z00\system_map.json","5188","        ""json.load"","
"C:\Users\USER\slh-bot-clean\_slh_map\scans\2026-08-13T190226_486126Z00\system_map.json","5190","        ""json.dump"","
"C:\Users\USER\slh-bot-clean\_slh_map\scans\2026-08-13T190226_486126Z00\system_map.json","5297","        ""json.dumps"""
"C:\Users\USER\slh-bot-clean\_slh_map\scans\2026-08-13T190226_486126Z00\system_map.json","5450","        ""json.load"","
"C:\Users\USER\slh-bot-clean\_slh_map\scans\2026-08-13T190226_486126Z00\system_map.json","5452","        ""json.dump"","
"C:\Users\USER\slh-bot-clean\_slh_map\scans\2026-08-13T190226_486126Z00\system_map.json","5510","        ""json.load"","
"C:\Users\USER\slh-bot-clean\_slh_map\scans\2026-08-13T190226_486126Z00\system_map.json","5562","        ""json.load"","
"C:\Users\USER\slh-bot-clean\_slh_map\scans\2026-08-13T190226_486126Z00\system_map.json","5628","        ""json.load"","
"C:\Users\USER\slh-bot-clean\_slh_map\scans\2026-08-13T190226_486126Z00\system_map.json","5682","        ""state_manager"""
"C:\Users\USER\slh-bot-clean\_slh_map\scans\2026-08-13T190226_486126Z00\system_map.json","5708","        ""state_manager.load_db"","
"C:\Users\USER\slh-bot-clean\_slh_map\scans\2026-08-13T190226_486126Z00\system_map.json","5786","        ""json.load"","
"C:\Users\USER\slh-bot-clean\_slh_map\scans\2026-08-13T190226_486126Z00\system_map.json","5894","        ""json.dump"","
"C:\Users\USER\slh-bot-clean\_slh_map\scans\2026-08-13T190226_486126Z00\system_map.json","5921","        ""json.load"","
"C:\Users\USER\slh-bot-clean\_slh_map\scans\2026-08-13T190226_486126Z00\system_map.json","6005","        ""json.dump"","
"C:\Users\USER\slh-bot-clean\_slh_map\scans\2026-08-13T190226_486126Z00\system_map.json","6026","        ""json.load"","
"C:\Users\USER\slh-bot-clean\_slh_map\scans\2026-08-13T190226_486126Z00\system_map.json","6036","        ""json.load"","
"C:\Users\USER\slh-bot-clean\_slh_map\scans\2026-08-13T190226_486126Z00\system_map.json","6093","        ""state_manager"","
"C:\Users\USER\slh-bot-clean\_slh_map\scans\2026-08-13T190226_486126Z00\system_map.json","6113","        ""state_manager.atomic_update"","
"C:\Users\USER\slh-bot-clean\_slh_map\scans\2026-08-13T190226_486126Z00\system_map.json","6119","        ""state_manager.load_db"","
"C:\Users\USER\slh-bot-clean\_slh_map\scans\2026-08-13T190226_486126Z00\system_map.json","6124","        ""state_manager.save_db"","
"C:\Users\USER\slh-bot-clean\_slh_map\scans\2026-08-13T190226_486126Z00\system_map.json","6186","        ""json.dump"","
"C:\Users\USER\slh-bot-clean\_slh_map\scans\2026-08-13T190226_486126Z00\system_map.json","6189","        ""json.load"","
"C:\Users\USER\slh-bot-clean\_slh_map\scans\2026-08-13T190226_486126Z00\system_map.json","6359","        ""json.loads"","
"C:\Users\USER\slh-bot-clean\_slh_map\scans\2026-08-13T190226_486126Z00\system_map.json","6361","        ""json.loads"","
"C:\Users\USER\slh-bot-clean\_slh_map\scans\2026-08-13T190226_486126Z00\system_map.json","6377","        ""json.dumps"","
"C:\Users\USER\slh-bot-clean\_slh_map\scans\2026-08-13T190226_486126Z00\system_map.json","6627","        ""json.loads"","
"C:\Users\USER\slh-bot-clean\_slh_map\scans\2026-08-13T190226_486126Z00\system_map.json","6631","        ""json.dumps"""
"C:\Users\USER\slh-bot-clean\_slh_map\scans\2026-08-13T190226_486126Z00\system_map.json","6813","        ""json.load"","
"C:\Users\USER\slh-bot-clean\_slh_map\scans\2026-08-13T190226_486126Z00\system_map.json","6992","        ""json.load"","
"C:\Users\USER\slh-bot-clean\_slh_map\scans\2026-08-13T190226_486126Z00\system_map.json","7027","        ""json.loads"","
"C:\Users\USER\slh-bot-clean\_slh_map\scans\2026-08-13T190226_486126Z00\system_map.json","7034","        ""json.dumps"","
"C:\Users\USER\slh-bot-clean\_slh_map\scans\2026-08-13T190226_486126Z00\system_map.json","7095","        ""json.load"","
"C:\Users\USER\slh-bot-clean\_slh_map\scans\2026-08-13T190226_486126Z00\system_map.json","7145","        ""json.load"","
"C:\Users\USER\slh-bot-clean\_slh_map\scans\2026-08-13T190226_486126Z00\system_map.json","7236","        ""json.dump"","
"C:\Users\USER\slh-bot-clean\_slh_map\scans\2026-08-13T190226_486126Z00\system_map.json","7253","        ""json.load"","
"C:\Users\USER\slh-bot-clean\_slh_map\scans\2026-08-13T190226_486126Z00\system_map.json","7423","        ""json.load"","
"C:\Users\USER\slh-bot-clean\_slh_map\scans\2026-08-13T190226_486126Z00\system_map.json","7503","        ""json.load"","
"C:\Users\USER\slh-bot-clean\_slh_map\scans\2026-08-13T190226_486126Z00\system_map.json","7567","        ""state_manager"","
"C:\Users\USER\slh-bot-clean\_slh_map\scans\2026-08-13T190226_486126Z00\system_map.json","7602","        ""state_manager.load_db"","
"C:\Users\USER\slh-bot-clean\_slh_map\scans\2026-08-13T190226_486126Z00\system_map.json","7612","        ""state_manager.load_db"","
"C:\Users\USER\slh-bot-clean\_slh_map\scans\2026-08-13T190226_486126Z00\system_map.json","7619","        ""state_manager.load_db"","
"C:\Users\USER\slh-bot-clean\_slh_map\scans\2026-08-13T190226_486126Z00\system_map.json","7621","        ""state_manager.load_db"","
"C:\Users\USER\slh-bot-clean\_slh_map\scans\2026-08-13T190226_486126Z00\system_map.json","7628","        ""state_manager.load_db"","
"C:\Users\USER\slh-bot-clean\_slh_map\scans\2026-08-13T190226_486126Z00\system_map.json","7631","        ""state_manager.save_db"","
"C:\Users\USER\slh-bot-clean\_slh_map\scans\2026-08-13T190226_486126Z00\system_map.json","7653","        ""state_manager.save_db"","
"C:\Users\USER\slh-bot-clean\_slh_map\scans\2026-08-13T190226_486126Z00\system_map.json","7731","        ""json.load"","
"C:\Users\USER\slh-bot-clean\_slh_map\scans\2026-08-13T190226_486126Z00\system_map.json","7793","        ""json.load"","
"C:\Users\USER\slh-bot-clean\_slh_map\scans\2026-08-13T190226_486126Z00\system_map.json","7798","        ""json.load"","
"C:\Users\USER\slh-bot-clean\_slh_map\scans\2026-08-13T190226_486126Z00\system_map.json","7885","        ""json.load"","
"C:\Users\USER\slh-bot-clean\_slh_map\scans\2026-08-13T190226_486126Z00\system_map.json","7889","        ""json.dump"","
"C:\Users\USER\slh-bot-clean\_slh_map\scans\2026-08-13T190226_486126Z00\system_map.json","7892","        ""json.load"","
"C:\Users\USER\slh-bot-clean\_slh_map\scans\2026-08-13T190226_486126Z00\system_map.json","7896","        ""json.dump"","
"C:\Users\USER\slh-bot-clean\_slh_map\scans\2026-08-13T190226_486126Z00\system_map.json","8023","        ""json.load"","
"C:\Users\USER\slh-bot-clean\_slh_map\scans\2026-08-13T190226_486126Z00\system_map.json","8025","        ""json.dump"","
"C:\Users\USER\slh-bot-clean\_slh_map\scans\2026-08-13T190226_486126Z00\system_map.json","8109","        ""json.load"","
"C:\Users\USER\slh-bot-clean\_slh_map\scans\2026-08-13T190226_486126Z00\system_map.json","8113","        ""json.load"","
"C:\Users\USER\slh-bot-clean\_slh_map\scans\2026-08-13T190226_486126Z00\system_map.json","8115","        ""json.dump"","
"C:\Users\USER\slh-bot-clean\_slh_map\scans\2026-08-13T190226_486126Z00\system_map.json","8148","        ""json.load"","
"C:\Users\USER\slh-bot-clean\_slh_map\scans\2026-08-13T190226_486126Z00\system_map.json","8291","        ""json.load"","
"C:\Users\USER\slh-bot-clean\_slh_map\scans\2026-08-13T190226_486126Z00\system_map.json","8455","        ""state_manager"","
"C:\Users\USER\slh-bot-clean\_slh_map\scans\2026-08-13T190226_486126Z00\system_map.json","8497","        ""json.dump"","
"C:\Users\USER\slh-bot-clean\_slh_map\scans\2026-08-13T190226_486126Z00\system_map.json","8505","        ""json.load"","
"C:\Users\USER\slh-bot-clean\_slh_map\scans\2026-08-13T190226_486126Z00\system_map.json","8510","        ""state_manager.get_agents"","
"C:\Users\USER\slh-bot-clean\_slh_map\scans\2026-08-13T190226_486126Z00\system_map.json","8514","        ""json.load"","
"C:\Users\USER\slh-bot-clean\_slh_map\scans\2026-08-13T190226_486126Z00\system_map.json","8523","        ""state_manager.set_agents"","
"C:\Users\USER\slh-bot-clean\_slh_map\scans\2026-08-13T190226_486126Z00\system_map.json","8535","        ""json.dump"","
"C:\Users\USER\slh-bot-clean\_slh_map\scans\2026-08-13T190226_486126Z00\system_map.json","8700","        ""state_manager"""
"C:\Users\USER\slh-bot-clean\_slh_map\scans\2026-08-13T190226_486126Z00\system_map.json","8714","        ""state_manager.load_db"","
"C:\Users\USER\slh-bot-clean\_slh_map\scans\2026-08-13T190226_486126Z00\system_map.json","8721","        ""state_manager.load_db"","
"C:\Users\USER\slh-bot-clean\_slh_map\scans\2026-08-13T190226_486126Z00\system_map.json","8722","        ""state_manager.save_db"","
"C:\Users\USER\slh-bot-clean\_slh_map\scans\2026-08-13T190226_486126Z00\system_map.json","8746","        ""state_manager"","
"C:\Users\USER\slh-bot-clean\_slh_map\scans\2026-08-13T190226_486126Z00\system_map.json","8776","        ""state_manager.load_db"","
"C:\Users\USER\slh-bot-clean\_slh_map\scans\2026-08-13T190226_486126Z00\system_map.json","8787","        ""state_manager.load_db"","
"C:\Users\USER\slh-bot-clean\_slh_map\scans\2026-08-13T190226_486126Z00\system_map.json","8792","        ""state_manager.save_db"","
"C:\Users\USER\slh-bot-clean\_slh_map\scans\2026-08-13T190226_486126Z00\system_map.json","8796","        ""state_manager.load_db"","
"C:\Users\USER\slh-bot-clean\_slh_map\scans\2026-08-13T190226_486126Z00\system_map.json","8802","        ""state_manager.save_db"","
"C:\Users\USER\slh-bot-clean\_slh_map\scans\2026-08-13T190226_486126Z00\system_map.json","8806","        ""state_manager.load_db"","
"C:\Users\USER\slh-bot-clean\_slh_map\scans\2026-08-13T190226_486126Z00\system_map.json","8809","        ""state_manager.save_db"","
"C:\Users\USER\slh-bot-clean\_slh_map\scans\2026-08-13T190226_486126Z00\system_map.json","8812","        ""state_manager.load_db"","
"C:\Users\USER\slh-bot-clean\_slh_map\scans\2026-08-13T190226_486126Z00\system_map.json","8819","        ""state_manager.load_db"","
"C:\Users\USER\slh-bot-clean\_slh_map\scans\2026-08-13T190226_486126Z00\system_map.json","8821","        ""state_manager.save_db"","
"C:\Users\USER\slh-bot-clean\_slh_map\scans\2026-08-13T190226_486126Z00\system_map.json","8906","        ""json.dump"","
"C:\Users\USER\slh-bot-clean\_slh_map\scans\2026-08-13T190226_486126Z00\system_map.json","8908","        ""json.load"""
"C:\Users\USER\slh-bot-clean\_slh_map\scans\2026-08-13T190226_486126Z00\system_map.json","8995","        ""json.loads"","
"C:\Users\USER\slh-bot-clean\_slh_map\scans\2026-08-13T190226_486126Z00\system_map.json","9048","        ""json.dumps"","
"C:\Users\USER\slh-bot-clean\_slh_map\scans\2026-08-13T190226_486126Z00\system_map.json","9178","        ""json.loads"","
"C:\Users\USER\slh-bot-clean\_slh_map\scans\2026-08-13T190226_486126Z00\system_map.json","9187","        ""json.dumps"","
"C:\Users\USER\slh-bot-clean\_slh_map\scans\2026-08-13T190226_486126Z00\system_map.json","9215","        ""json.dumps"","
"C:\Users\USER\slh-bot-clean\_slh_map\scans\2026-08-13T190226_486126Z00\system_map.json","9254","        ""json.dumps"","
"C:\Users\USER\slh-bot-clean\_slh_map\scans\2026-08-13T190226_486126Z00\system_map.json","9255","        ""json.dumps"","
"C:\Users\USER\slh-bot-clean\_slh_map\scans\2026-08-13T190226_486126Z00\system_map.json","9327","        ""json.loads"","
"C:\Users\USER\slh-bot-clean\_slh_map\scans\2026-08-13T190226_486126Z00\system_map.json","9335","        ""json.dumps"","
"C:\Users\USER\slh-bot-clean\_slh_map\scans\2026-08-13T190226_486126Z00\system_map.json","9360","        ""json.dumps"","
"C:\Users\USER\slh-bot-clean\_slh_map\scans\2026-08-13T190226_486126Z00\system_map.json","9398","        ""json.dumps"","
"C:\Users\USER\slh-bot-clean\_slh_map\scans\2026-08-13T190226_486126Z00\system_map.json","9399","        ""json.dumps"","
"C:\Users\USER\slh-bot-clean\_slh_map\scans\2026-08-13T190226_486126Z00\system_map.json","9469","        ""json.loads"","
"C:\Users\USER\slh-bot-clean\_slh_map\scans\2026-08-13T190226_486126Z00\system_map.json","9478","        ""json.dumps"","
"C:\Users\USER\slh-bot-clean\_slh_map\scans\2026-08-13T190226_486126Z00\system_map.json","9599","        ""json.loads"","
"C:\Users\USER\slh-bot-clean\_slh_map\scans\2026-08-13T190226_486126Z00\system_map.json","9643","        ""json.dumps"","
"C:\Users\USER\slh-bot-clean\_slh_map\scans\2026-08-13T190226_486126Z00\system_map.json","9750","        ""json.loads"","
"C:\Users\USER\slh-bot-clean\_slh_map\scans\2026-08-13T190226_486126Z00\system_map.json","9773","        ""json.dumps"","
"C:\Users\USER\slh-bot-clean\_slh_map\scans\2026-08-13T190226_486126Z00\system_map.json","9813","        ""json.dumps"","
"C:\Users\USER\slh-bot-clean\_slh_map\scans\2026-08-13T190226_486126Z00\system_map.json","9871","        ""json.loads"","
"C:\Users\USER\slh-bot-clean\_slh_map\scans\2026-08-13T190226_486126Z00\system_map.json","9979","        ""json.loads"","
"C:\Users\USER\slh-bot-clean\_slh_map\scans\2026-08-13T190226_486126Z00\system_map.json","10155","        ""json.loads"","
"C:\Users\USER\slh-bot-clean\_slh_map\scans\2026-08-13T190226_486126Z00\system_map.json","10172","        ""json.dumps"","
"C:\Users\USER\slh-bot-clean\_slh_map\scans\2026-08-13T190226_486126Z00\system_map.json","10220","        ""json.dumps"","
"C:\Users\USER\slh-bot-clean\_slh_map\scans\2026-08-13T190226_486126Z00\system_map.json","10281","        ""json.loads"","
"C:\Users\USER\slh-bot-clean\_slh_map\scans\2026-08-13T190226_486126Z00\system_map.json","10290","        ""json.dumps"","
"C:\Users\USER\slh-bot-clean\_slh_map\scans\2026-08-13T190226_486126Z00\system_map.json","10413","        ""json.loads"","
"C:\Users\USER\slh-bot-clean\_slh_map\scans\2026-08-13T190226_486126Z00\system_map.json","10556","        ""json.load"","
"C:\Users\USER\slh-bot-clean\_slh_map\scans\2026-08-13T190226_486126Z00\system_map.json","10615","        ""json.load"","
"C:\Users\USER\slh-bot-clean\_slh_map\scans\2026-08-13T190226_486126Z00\system_map.json","10661","        ""json.load"","
"C:\Users\USER\slh-bot-clean\_slh_map\scans\2026-08-13T190226_486126Z00\system_map.json","10663","        ""json.dump"","
"C:\Users\USER\slh-bot-clean\_slh_map\scans\2026-08-13T190226_486126Z00\system_map.json","10789","        ""json.load"","
"C:\Users\USER\slh-bot-clean\_slh_map\scans\2026-08-13T190226_486126Z00\system_map.json","10821","        ""json.load"","
"C:\Users\USER\slh-bot-clean\_slh_map\scans\2026-08-13T190226_486126Z00\system_map.json","10933","        ""json.load"","
"C:\Users\USER\slh-bot-clean\_slh_map\scans\2026-08-13T190226_486126Z00\system_map.json","10934","        ""json.dump"","
"C:\Users\USER\slh-bot-clean\_slh_map\scans\2026-08-13T190226_486126Z00\system_map.json","10979","        ""json.dump"","
"C:\Users\USER\slh-bot-clean\_slh_map\scans\2026-08-13T190226_486126Z00\system_map.json","10986","        ""json.load"","
"C:\Users\USER\slh-bot-clean\_slh_map\scans\2026-08-13T190226_486126Z00\system_map.json","11041","        ""json.load"","
"C:\Users\USER\slh-bot-clean\_slh_map\scans\2026-08-13T190226_486126Z00\system_map.json","11042","        ""json.dump"","
"C:\Users\USER\slh-bot-clean\_slh_map\scans\2026-08-13T190226_486126Z00\system_map.json","11056","        ""json.load"","
"C:\Users\USER\slh-bot-clean\_slh_map\scans\2026-08-13T190226_486126Z00\system_map.json","11069","        ""json.load"","
"C:\Users\USER\slh-bot-clean\_slh_map\scans\2026-08-13T190226_486126Z00\system_map.json","11082","        ""json.load"","
"C:\Users\USER\slh-bot-clean\_slh_map\scans\2026-08-13T190226_486126Z00\system_map.json","11094","        ""json.load"","
"C:\Users\USER\slh-bot-clean\_slh_map\scans\2026-08-13T190226_486126Z00\system_map.json","11105","        ""json.load"","
"C:\Users\USER\slh-bot-clean\_slh_map\scans\2026-08-13T190226_486126Z00\system_map.json","11169","        ""json.dump"","
"C:\Users\USER\slh-bot-clean\_slh_map\scans\2026-08-13T190226_486126Z00\system_map.json","11188","        ""json.load"","
"C:\Users\USER\slh-bot-clean\_slh_map\scans\2026-08-13T190226_486126Z00\system_map.json","11190","        ""json.dump"","
"C:\Users\USER\slh-bot-clean\_slh_map\scans\2026-08-13T190226_486126Z00\system_map.json","11254","        ""json.dump"","
"C:\Users\USER\slh-bot-clean\_slh_map\scans\2026-08-13T190226_486126Z00\system_map.json","11260","        ""json.load"","
"C:\Users\USER\slh-bot-clean\_slh_map\scans\2026-08-13T190226_486126Z00\system_map.json","11282","        ""json.load"","
"C:\Users\USER\slh-bot-clean\_slh_map\scans\2026-08-13T190226_486126Z00\system_map.json","11285","        ""json.load"","
"C:\Users\USER\slh-bot-clean\_slh_map\scans\2026-08-13T190226_486126Z00\system_map.json","11289","        ""json.load"","
"C:\Users\USER\slh-bot-clean\_slh_map\scans\2026-08-13T190226_486126Z00\system_map.json","11340","        ""json.loads"","
"C:\Users\USER\slh-bot-clean\_slh_map\scans\2026-08-13T190226_486126Z00\system_map.json","11502","        ""json.dump"","
"C:\Users\USER\slh-bot-clean\_slh_map\scans\2026-08-13T190226_486126Z00\system_map.json","11511","        ""json.load"","
"C:\Users\USER\slh-bot-clean\_slh_map\scans\2026-08-13T190226_486126Z00\system_map.json","11644","        ""json.load"","
"C:\Users\USER\slh-bot-clean\_slh_map\scans\2026-08-13T190226_486126Z00\system_map.json","11754","        ""json.load"","
"C:\Users\USER\slh-bot-clean\_slh_map\scans\2026-08-13T190226_486126Z00\system_map.json","11758","        ""json.load"","
"C:\Users\USER\slh-bot-clean\_slh_map\scans\2026-08-13T190226_486126Z00\system_map.json","11764","        ""json.dump"","
"C:\Users\USER\slh-bot-clean\_slh_map\scans\2026-08-13T190226_486126Z00\system_map.json","11766","        ""json.load"","
"C:\Users\USER\slh-bot-clean\_slh_map\scans\2026-08-13T190226_486126Z00\system_map.json","11815","        ""json.load"","
"C:\Users\USER\slh-bot-clean\_slh_map\scans\2026-08-13T190226_486126Z00\system_map.json","11818","        ""json.dump"","
"C:\Users\USER\slh-bot-clean\_slh_map\scans\2026-08-13T190226_486126Z00\system_map.json","11864","        ""json.load"","
"C:\Users\USER\slh-bot-clean\_slh_map\scans\2026-08-13T190226_486126Z00\system_map.json","11889","        ""json.loads"","
"C:\Users\USER\slh-bot-clean\_slh_map\scans\2026-08-13T190226_486126Z00\system_map.json","11959","        ""json.load"","
"C:\Users\USER\slh-bot-clean\_slh_map\scans\2026-08-13T190226_486126Z00\system_map.json","11961","        ""json.dump"","
"C:\Users\USER\slh-bot-clean\_slh_map\scans\2026-08-13T190226_486126Z00\system_map.json","11996","        ""state_manager"","
"C:\Users\USER\slh-bot-clean\_slh_map\scans\2026-08-13T190226_486126Z00\system_map.json","12018","        ""state_manager.load_db"","
"C:\Users\USER\slh-bot-clean\_slh_map\scans\2026-08-13T190226_486126Z00\system_map.json","12023","        ""state_manager.load_db"","
"C:\Users\USER\slh-bot-clean\_slh_map\scans\2026-08-13T190226_486126Z00\system_map.json","12028","        ""state_manager.save_db"","
"C:\Users\USER\slh-bot-clean\_slh_map\scans\2026-08-13T190226_486126Z00\system_map.json","12031","        ""state_manager.load_db"","
"C:\Users\USER\slh-bot-clean\_slh_map\scans\2026-08-13T190226_486126Z00\system_map.json","12036","        ""state_manager.save_db"","
"C:\Users\USER\slh-bot-clean\_slh_map\scans\2026-08-13T190226_486126Z00\system_map.json","12040","        ""state_manager.load_db"","
"C:\Users\USER\slh-bot-clean\_slh_map\scans\2026-08-13T190226_486126Z00\system_map.json","12041","        ""state_manager.save_db"","
"C:\Users\USER\slh-bot-clean\_slh_map\scans\2026-08-13T190226_486126Z00\system_map.json","12120","        ""state_manager"","
"C:\Users\USER\slh-bot-clean\_slh_map\scans\2026-08-13T190226_486126Z00\system_map.json","12151","        ""state_manager.load_db"","
"C:\Users\USER\slh-bot-clean\_slh_map\scans\2026-08-13T190226_486126Z00\system_map.json","12161","        ""state_manager.load_db"","
"C:\Users\USER\slh-bot-clean\_slh_map\scans\2026-08-13T190226_486126Z00\system_map.json","12168","        ""state_manager.load_db"","
"C:\Users\USER\slh-bot-clean\_slh_map\scans\2026-08-13T190226_486126Z00\system_map.json","12170","        ""state_manager.load_db"","
"C:\Users\USER\slh-bot-clean\_slh_map\scans\2026-08-13T190226_486126Z00\system_map.json","12177","        ""state_manager.load_db"","
"C:\Users\USER\slh-bot-clean\_slh_map\scans\2026-08-13T190226_486126Z00\system_map.json","12179","        ""state_manager.save_db"","
"C:\Users\USER\slh-bot-clean\_slh_map\scans\2026-08-13T190226_486126Z00\system_map.json","12202","        ""state_manager.save_db"","
"C:\Users\USER\slh-bot-clean\_slh_map\scans\2026-08-13T190226_486126Z00\system_map.json","12393","        ""json.load"","
"C:\Users\USER\slh-bot-clean\_slh_map\scans\2026-08-13T190226_486126Z00\system_map.json","12475","        ""json.dumps"","
"C:\Users\USER\slh-bot-clean\_slh_map\scans\2026-08-13T190226_486126Z00\system_map.json","12615","        ""json.load"","
"C:\Users\USER\slh-bot-clean\_slh_map\scans\2026-08-13T190226_486126Z00\system_map.json","12705","        ""json.load"","
"C:\Users\USER\slh-bot-clean\_slh_map\scans\2026-08-13T190226_486126Z00\system_map.json","12707","        ""json.dump"","
"C:\Users\USER\slh-bot-clean\_slh_map\scans\2026-08-13T190226_486126Z00\system_map.json","12709","        ""json.load"","
"C:\Users\USER\slh-bot-clean\_slh_map\scans\2026-08-13T190226_486126Z00\system_map.json","12716","        ""json.dump"","
"C:\Users\USER\slh-bot-clean\_slh_map\scans\2026-08-13T190226_486126Z00\system_map.json","12717","        ""json.dumps"","
"C:\Users\USER\slh-bot-clean\_slh_map\scans\2026-08-13T190226_486126Z00\system_map.json","12812","        ""json.load"","
"C:\Users\USER\slh-bot-clean\_slh_map\scans\2026-08-13T190226_486126Z00\system_map.json","12823","        ""json.load"","
"C:\Users\USER\slh-bot-clean\_slh_map\scans\2026-08-13T190226_486126Z00\system_map.json","12826","        ""json.load"","
"C:\Users\USER\slh-bot-clean\_slh_map\scans\2026-08-13T190226_486126Z00\system_map.json","12909","        ""json.load"","
"C:\Users\USER\slh-bot-clean\_slh_map\scans\2026-08-13T190226_486126Z00\system_map.json","13020","        ""json.dumps"","
"C:\Users\USER\slh-bot-clean\_slh_map\scans\2026-08-13T190226_486126Z00\system_map.json","13028","        ""json.dumps"","
"C:\Users\USER\slh-bot-clean\_slh_map\scans\2026-08-13T190226_486126Z00\system_map.json","13104","        ""json.load"","
"C:\Users\USER\slh-bot-clean\_slh_map\scans\2026-08-13T190226_486126Z00\system_map.json","13321","        ""json.dump"","
"C:\Users\USER\slh-bot-clean\_slh_map\scans\2026-08-13T190226_486126Z00\system_map.json","13329","        ""json.load"","
"C:\Users\USER\slh-bot-clean\_slh_map\scans\2026-08-13T190226_486126Z00\system_map.json","13437","        ""json.load"","
"C:\Users\USER\slh-bot-clean\_slh_map\scans\2026-08-13T190226_486126Z00\system_map.json","13440","        ""json.dump"","
"C:\Users\USER\slh-bot-clean\_slh_map\scans\2026-08-13T190226_486126Z00\system_map.json","13450","        ""json.dump"","
"C:\Users\USER\slh-bot-clean\_slh_map\scans\2026-08-13T190226_486126Z00\system_map.json","13451","        ""json.dumps"","
"C:\Users\USER\slh-bot-clean\_slh_map\scans\2026-08-13T190226_486126Z00\system_map.json","13456","        ""json.dump"","
"C:\Users\USER\slh-bot-clean\_slh_map\scans\2026-08-13T190226_486126Z00\system_map.json","13459","        ""json.load"","
"C:\Users\USER\slh-bot-clean\_slh_map\scans\2026-08-13T190226_486126Z00\system_map.json","13767","        ""json.load"","
"C:\Users\USER\slh-bot-clean\_slh_map\scans\2026-08-13T190226_486126Z00\system_map.json","13821","        ""state_manager"","
"C:\Users\USER\slh-bot-clean\_slh_map\scans\2026-08-13T190226_486126Z00\system_map.json","14038","        ""json.load"","
"C:\Users\USER\slh-bot-clean\_slh_map\scans\2026-08-13T190226_486126Z00\system_map.json","14047","        ""json.dump"","
"C:\Users\USER\slh-bot-clean\_slh_map\scans\2026-08-13T190226_486126Z00\system_map.json","14051","        ""json.load"","
"C:\Users\USER\slh-bot-clean\_slh_map\scans\2026-08-13T190226_486126Z00\system_map.json","14063","        ""json.dump"","
"C:\Users\USER\slh-bot-clean\_slh_map\scans\2026-08-13T190226_486126Z00\system_map.json","14137","        ""json.load"","
"C:\Users\USER\slh-bot-clean\_slh_map\scans\2026-08-13T190226_486126Z00\system_map.json","14145","        ""json.load"","
"C:\Users\USER\slh-bot-clean\_slh_map\scans\2026-08-13T190226_486126Z00\system_map.json","14167","        ""json.load"","
"C:\Users\USER\slh-bot-clean\_slh_map\scans\2026-08-13T190226_486126Z00\system_map.json","14173","        ""json.load"","
"C:\Users\USER\slh-bot-clean\_slh_map\scans\2026-08-13T190226_486126Z00\system_map.json","14182","        ""json.loads"","
"C:\Users\USER\slh-bot-clean\_slh_map\scans\2026-08-13T190226_486126Z00\system_map.json","14222","        ""json.load"","
"C:\Users\USER\slh-bot-clean\_slh_map\scans\2026-08-13T190226_486126Z00\system_map.json","14231","        ""json.load"","
"C:\Users\USER\slh-bot-clean\_slh_map\scans\2026-08-13T190226_486126Z00\system_map.json","14321","        ""json.load"","
"C:\Users\USER\slh-bot-clean\_slh_map\scans\2026-08-13T190226_486126Z00\system_map.json","14330","        ""json.dump"","
"C:\Users\USER\slh-bot-clean\_slh_map\scans\2026-08-13T190226_486126Z00\system_map.json","14332","        ""json.load"","
"C:\Users\USER\slh-bot-clean\_slh_map\scans\2026-08-13T190226_486126Z00\system_map.json","14339","        ""json.dump"","
"C:\Users\USER\slh-bot-clean\_slh_map\scans\2026-08-13T190226_486126Z00\system_map.json","14340","        ""json.dumps"","
"C:\Users\USER\slh-bot-clean\_slh_map\scans\2026-08-13T190226_486126Z00\system_map.json","14397","        ""json.load"","
"C:\Users\USER\slh-bot-clean\_slh_map\scans\2026-08-13T190226_486126Z00\system_map.json","14574","        ""json.loads"","
"C:\Users\USER\slh-bot-clean\_slh_map\scans\2026-08-13T190226_486126Z00\system_map.json","14575","        ""json.dumps"","
"C:\Users\USER\slh-bot-clean\_slh_map\scans\2026-08-13T190226_486126Z00\system_map.json","14632","        ""json.dumps"","
"C:\Users\USER\slh-bot-clean\_slh_map\scans\2026-08-13T190226_486126Z00\system_map.json","14734","        ""json.load"","
"C:\Users\USER\slh-bot-clean\_slh_map\scans\2026-08-13T190226_486126Z00\system_map.json","14816","        ""json.load"","
"C:\Users\USER\slh-bot-clean\_slh_map\scans\2026-08-13T190226_486126Z00\system_map.json","14822","        ""json.dump"","
"C:\Users\USER\slh-bot-clean\_slh_map\scans\2026-08-13T190226_486126Z00\system_map.json","14842","        ""state_manager"","
"C:\Users\USER\slh-bot-clean\_slh_map\scans\2026-08-13T190226_486126Z00\system_map.json","14863","        ""state_manager.get_agents"","
"C:\Users\USER\slh-bot-clean\_slh_map\scans\2026-08-13T190226_486126Z00\system_map.json","14866","        ""state_manager.get_agents"","
"C:\Users\USER\slh-bot-clean\_slh_map\scans\2026-08-13T190226_486126Z00\system_map.json","14870","        ""state_manager.get_agents"","
"C:\Users\USER\slh-bot-clean\_slh_map\scans\2026-08-13T190226_486126Z00\system_map.json","14873","        ""state_manager.set_agents"","
"C:\Users\USER\slh-bot-clean\_slh_map\scans\2026-08-13T190226_486126Z00\system_map.json","14877","        ""state_manager.get_agents"","
"C:\Users\USER\slh-bot-clean\_slh_map\scans\2026-08-13T190226_486126Z00\system_map.json","14879","        ""state_manager.set_agents"","
"C:\Users\USER\slh-bot-clean\_slh_map\scans\2026-08-13T190226_486126Z00\system_map.json","14943","        ""json.load"","
"C:\Users\USER\slh-bot-clean\_slh_map\scans\2026-08-13T190226_486126Z00\system_map.json","14948","        ""json.load"","
"C:\Users\USER\slh-bot-clean\_slh_map\scans\2026-08-13T190226_486126Z00\system_map.json","14950","        ""json.dump"","
"C:\Users\USER\slh-bot-clean\_slh_map\scans\2026-08-13T190226_486126Z00\system_map.json","14997","        ""json.load"","
"C:\Users\USER\slh-bot-clean\_slh_map\scans\2026-08-13T190226_486126Z00\system_map.json","15028","        ""state_manager"","
"C:\Users\USER\slh-bot-clean\_slh_map\scans\2026-08-13T190226_486126Z00\system_map.json","15049","        ""state_manager.get_agents"","
"C:\Users\USER\slh-bot-clean\_slh_map\scans\2026-08-13T190226_486126Z00\system_map.json","15111","        ""state_manager"","
"C:\Users\USER\slh-bot-clean\_slh_map\scans\2026-08-13T190226_486126Z00\system_map.json","15128","        ""state_manager.get_agents"","
"C:\Users\USER\slh-bot-clean\_slh_map\scans\2026-08-13T190226_486126Z00\system_map.json","15130","        ""state_manager.set_agents"","
"C:\Users\USER\slh-bot-clean\_slh_map\scans\2026-08-13T190226_486126Z00\system_map.json","15166","        ""json.load"","
"C:\Users\USER\slh-bot-clean\_slh_map\scans\2026-08-13T190226_486126Z00\system_map.json","15168","        ""json.dump"","
"C:\Users\USER\slh-bot-clean\_slh_map\scans\2026-08-13T190226_486126Z00\system_map.json","15239","        ""json.load"","
"C:\Users\USER\slh-bot-clean\_slh_map\scans\2026-08-13T190226_486126Z00\system_map.json","15311","        ""json.dump"","
"C:\Users\USER\slh-bot-clean\_slh_map\scans\2026-08-13T190226_486126Z00\system_map.json","15313","        ""json.load"","
"C:\Users\USER\slh-bot-clean\_slh_map\scans\2026-08-13T190226_486126Z00\system_map.json","15362","        ""json.load"","
"C:\Users\USER\slh-bot-clean\_slh_map\scans\2026-08-13T190226_486126Z00\system_map.json","15364","        ""json.dump"","
"C:\Users\USER\slh-bot-clean\_slh_map\scans\2026-08-13T190226_486126Z00\system_map.json","15367","        ""json.load"","
"C:\Users\USER\slh-bot-clean\_slh_map\scans\2026-08-13T190226_486126Z00\system_map.json","15369","        ""json.dump"","
"C:\Users\USER\slh-bot-clean\_slh_map\scans\2026-08-13T190226_486126Z00\system_map.json","15372","        ""json.load"","
"C:\Users\USER\slh-bot-clean\_slh_map\scans\2026-08-13T190226_486126Z00\system_map.json","15411","        ""json.load"","
"C:\Users\USER\slh-bot-clean\_slh_map\scans\2026-08-13T190226_486126Z00\system_map.json","15413","        ""json.dump"","
"C:\Users\USER\slh-bot-clean\_slh_map\scans\2026-08-13T190226_486126Z00\system_map.json","15472","        ""json.load"","
"C:\Users\USER\slh-bot-clean\_slh_map\scans\2026-08-13T190226_486126Z00\system_map.json","15507","        ""json.load"","
"C:\Users\USER\slh-bot-clean\_slh_map\scans\2026-08-13T190226_486126Z00\system_map.json","15509","        ""json.load"","
"C:\Users\USER\slh-bot-clean\_slh_map\scans\2026-08-13T190226_486126Z00\system_map.json","15511","        ""json.load"","
"C:\Users\USER\slh-bot-clean\_slh_map\scans\2026-08-13T190226_486126Z00\system_map.json","15548","        ""json.dump"","
"C:\Users\USER\slh-bot-clean\_slh_map\scans\2026-08-13T190226_486126Z00\system_map.json","15554","        ""json.load"","
"C:\Users\USER\slh-bot-clean\_slh_map\scans\2026-08-13T190226_486126Z00\system_map.json","15564","      ""path"": ""state_manager.py"","
"C:\Users\USER\slh-bot-clean\_slh_map\scans\2026-08-13T190226_486126Z00\system_map.json","15565","      ""module"": ""state_manager"","
"C:\Users\USER\slh-bot-clean\_slh_map\scans\2026-08-13T190226_486126Z00\system_map.json","15595","        ""json.load"","
"C:\Users\USER\slh-bot-clean\_slh_map\scans\2026-08-13T190226_486126Z00\system_map.json","15598","        ""json.load"","
"C:\Users\USER\slh-bot-clean\_slh_map\scans\2026-08-13T190226_486126Z00\system_map.json","15600","        ""json.dump"","
"C:\Users\USER\slh-bot-clean\_slh_map\scans\2026-08-13T190226_486126Z00\system_map.json","15646","        ""json.load"""
"C:\Users\USER\slh-bot-clean\_slh_map\scans\2026-08-13T190226_486126Z00\system_map.json","15738","        ""json.load"","
"C:\Users\USER\slh-bot-clean\_slh_map\scans\2026-08-13T190226_486126Z00\system_map.json","15740","        ""json.dump"","
"C:\Users\USER\slh-bot-clean\_slh_map\scans\2026-08-13T190226_486126Z00\system_map.json","15784","        ""json.dump"","
"C:\Users\USER\slh-bot-clean\_slh_map\scans\2026-08-13T190226_486126Z00\system_map.json","15789","        ""json.load"","
"C:\Users\USER\slh-bot-clean\_slh_map\scans\2026-08-13T190226_486126Z00\system_map.json","15876","        ""json.load"","
"C:\Users\USER\slh-bot-clean\_slh_map\scans\2026-08-13T190226_486126Z00\system_map.json","15891","        ""json.dumps"","
"C:\Users\USER\slh-bot-clean\_slh_map\scans\2026-08-13T190226_486126Z00\system_map.json","15978","        ""json.load"","
"C:\Users\USER\slh-bot-clean\_slh_map\scans\2026-08-13T190226_486126Z00\system_map.json","16086","        ""json.loads"","
"C:\Users\USER\slh-bot-clean\_slh_map\scans\2026-08-13T190226_486126Z00\system_map.json","16190","        ""json.load"""
"C:\Users\USER\slh-bot-clean\_slh_map\scans\2026-08-13T190226_486126Z00\system_map.json","16280","        ""json.loads"","
"C:\Users\USER\slh-bot-clean\_slh_map\scans\2026-08-13T190226_486126Z00\system_map.json","16389","        ""json.loads"","
"C:\Users\USER\slh-bot-clean\_slh_map\scans\2026-08-13T190226_486126Z00\system_map.json","16562","        ""json.loads"","
"C:\Users\USER\slh-bot-clean\_slh_map\scans\2026-08-13T190226_486126Z00\system_map.json","16745","        ""json.loads"","
"C:\Users\USER\slh-bot-clean\_slh_map\scans\2026-08-13T190226_486126Z00\system_map.json","16750","        ""json.dumps"","
"C:\Users\USER\slh-bot-clean\_slh_map\scans\2026-08-13T190226_486126Z00\system_map.json","16828","        ""json.loads"","
"C:\Users\USER\slh-bot-clean\_slh_map\scans\2026-08-13T190226_486126Z00\system_map.json","16893","        ""json.loads"","
"C:\Users\USER\slh-bot-clean\_slh_map\scans\2026-08-13T190226_486126Z00\system_map.json","16898","        ""json.dumps"","
"C:\Users\USER\slh-bot-clean\_slh_map\scans\2026-08-13T190226_486126Z00\system_map.json","16917","        ""json.loads"","
"C:\Users\USER\slh-bot-clean\_slh_map\scans\2026-08-13T190226_486126Z00\system_map.json","17019","        ""json.loads"","
"C:\Users\USER\slh-bot-clean\_slh_map\scans\2026-08-13T190226_486126Z00\system_map.json","17024","        ""json.dumps"","
"C:\Users\USER\slh-bot-clean\_slh_map\scans\2026-08-13T190226_486126Z00\system_map.json","17098","        ""json.loads"","
"C:\Users\USER\slh-bot-clean\_slh_map\scans\2026-08-13T190226_486126Z00\system_map.json","17236","        ""json.loads"","
"C:\Users\USER\slh-bot-clean\_slh_map\scans\2026-08-13T190226_486126Z00\system_map.json","17362","        ""json.loads"","
"C:\Users\USER\slh-bot-clean\_slh_map\scans\2026-08-13T190226_486126Z00\system_map.json","17543","        ""json.loads"","
"C:\Users\USER\slh-bot-clean\_slh_map\scans\2026-08-13T190226_486126Z00\system_map.json","17708","        ""json.loads"","
"C:\Users\USER\slh-bot-clean\_slh_map\scans\2026-08-13T190226_486126Z00\system_map.json","17895","        ""json.dumps"","
"C:\Users\USER\slh-bot-clean\_slh_map\scans\2026-08-13T190226_486126Z00\system_map.json","17929","        ""state_manager"","
"C:\Users\USER\slh-bot-clean\_slh_map\scans\2026-08-13T190226_486126Z00\system_map.json","17955","        ""state_manager.load_db"","
"C:\Users\USER\slh-bot-clean\_slh_map\scans\2026-08-13T190226_486126Z00\system_map.json","17957","        ""state_manager.load_db"","
"C:\Users\USER\slh-bot-clean\_slh_map\scans\2026-08-13T190226_486126Z00\system_map.json","17958","        ""state_manager.save_db"","
"C:\Users\USER\slh-bot-clean\_slh_map\scans\2026-08-13T190226_486126Z00\system_map.json","17967","        ""state_manager.atomic_update"","
"C:\Users\USER\slh-bot-clean\_slh_map\scans\2026-08-13T190226_486126Z00\system_map.json","18098","        ""json.dumps"","
"C:\Users\USER\slh-bot-clean\_slh_map\scans\2026-08-13T190226_486126Z00\system_map.json","18217","        ""json.loads"","
"C:\Users\USER\slh-bot-clean\_slh_map\scans\2026-08-13T190226_486126Z00\system_map.json","18218","        ""json.dumps"","
"C:\Users\USER\slh-bot-clean\_slh_map\scans\2026-08-13T190226_486126Z00\system_map.json","18322","        ""json.load"","
"C:\Users\USER\slh-bot-clean\_slh_map\scans\2026-08-13T190226_486126Z00\system_map.json","18335","        ""json.dump"","
"C:\Users\USER\slh-bot-clean\_slh_map\scans\2026-08-13T190226_486126Z00\system_map.json","18573","        ""json.dumps"","
"C:\Users\USER\slh-bot-clean\_slh_map\scans\2026-08-13T190226_486126Z00\system_map.json","18690","        ""json.dumps"""
"C:\Users\USER\slh-bot-clean\_slh_map\scans\2026-08-13T190226_486126Z00\system_map.json","18814","        ""json.dumps"","
"C:\Users\USER\slh-bot-clean\_slh_map\scans\2026-08-13T190226_486126Z00\system_map.json","18898","        ""json.dumps"","
"C:\Users\USER\slh-bot-clean\_slh_map\scans\2026-08-13T190226_486126Z00\system_map.json","19128","        ""json.dumps"","
"C:\Users\USER\slh-bot-clean\_slh_map\scans\2026-08-13T190226_486126Z00\system_map.json","19221","        ""json.load"","
"C:\Users\USER\slh-bot-clean\_slh_map\scans\2026-08-13T190226_486126Z00\system_map.json","19222","        ""json.load"","
"C:\Users\USER\slh-bot-clean\_slh_map\scans\2026-08-13T190226_486126Z00\system_map.json","19225","        ""json.load"","
"C:\Users\USER\slh-bot-clean\_slh_map\scans\2026-08-13T190226_486126Z00\system_map.json","19227","        ""json.dumps"","
"C:\Users\USER\slh-bot-clean\_slh_map\scans\2026-08-13T190226_486126Z00\system_map.json","19354","        ""json.dumps"","
"C:\Users\USER\slh-bot-clean\_slh_map\scans\2026-08-13T190226_486126Z00\system_map.json","19585","        ""json.dumps"","
"C:\Users\USER\slh-bot-clean\_slh_map\scans\2026-08-13T190226_486126Z00\system_map.json","19826","        ""json.dumps"","
"C:\Users\USER\slh-bot-clean\_slh_map\scans\2026-08-13T190226_486126Z00\system_map.json","19895","        ""json.loads"","
"C:\Users\USER\slh-bot-clean\_slh_map\scans\2026-08-13T190226_486126Z00\system_map.json","19973","        ""json.dumps"","
"C:\Users\USER\slh-bot-clean\_slh_map\scans\2026-08-13T190226_486126Z00\system_map.json","20099","        ""json.dumps"","
"C:\Users\USER\slh-bot-clean\_slh_map\scans\2026-08-13T190226_486126Z00\system_map.json","20201","        ""json.dumps"","
"C:\Users\USER\slh-bot-clean\_slh_map\scans\2026-08-13T190226_486126Z00\system_map.json","20301","        ""json.load"","
"C:\Users\USER\slh-bot-clean\_slh_map\scans\2026-08-13T190226_486126Z00\system_map.json","20367","        ""json.dumps"","
"C:\Users\USER\slh-bot-clean\_slh_map\scans\2026-08-13T190226_486126Z00\system_map.json","20369","        ""json.loads"","
"C:\Users\USER\slh-bot-clean\_slh_map\scans\2026-08-13T190226_486126Z00\system_map.json","20610","        ""json.loads"","
"C:\Users\USER\slh-bot-clean\_slh_map\scans\2026-08-13T190226_486126Z00\system_map.json","20617","        ""json.loads"","
"C:\Users\USER\slh-bot-clean\_slh_map\scans\2026-08-13T190226_486126Z00\system_map.json","20624","        ""json.loads"","
"C:\Users\USER\slh-bot-clean\_slh_map\scans\2026-08-13T190226_486126Z00\system_map.json","20631","        ""json.loads"","
"C:\Users\USER\slh-bot-clean\_slh_map\scans\2026-08-13T190226_486126Z00\system_map.json","20671","        ""json.loads"","
"C:\Users\USER\slh-bot-clean\_slh_map\scans\2026-08-13T190226_486126Z00\system_map.json","20743","        ""json.loads"","
"C:\Users\USER\slh-bot-clean\_slh_map\scans\2026-08-13T190226_486126Z00\system_map.json","20754","        ""json.dumps"","
"C:\Users\USER\slh-bot-clean\_slh_map\scans\2026-08-13T190226_486126Z00\system_map.json","20757","        ""json.dumps"","
"C:\Users\USER\slh-bot-clean\_slh_map\scans\2026-08-13T190226_486126Z00\system_map.json","20760","        ""json.dumps"","
"C:\Users\USER\slh-bot-clean\_slh_map\scans\2026-08-13T190226_486126Z00\system_map.json","20763","        ""json.dumps"","
"C:\Users\USER\slh-bot-clean\_slh_map\scans\2026-08-13T190226_486126Z00\system_map.json","20831","        ""json.dumps"","
"C:\Users\USER\slh-bot-clean\_slh_map\scans\2026-08-13T190226_486126Z00\system_map.json","21000","        ""json.dumps"","
"C:\Users\USER\slh-bot-clean\_slh_map\scans\2026-08-13T190226_486126Z00\system_map.json","21543","        ""json.loads"","
"C:\Users\USER\slh-bot-clean\_slh_map\scans\2026-08-13T190226_486126Z00\system_map.json","21557","        ""json.dumps"","
"C:\Users\USER\slh-bot-clean\_slh_map\scans\2026-08-13T190226_486126Z00\system_map.json","21656","        ""json.dumps"","
"C:\Users\USER\slh-bot-clean\_slh_map\scans\2026-08-13T190226_486126Z00\system_map.json","21746","        ""json.dumps"","
"C:\Users\USER\slh-bot-clean\_slh_map\scans\2026-08-13T190226_486126Z00\system_map.json","21926","        ""json.load"","
"C:\Users\USER\slh-bot-clean\_slh_map\scans\2026-08-13T190226_486126Z00\system_map.json","22049","      ""target"": ""state_manager"","
"C:\Users\USER\slh-bot-clean\_slh_map\scans\2026-08-13T190226_486126Z00\system_map.json","22089","      ""target"": ""state_manager"","
"C:\Users\USER\slh-bot-clean\_slh_map\scans\2026-08-13T190226_486126Z00\system_map.json","22214","      ""target"": ""state_manager"","
"C:\Users\USER\slh-bot-clean\_slh_map\scans\2026-08-13T190226_486126Z00\system_map.json","22239","      ""target"": ""state_manager"","
"C:\Users\USER\slh-bot-clean\_slh_map\scans\2026-08-13T190226_486126Z00\system_map.json","22254","      ""target"": ""state_manager"","
"C:\Users\USER\slh-bot-clean\_slh_map\scans\2026-08-13T190226_486126Z00\system_map.json","22324","      ""target"": ""state_manager"","
"C:\Users\USER\slh-bot-clean\_slh_map\scans\2026-08-13T190226_486126Z00\system_map.json","22329","      ""target"": ""state_manager"","
"C:\Users\USER\slh-bot-clean\_slh_map\scans\2026-08-13T190226_486126Z00\system_map.json","22459","      ""target"": ""state_manager"","
"C:\Users\USER\slh-bot-clean\_slh_map\scans\2026-08-13T190226_486126Z00\system_map.json","22534","      ""target"": ""state_manager"","
"C:\Users\USER\slh-bot-clean\_slh_map\scans\2026-08-13T190226_486126Z00\system_map.json","22539","      ""target"": ""state_manager"","
"C:\Users\USER\slh-bot-clean\_slh_map\scans\2026-08-13T190226_486126Z00\system_map.json","22549","      ""target"": ""state_manager"","
"C:\Users\USER\slh-bot-clean\_slh_map\scans\2026-08-13T190226_486126Z00\system_map.json","22619","      ""target"": ""state_manager"","
"C:\Users\USER\slh-bot-clean\_slh_map\scans\2026-08-13T190226_486126Z00\system_map.json","22634","      ""target"": ""state_manager"","
"C:\Users\USER\slh-bot-clean\_slh_map\scans\2026-08-13T190226_486126Z00\system_map.json","22799","      ""target"": ""state_manager"","
"C:\Users\USER\slh-bot-clean\_slh_map\scans\2026-08-13T190226_486126Z00\system_map.json","22844","      ""target"": ""state_manager"","
"C:\Users\USER\slh-bot-clean\_slh_map\scans\2026-08-13T190226_486126Z00\system_map.json","22864","      ""target"": ""state_manager"","
"C:\Users\USER\slh-bot-clean\_slh_map\scans\2026-08-13T190226_486126Z00\system_map.json","22894","      ""target"": ""state_manager"","
"C:\Users\USER\slh-bot-clean\_slh_map\scans\2026-08-13T190226_486126Z00\system_map.json","23044","      ""target"": ""state_manager"","
"C:\Users\USER\slh-bot-clean\_slh_map\scans\2026-08-13T190341_924476Z00\system_map.json","235","        ""json.load"","
"C:\Users\USER\slh-bot-clean\_slh_map\scans\2026-08-13T190341_924476Z00\system_map.json","238","        ""json.load"","
"C:\Users\USER\slh-bot-clean\_slh_map\scans\2026-08-13T190341_924476Z00\system_map.json","240","        ""json.dump"","
"C:\Users\USER\slh-bot-clean\_slh_map\scans\2026-08-13T190341_924476Z00\system_map.json","453","        ""json.loads"","
"C:\Users\USER\slh-bot-clean\_slh_map\scans\2026-08-13T190341_924476Z00\system_map.json","552","        ""json.loads"","
"C:\Users\USER\slh-bot-clean\_slh_map\scans\2026-08-13T190341_924476Z00\system_map.json","602","        ""json.dumps"","
"C:\Users\USER\slh-bot-clean\_slh_map\scans\2026-08-13T190341_924476Z00\system_map.json","642","        ""json.loads"","
"C:\Users\USER\slh-bot-clean\_slh_map\scans\2026-08-13T190341_924476Z00\system_map.json","752","        ""json.loads"","
"C:\Users\USER\slh-bot-clean\_slh_map\scans\2026-08-13T190341_924476Z00\system_map.json","755","        ""json.dumps"""
"C:\Users\USER\slh-bot-clean\_slh_map\scans\2026-08-13T190341_924476Z00\system_map.json","785","        ""json.load"","
"C:\Users\USER\slh-bot-clean\_slh_map\scans\2026-08-13T190341_924476Z00\system_map.json","924","        ""json.load"","
"C:\Users\USER\slh-bot-clean\_slh_map\scans\2026-08-13T190341_924476Z00\system_map.json","935","        ""json.load"","
"C:\Users\USER\slh-bot-clean\_slh_map\scans\2026-08-13T190341_924476Z00\system_map.json","942","        ""json.load"","
"C:\Users\USER\slh-bot-clean\_slh_map\scans\2026-08-13T190341_924476Z00\system_map.json","1009","        ""state_manager"","
"C:\Users\USER\slh-bot-clean\_slh_map\scans\2026-08-13T190341_924476Z00\system_map.json","1187","        ""json.load"","
"C:\Users\USER\slh-bot-clean\_slh_map\scans\2026-08-13T190341_924476Z00\system_map.json","1196","        ""json.dump"","
"C:\Users\USER\slh-bot-clean\_slh_map\scans\2026-08-13T190341_924476Z00\system_map.json","1200","        ""json.load"","
"C:\Users\USER\slh-bot-clean\_slh_map\scans\2026-08-13T190341_924476Z00\system_map.json","1212","        ""json.dump"","
"C:\Users\USER\slh-bot-clean\_slh_map\scans\2026-08-13T190341_924476Z00\system_map.json","1267","        ""json.load"","
"C:\Users\USER\slh-bot-clean\_slh_map\scans\2026-08-13T190341_924476Z00\system_map.json","1275","        ""json.load"","
"C:\Users\USER\slh-bot-clean\_slh_map\scans\2026-08-13T190341_924476Z00\system_map.json","1297","        ""json.load"","
"C:\Users\USER\slh-bot-clean\_slh_map\scans\2026-08-13T190341_924476Z00\system_map.json","1303","        ""json.load"","
"C:\Users\USER\slh-bot-clean\_slh_map\scans\2026-08-13T190341_924476Z00\system_map.json","1312","        ""json.loads"","
"C:\Users\USER\slh-bot-clean\_slh_map\scans\2026-08-13T190341_924476Z00\system_map.json","1336","        ""json.load"","
"C:\Users\USER\slh-bot-clean\_slh_map\scans\2026-08-13T190341_924476Z00\system_map.json","1345","        ""json.load"","
"C:\Users\USER\slh-bot-clean\_slh_map\scans\2026-08-13T190341_924476Z00\system_map.json","1435","        ""state_manager"""
"C:\Users\USER\slh-bot-clean\_slh_map\scans\2026-08-13T190341_924476Z00\system_map.json","1454","        ""state_manager.load_db"","
"C:\Users\USER\slh-bot-clean\_slh_map\scans\2026-08-13T190341_924476Z00\system_map.json","1462","        ""json.load"","
"C:\Users\USER\slh-bot-clean\_slh_map\scans\2026-08-13T190341_924476Z00\system_map.json","1503","        ""json.load"","
"C:\Users\USER\slh-bot-clean\_slh_map\scans\2026-08-13T190341_924476Z00\system_map.json","1505","        ""json.dump"","
"C:\Users\USER\slh-bot-clean\_slh_map\scans\2026-08-13T190341_924476Z00\system_map.json","1665","        ""json.load"","
"C:\Users\USER\slh-bot-clean\_slh_map\scans\2026-08-13T190341_924476Z00\system_map.json","1739","        ""json.load"","
"C:\Users\USER\slh-bot-clean\_slh_map\scans\2026-08-13T190341_924476Z00\system_map.json","1927","        ""json.dumps"","
"C:\Users\USER\slh-bot-clean\_slh_map\scans\2026-08-13T190341_924476Z00\system_map.json","1932","        ""json.load"","
"C:\Users\USER\slh-bot-clean\_slh_map\scans\2026-08-13T190341_924476Z00\system_map.json","1960","        ""json.dump"","
"C:\Users\USER\slh-bot-clean\_slh_map\scans\2026-08-13T190341_924476Z00\system_map.json","1992","        ""json.load"","
"C:\Users\USER\slh-bot-clean\_slh_map\scans\2026-08-13T190341_924476Z00\system_map.json","2058","        ""json.loads"","
"C:\Users\USER\slh-bot-clean\_slh_map\scans\2026-08-13T190341_924476Z00\system_map.json","2059","        ""json.dumps"","
"C:\Users\USER\slh-bot-clean\_slh_map\scans\2026-08-13T190341_924476Z00\system_map.json","2194","        ""json.dumps"","
"C:\Users\USER\slh-bot-clean\_slh_map\scans\2026-08-13T190341_924476Z00\system_map.json","2195","        ""json.loads"","
"C:\Users\USER\slh-bot-clean\_slh_map\scans\2026-08-13T190341_924476Z00\system_map.json","2268","        ""json.load"""
"C:\Users\USER\slh-bot-clean\_slh_map\scans\2026-08-13T190341_924476Z00\system_map.json","2329","        ""json.load"","
"C:\Users\USER\slh-bot-clean\_slh_map\scans\2026-08-13T190341_924476Z00\system_map.json","2333","        ""json.load"","
"C:\Users\USER\slh-bot-clean\_slh_map\scans\2026-08-13T190341_924476Z00\system_map.json","2376","        ""json.load"","
"C:\Users\USER\slh-bot-clean\_slh_map\scans\2026-08-13T190341_924476Z00\system_map.json","2563","        ""json.dumps"","
"C:\Users\USER\slh-bot-clean\_slh_map\scans\2026-08-13T190341_924476Z00\system_map.json","2915","        ""json.loads"","
"C:\Users\USER\slh-bot-clean\_slh_map\scans\2026-08-13T190341_924476Z00\system_map.json","2981","        ""json.dumps"","
"C:\Users\USER\slh-bot-clean\_slh_map\scans\2026-08-13T190341_924476Z00\system_map.json","2998","        ""json.dumps"","
"C:\Users\USER\slh-bot-clean\_slh_map\scans\2026-08-13T190341_924476Z00\system_map.json","3034","        ""json.dumps"","
"C:\Users\USER\slh-bot-clean\_slh_map\scans\2026-08-13T190341_924476Z00\system_map.json","3039","        ""json.dumps"","
"C:\Users\USER\slh-bot-clean\_slh_map\scans\2026-08-13T190341_924476Z00\system_map.json","3051","        ""json.dumps"","
"C:\Users\USER\slh-bot-clean\_slh_map\scans\2026-08-13T190341_924476Z00\system_map.json","3052","        ""json.dumps"","
"C:\Users\USER\slh-bot-clean\_slh_map\scans\2026-08-13T190341_924476Z00\system_map.json","3061","        ""json.dumps"","
"C:\Users\USER\slh-bot-clean\_slh_map\scans\2026-08-13T190341_924476Z00\system_map.json","3062","        ""json.dumps"","
"C:\Users\USER\slh-bot-clean\_slh_map\scans\2026-08-13T190341_924476Z00\system_map.json","3069","        ""json.loads"","
"C:\Users\USER\slh-bot-clean\_slh_map\scans\2026-08-13T190341_924476Z00\system_map.json","3072","        ""json.dumps"","
"C:\Users\USER\slh-bot-clean\_slh_map\scans\2026-08-13T190341_924476Z00\system_map.json","3117","        ""json.loads"","
"C:\Users\USER\slh-bot-clean\_slh_map\scans\2026-08-13T190341_924476Z00\system_map.json","3120","        ""json.dumps"","
"C:\Users\USER\slh-bot-clean\_slh_map\scans\2026-08-13T190341_924476Z00\system_map.json","3398","        ""state_manager"""
"C:\Users\USER\slh-bot-clean\_slh_map\scans\2026-08-13T190341_924476Z00\system_map.json","3431","        ""state_manager.atomic_update"","
"C:\Users\USER\slh-bot-clean\_slh_map\scans\2026-08-13T190341_924476Z00\system_map.json","3446","        ""json.load"","
"C:\Users\USER\slh-bot-clean\_slh_map\scans\2026-08-13T190341_924476Z00\system_map.json","3448","        ""json.dump"","
"C:\Users\USER\slh-bot-clean\_slh_map\scans\2026-08-13T190341_924476Z00\system_map.json","3524","        ""json.loads"","
"C:\Users\USER\slh-bot-clean\_slh_map\scans\2026-08-13T190341_924476Z00\system_map.json","3551","        ""json.dumps"","
"C:\Users\USER\slh-bot-clean\_slh_map\scans\2026-08-13T190341_924476Z00\system_map.json","3636","        ""json.loads"","
"C:\Users\USER\slh-bot-clean\_slh_map\scans\2026-08-13T190341_924476Z00\system_map.json","3681","        ""json.dumps"","
"C:\Users\USER\slh-bot-clean\_slh_map\scans\2026-08-13T190341_924476Z00\system_map.json","3717","        ""json.loads"","
"C:\Users\USER\slh-bot-clean\_slh_map\scans\2026-08-13T190341_924476Z00\system_map.json","3718","        ""json.dumps"","
"C:\Users\USER\slh-bot-clean\_slh_map\scans\2026-08-13T190341_924476Z00\system_map.json","3866","        ""json.dumps"","
"C:\Users\USER\slh-bot-clean\_slh_map\scans\2026-08-13T190341_924476Z00\system_map.json","3882","        ""json.load"","
"C:\Users\USER\slh-bot-clean\_slh_map\scans\2026-08-13T190341_924476Z00\system_map.json","3964","        ""json.dump"","
"C:\Users\USER\slh-bot-clean\_slh_map\scans\2026-08-13T190341_924476Z00\system_map.json","3985","        ""json.load"","
"C:\Users\USER\slh-bot-clean\_slh_map\scans\2026-08-13T190341_924476Z00\system_map.json","4024","        ""json.load"","
"C:\Users\USER\slh-bot-clean\_slh_map\scans\2026-08-13T190341_924476Z00\system_map.json","4026","        ""json.dump"","
"C:\Users\USER\slh-bot-clean\_slh_map\scans\2026-08-13T190341_924476Z00\system_map.json","4068","        ""json.load"","
"C:\Users\USER\slh-bot-clean\_slh_map\scans\2026-08-13T190341_924476Z00\system_map.json","4072","        ""json.load"","
"C:\Users\USER\slh-bot-clean\_slh_map\scans\2026-08-13T190341_924476Z00\system_map.json","4187","        ""json.dumps"","
"C:\Users\USER\slh-bot-clean\_slh_map\scans\2026-08-13T190341_924476Z00\system_map.json","4197","        ""json.loads"","
"C:\Users\USER\slh-bot-clean\_slh_map\scans\2026-08-13T190341_924476Z00\system_map.json","4303","        ""state_manager"""
"C:\Users\USER\slh-bot-clean\_slh_map\scans\2026-08-13T190341_924476Z00\system_map.json","4319","        ""state_manager.get_agents"","
"C:\Users\USER\slh-bot-clean\_slh_map\scans\2026-08-13T190341_924476Z00\system_map.json","4320","        ""state_manager.set_agents"","
"C:\Users\USER\slh-bot-clean\_slh_map\scans\2026-08-13T190341_924476Z00\system_map.json","4330","        ""json.load"","
"C:\Users\USER\slh-bot-clean\_slh_map\scans\2026-08-13T190341_924476Z00\system_map.json","4404","        ""json.dump"","
"C:\Users\USER\slh-bot-clean\_slh_map\scans\2026-08-13T190341_924476Z00\system_map.json","4417","        ""json.load"","
"C:\Users\USER\slh-bot-clean\_slh_map\scans\2026-08-13T190341_924476Z00\system_map.json","4622","        ""json.dump"","
"C:\Users\USER\slh-bot-clean\_slh_map\scans\2026-08-13T190341_924476Z00\system_map.json","4631","        ""json.load"","
"C:\Users\USER\slh-bot-clean\_slh_map\scans\2026-08-13T190341_924476Z00\system_map.json","4702","        ""state_manager"","
"C:\Users\USER\slh-bot-clean\_slh_map\scans\2026-08-13T190341_924476Z00\system_map.json","4723","        ""state_manager.load_db"","
"C:\Users\USER\slh-bot-clean\_slh_map\scans\2026-08-13T190341_924476Z00\system_map.json","4727","        ""state_manager.load_db"","
"C:\Users\USER\slh-bot-clean\_slh_map\scans\2026-08-13T190341_924476Z00\system_map.json","4733","        ""state_manager.save_db"","
"C:\Users\USER\slh-bot-clean\_slh_map\scans\2026-08-13T190341_924476Z00\system_map.json","4737","        ""state_manager.load_db"","
"C:\Users\USER\slh-bot-clean\_slh_map\scans\2026-08-13T190341_924476Z00\system_map.json","4739","        ""state_manager.save_db"","
"C:\Users\USER\slh-bot-clean\_slh_map\scans\2026-08-13T190341_924476Z00\system_map.json","5005","        ""json.load"","
"C:\Users\USER\slh-bot-clean\_slh_map\scans\2026-08-13T190341_924476Z00\system_map.json","5188","        ""json.load"","
"C:\Users\USER\slh-bot-clean\_slh_map\scans\2026-08-13T190341_924476Z00\system_map.json","5190","        ""json.dump"","
"C:\Users\USER\slh-bot-clean\_slh_map\scans\2026-08-13T190341_924476Z00\system_map.json","5297","        ""json.dumps"""
"C:\Users\USER\slh-bot-clean\_slh_map\scans\2026-08-13T190341_924476Z00\system_map.json","5450","        ""json.load"","
"C:\Users\USER\slh-bot-clean\_slh_map\scans\2026-08-13T190341_924476Z00\system_map.json","5452","        ""json.dump"","
"C:\Users\USER\slh-bot-clean\_slh_map\scans\2026-08-13T190341_924476Z00\system_map.json","5510","        ""json.load"","
"C:\Users\USER\slh-bot-clean\_slh_map\scans\2026-08-13T190341_924476Z00\system_map.json","5562","        ""json.load"","
"C:\Users\USER\slh-bot-clean\_slh_map\scans\2026-08-13T190341_924476Z00\system_map.json","5628","        ""json.load"","
"C:\Users\USER\slh-bot-clean\_slh_map\scans\2026-08-13T190341_924476Z00\system_map.json","5682","        ""state_manager"""
"C:\Users\USER\slh-bot-clean\_slh_map\scans\2026-08-13T190341_924476Z00\system_map.json","5708","        ""state_manager.load_db"","
"C:\Users\USER\slh-bot-clean\_slh_map\scans\2026-08-13T190341_924476Z00\system_map.json","5786","        ""json.load"","
"C:\Users\USER\slh-bot-clean\_slh_map\scans\2026-08-13T190341_924476Z00\system_map.json","5894","        ""json.dump"","
"C:\Users\USER\slh-bot-clean\_slh_map\scans\2026-08-13T190341_924476Z00\system_map.json","5921","        ""json.load"","
"C:\Users\USER\slh-bot-clean\_slh_map\scans\2026-08-13T190341_924476Z00\system_map.json","6005","        ""json.dump"","
"C:\Users\USER\slh-bot-clean\_slh_map\scans\2026-08-13T190341_924476Z00\system_map.json","6026","        ""json.load"","
"C:\Users\USER\slh-bot-clean\_slh_map\scans\2026-08-13T190341_924476Z00\system_map.json","6036","        ""json.load"","
"C:\Users\USER\slh-bot-clean\_slh_map\scans\2026-08-13T190341_924476Z00\system_map.json","6093","        ""state_manager"","
"C:\Users\USER\slh-bot-clean\_slh_map\scans\2026-08-13T190341_924476Z00\system_map.json","6113","        ""state_manager.atomic_update"","
"C:\Users\USER\slh-bot-clean\_slh_map\scans\2026-08-13T190341_924476Z00\system_map.json","6119","        ""state_manager.load_db"","
"C:\Users\USER\slh-bot-clean\_slh_map\scans\2026-08-13T190341_924476Z00\system_map.json","6124","        ""state_manager.save_db"","
"C:\Users\USER\slh-bot-clean\_slh_map\scans\2026-08-13T190341_924476Z00\system_map.json","6186","        ""json.dump"","
"C:\Users\USER\slh-bot-clean\_slh_map\scans\2026-08-13T190341_924476Z00\system_map.json","6189","        ""json.load"","
"C:\Users\USER\slh-bot-clean\_slh_map\scans\2026-08-13T190341_924476Z00\system_map.json","6359","        ""json.loads"","
"C:\Users\USER\slh-bot-clean\_slh_map\scans\2026-08-13T190341_924476Z00\system_map.json","6361","        ""json.loads"","
"C:\Users\USER\slh-bot-clean\_slh_map\scans\2026-08-13T190341_924476Z00\system_map.json","6377","        ""json.dumps"","
"C:\Users\USER\slh-bot-clean\_slh_map\scans\2026-08-13T190341_924476Z00\system_map.json","6627","        ""json.loads"","
"C:\Users\USER\slh-bot-clean\_slh_map\scans\2026-08-13T190341_924476Z00\system_map.json","6631","        ""json.dumps"""
"C:\Users\USER\slh-bot-clean\_slh_map\scans\2026-08-13T190341_924476Z00\system_map.json","6813","        ""json.load"","
"C:\Users\USER\slh-bot-clean\_slh_map\scans\2026-08-13T190341_924476Z00\system_map.json","6992","        ""json.load"","
"C:\Users\USER\slh-bot-clean\_slh_map\scans\2026-08-13T190341_924476Z00\system_map.json","7027","        ""json.loads"","
"C:\Users\USER\slh-bot-clean\_slh_map\scans\2026-08-13T190341_924476Z00\system_map.json","7034","        ""json.dumps"","
"C:\Users\USER\slh-bot-clean\_slh_map\scans\2026-08-13T190341_924476Z00\system_map.json","7095","        ""json.load"","
"C:\Users\USER\slh-bot-clean\_slh_map\scans\2026-08-13T190341_924476Z00\system_map.json","7145","        ""json.load"","
"C:\Users\USER\slh-bot-clean\_slh_map\scans\2026-08-13T190341_924476Z00\system_map.json","7236","        ""json.dump"","
"C:\Users\USER\slh-bot-clean\_slh_map\scans\2026-08-13T190341_924476Z00\system_map.json","7253","        ""json.load"","
"C:\Users\USER\slh-bot-clean\_slh_map\scans\2026-08-13T190341_924476Z00\system_map.json","7423","        ""json.load"","
"C:\Users\USER\slh-bot-clean\_slh_map\scans\2026-08-13T190341_924476Z00\system_map.json","7503","        ""json.load"","
"C:\Users\USER\slh-bot-clean\_slh_map\scans\2026-08-13T190341_924476Z00\system_map.json","7567","        ""state_manager"","
"C:\Users\USER\slh-bot-clean\_slh_map\scans\2026-08-13T190341_924476Z00\system_map.json","7602","        ""state_manager.load_db"","
"C:\Users\USER\slh-bot-clean\_slh_map\scans\2026-08-13T190341_924476Z00\system_map.json","7612","        ""state_manager.load_db"","
"C:\Users\USER\slh-bot-clean\_slh_map\scans\2026-08-13T190341_924476Z00\system_map.json","7619","        ""state_manager.load_db"","
"C:\Users\USER\slh-bot-clean\_slh_map\scans\2026-08-13T190341_924476Z00\system_map.json","7621","        ""state_manager.load_db"","
"C:\Users\USER\slh-bot-clean\_slh_map\scans\2026-08-13T190341_924476Z00\system_map.json","7628","        ""state_manager.load_db"","
"C:\Users\USER\slh-bot-clean\_slh_map\scans\2026-08-13T190341_924476Z00\system_map.json","7631","        ""state_manager.save_db"","
"C:\Users\USER\slh-bot-clean\_slh_map\scans\2026-08-13T190341_924476Z00\system_map.json","7653","        ""state_manager.save_db"","
"C:\Users\USER\slh-bot-clean\_slh_map\scans\2026-08-13T190341_924476Z00\system_map.json","7731","        ""json.load"","
"C:\Users\USER\slh-bot-clean\_slh_map\scans\2026-08-13T190341_924476Z00\system_map.json","7793","        ""json.load"","
"C:\Users\USER\slh-bot-clean\_slh_map\scans\2026-08-13T190341_924476Z00\system_map.json","7798","        ""json.load"","
"C:\Users\USER\slh-bot-clean\_slh_map\scans\2026-08-13T190341_924476Z00\system_map.json","7885","        ""json.load"","
"C:\Users\USER\slh-bot-clean\_slh_map\scans\2026-08-13T190341_924476Z00\system_map.json","7889","        ""json.dump"","
"C:\Users\USER\slh-bot-clean\_slh_map\scans\2026-08-13T190341_924476Z00\system_map.json","7892","        ""json.load"","
"C:\Users\USER\slh-bot-clean\_slh_map\scans\2026-08-13T190341_924476Z00\system_map.json","7896","        ""json.dump"","
"C:\Users\USER\slh-bot-clean\_slh_map\scans\2026-08-13T190341_924476Z00\system_map.json","8023","        ""json.load"","
"C:\Users\USER\slh-bot-clean\_slh_map\scans\2026-08-13T190341_924476Z00\system_map.json","8025","        ""json.dump"","
"C:\Users\USER\slh-bot-clean\_slh_map\scans\2026-08-13T190341_924476Z00\system_map.json","8109","        ""json.load"","
"C:\Users\USER\slh-bot-clean\_slh_map\scans\2026-08-13T190341_924476Z00\system_map.json","8113","        ""json.load"","
"C:\Users\USER\slh-bot-clean\_slh_map\scans\2026-08-13T190341_924476Z00\system_map.json","8115","        ""json.dump"","
"C:\Users\USER\slh-bot-clean\_slh_map\scans\2026-08-13T190341_924476Z00\system_map.json","8148","        ""json.load"","
"C:\Users\USER\slh-bot-clean\_slh_map\scans\2026-08-13T190341_924476Z00\system_map.json","8291","        ""json.load"","
"C:\Users\USER\slh-bot-clean\_slh_map\scans\2026-08-13T190341_924476Z00\system_map.json","8455","        ""state_manager"","
"C:\Users\USER\slh-bot-clean\_slh_map\scans\2026-08-13T190341_924476Z00\system_map.json","8497","        ""json.dump"","
"C:\Users\USER\slh-bot-clean\_slh_map\scans\2026-08-13T190341_924476Z00\system_map.json","8505","        ""json.load"","
"C:\Users\USER\slh-bot-clean\_slh_map\scans\2026-08-13T190341_924476Z00\system_map.json","8510","        ""state_manager.get_agents"","
"C:\Users\USER\slh-bot-clean\_slh_map\scans\2026-08-13T190341_924476Z00\system_map.json","8514","        ""json.load"","
"C:\Users\USER\slh-bot-clean\_slh_map\scans\2026-08-13T190341_924476Z00\system_map.json","8523","        ""state_manager.set_agents"","
"C:\Users\USER\slh-bot-clean\_slh_map\scans\2026-08-13T190341_924476Z00\system_map.json","8535","        ""json.dump"","
"C:\Users\USER\slh-bot-clean\_slh_map\scans\2026-08-13T190341_924476Z00\system_map.json","8700","        ""state_manager"""
"C:\Users\USER\slh-bot-clean\_slh_map\scans\2026-08-13T190341_924476Z00\system_map.json","8714","        ""state_manager.load_db"","
"C:\Users\USER\slh-bot-clean\_slh_map\scans\2026-08-13T190341_924476Z00\system_map.json","8721","        ""state_manager.load_db"","
"C:\Users\USER\slh-bot-clean\_slh_map\scans\2026-08-13T190341_924476Z00\system_map.json","8722","        ""state_manager.save_db"","
"C:\Users\USER\slh-bot-clean\_slh_map\scans\2026-08-13T190341_924476Z00\system_map.json","8746","        ""state_manager"","
"C:\Users\USER\slh-bot-clean\_slh_map\scans\2026-08-13T190341_924476Z00\system_map.json","8776","        ""state_manager.load_db"","
"C:\Users\USER\slh-bot-clean\_slh_map\scans\2026-08-13T190341_924476Z00\system_map.json","8787","        ""state_manager.load_db"","
"C:\Users\USER\slh-bot-clean\_slh_map\scans\2026-08-13T190341_924476Z00\system_map.json","8792","        ""state_manager.save_db"","
"C:\Users\USER\slh-bot-clean\_slh_map\scans\2026-08-13T190341_924476Z00\system_map.json","8796","        ""state_manager.load_db"","
"C:\Users\USER\slh-bot-clean\_slh_map\scans\2026-08-13T190341_924476Z00\system_map.json","8802","        ""state_manager.save_db"","
"C:\Users\USER\slh-bot-clean\_slh_map\scans\2026-08-13T190341_924476Z00\system_map.json","8806","        ""state_manager.load_db"","
"C:\Users\USER\slh-bot-clean\_slh_map\scans\2026-08-13T190341_924476Z00\system_map.json","8809","        ""state_manager.save_db"","
"C:\Users\USER\slh-bot-clean\_slh_map\scans\2026-08-13T190341_924476Z00\system_map.json","8812","        ""state_manager.load_db"","
"C:\Users\USER\slh-bot-clean\_slh_map\scans\2026-08-13T190341_924476Z00\system_map.json","8819","        ""state_manager.load_db"","
"C:\Users\USER\slh-bot-clean\_slh_map\scans\2026-08-13T190341_924476Z00\system_map.json","8821","        ""state_manager.save_db"","
"C:\Users\USER\slh-bot-clean\_slh_map\scans\2026-08-13T190341_924476Z00\system_map.json","8906","        ""json.dump"","
"C:\Users\USER\slh-bot-clean\_slh_map\scans\2026-08-13T190341_924476Z00\system_map.json","8908","        ""json.load"""
"C:\Users\USER\slh-bot-clean\_slh_map\scans\2026-08-13T190341_924476Z00\system_map.json","8995","        ""json.loads"","
"C:\Users\USER\slh-bot-clean\_slh_map\scans\2026-08-13T190341_924476Z00\system_map.json","9048","        ""json.dumps"","
"C:\Users\USER\slh-bot-clean\_slh_map\scans\2026-08-13T190341_924476Z00\system_map.json","9178","        ""json.loads"","
"C:\Users\USER\slh-bot-clean\_slh_map\scans\2026-08-13T190341_924476Z00\system_map.json","9187","        ""json.dumps"","
"C:\Users\USER\slh-bot-clean\_slh_map\scans\2026-08-13T190341_924476Z00\system_map.json","9215","        ""json.dumps"","
"C:\Users\USER\slh-bot-clean\_slh_map\scans\2026-08-13T190341_924476Z00\system_map.json","9254","        ""json.dumps"","
"C:\Users\USER\slh-bot-clean\_slh_map\scans\2026-08-13T190341_924476Z00\system_map.json","9255","        ""json.dumps"","
"C:\Users\USER\slh-bot-clean\_slh_map\scans\2026-08-13T190341_924476Z00\system_map.json","9327","        ""json.loads"","
"C:\Users\USER\slh-bot-clean\_slh_map\scans\2026-08-13T190341_924476Z00\system_map.json","9335","        ""json.dumps"","
"C:\Users\USER\slh-bot-clean\_slh_map\scans\2026-08-13T190341_924476Z00\system_map.json","9360","        ""json.dumps"","
"C:\Users\USER\slh-bot-clean\_slh_map\scans\2026-08-13T190341_924476Z00\system_map.json","9398","        ""json.dumps"","
"C:\Users\USER\slh-bot-clean\_slh_map\scans\2026-08-13T190341_924476Z00\system_map.json","9399","        ""json.dumps"","
"C:\Users\USER\slh-bot-clean\_slh_map\scans\2026-08-13T190341_924476Z00\system_map.json","9469","        ""json.loads"","
"C:\Users\USER\slh-bot-clean\_slh_map\scans\2026-08-13T190341_924476Z00\system_map.json","9478","        ""json.dumps"","
"C:\Users\USER\slh-bot-clean\_slh_map\scans\2026-08-13T190341_924476Z00\system_map.json","9599","        ""json.loads"","
"C:\Users\USER\slh-bot-clean\_slh_map\scans\2026-08-13T190341_924476Z00\system_map.json","9643","        ""json.dumps"","
"C:\Users\USER\slh-bot-clean\_slh_map\scans\2026-08-13T190341_924476Z00\system_map.json","9750","        ""json.loads"","
"C:\Users\USER\slh-bot-clean\_slh_map\scans\2026-08-13T190341_924476Z00\system_map.json","9773","        ""json.dumps"","
"C:\Users\USER\slh-bot-clean\_slh_map\scans\2026-08-13T190341_924476Z00\system_map.json","9813","        ""json.dumps"","
"C:\Users\USER\slh-bot-clean\_slh_map\scans\2026-08-13T190341_924476Z00\system_map.json","9871","        ""json.loads"","
"C:\Users\USER\slh-bot-clean\_slh_map\scans\2026-08-13T190341_924476Z00\system_map.json","9979","        ""json.loads"","
"C:\Users\USER\slh-bot-clean\_slh_map\scans\2026-08-13T190341_924476Z00\system_map.json","10155","        ""json.loads"","
"C:\Users\USER\slh-bot-clean\_slh_map\scans\2026-08-13T190341_924476Z00\system_map.json","10172","        ""json.dumps"","
"C:\Users\USER\slh-bot-clean\_slh_map\scans\2026-08-13T190341_924476Z00\system_map.json","10220","        ""json.dumps"","
"C:\Users\USER\slh-bot-clean\_slh_map\scans\2026-08-13T190341_924476Z00\system_map.json","10281","        ""json.loads"","
"C:\Users\USER\slh-bot-clean\_slh_map\scans\2026-08-13T190341_924476Z00\system_map.json","10290","        ""json.dumps"","
"C:\Users\USER\slh-bot-clean\_slh_map\scans\2026-08-13T190341_924476Z00\system_map.json","10413","        ""json.loads"","
"C:\Users\USER\slh-bot-clean\_slh_map\scans\2026-08-13T190341_924476Z00\system_map.json","10556","        ""json.load"","
"C:\Users\USER\slh-bot-clean\_slh_map\scans\2026-08-13T190341_924476Z00\system_map.json","10615","        ""json.load"","
"C:\Users\USER\slh-bot-clean\_slh_map\scans\2026-08-13T190341_924476Z00\system_map.json","10661","        ""json.load"","
"C:\Users\USER\slh-bot-clean\_slh_map\scans\2026-08-13T190341_924476Z00\system_map.json","10663","        ""json.dump"","
"C:\Users\USER\slh-bot-clean\_slh_map\scans\2026-08-13T190341_924476Z00\system_map.json","10789","        ""json.load"","
"C:\Users\USER\slh-bot-clean\_slh_map\scans\2026-08-13T190341_924476Z00\system_map.json","10821","        ""json.load"","
"C:\Users\USER\slh-bot-clean\_slh_map\scans\2026-08-13T190341_924476Z00\system_map.json","10933","        ""json.load"","
"C:\Users\USER\slh-bot-clean\_slh_map\scans\2026-08-13T190341_924476Z00\system_map.json","10934","        ""json.dump"","
"C:\Users\USER\slh-bot-clean\_slh_map\scans\2026-08-13T190341_924476Z00\system_map.json","10979","        ""json.dump"","
"C:\Users\USER\slh-bot-clean\_slh_map\scans\2026-08-13T190341_924476Z00\system_map.json","10986","        ""json.load"","
"C:\Users\USER\slh-bot-clean\_slh_map\scans\2026-08-13T190341_924476Z00\system_map.json","11041","        ""json.load"","
"C:\Users\USER\slh-bot-clean\_slh_map\scans\2026-08-13T190341_924476Z00\system_map.json","11042","        ""json.dump"","
"C:\Users\USER\slh-bot-clean\_slh_map\scans\2026-08-13T190341_924476Z00\system_map.json","11056","        ""json.load"","
"C:\Users\USER\slh-bot-clean\_slh_map\scans\2026-08-13T190341_924476Z00\system_map.json","11069","        ""json.load"","
"C:\Users\USER\slh-bot-clean\_slh_map\scans\2026-08-13T190341_924476Z00\system_map.json","11082","        ""json.load"","
"C:\Users\USER\slh-bot-clean\_slh_map\scans\2026-08-13T190341_924476Z00\system_map.json","11094","        ""json.load"","
"C:\Users\USER\slh-bot-clean\_slh_map\scans\2026-08-13T190341_924476Z00\system_map.json","11105","        ""json.load"","
"C:\Users\USER\slh-bot-clean\_slh_map\scans\2026-08-13T190341_924476Z00\system_map.json","11169","        ""json.dump"","
"C:\Users\USER\slh-bot-clean\_slh_map\scans\2026-08-13T190341_924476Z00\system_map.json","11188","        ""json.load"","
"C:\Users\USER\slh-bot-clean\_slh_map\scans\2026-08-13T190341_924476Z00\system_map.json","11190","        ""json.dump"","
"C:\Users\USER\slh-bot-clean\_slh_map\scans\2026-08-13T190341_924476Z00\system_map.json","11254","        ""json.dump"","
"C:\Users\USER\slh-bot-clean\_slh_map\scans\2026-08-13T190341_924476Z00\system_map.json","11260","        ""json.load"","
"C:\Users\USER\slh-bot-clean\_slh_map\scans\2026-08-13T190341_924476Z00\system_map.json","11282","        ""json.load"","
"C:\Users\USER\slh-bot-clean\_slh_map\scans\2026-08-13T190341_924476Z00\system_map.json","11285","        ""json.load"","
"C:\Users\USER\slh-bot-clean\_slh_map\scans\2026-08-13T190341_924476Z00\system_map.json","11289","        ""json.load"","
"C:\Users\USER\slh-bot-clean\_slh_map\scans\2026-08-13T190341_924476Z00\system_map.json","11340","        ""json.loads"","
"C:\Users\USER\slh-bot-clean\_slh_map\scans\2026-08-13T190341_924476Z00\system_map.json","11502","        ""json.dump"","
"C:\Users\USER\slh-bot-clean\_slh_map\scans\2026-08-13T190341_924476Z00\system_map.json","11511","        ""json.load"","
"C:\Users\USER\slh-bot-clean\_slh_map\scans\2026-08-13T190341_924476Z00\system_map.json","11644","        ""json.load"","
"C:\Users\USER\slh-bot-clean\_slh_map\scans\2026-08-13T190341_924476Z00\system_map.json","11754","        ""json.load"","
"C:\Users\USER\slh-bot-clean\_slh_map\scans\2026-08-13T190341_924476Z00\system_map.json","11758","        ""json.load"","
"C:\Users\USER\slh-bot-clean\_slh_map\scans\2026-08-13T190341_924476Z00\system_map.json","11764","        ""json.dump"","
"C:\Users\USER\slh-bot-clean\_slh_map\scans\2026-08-13T190341_924476Z00\system_map.json","11766","        ""json.load"","
"C:\Users\USER\slh-bot-clean\_slh_map\scans\2026-08-13T190341_924476Z00\system_map.json","11815","        ""json.load"","
"C:\Users\USER\slh-bot-clean\_slh_map\scans\2026-08-13T190341_924476Z00\system_map.json","11818","        ""json.dump"","
"C:\Users\USER\slh-bot-clean\_slh_map\scans\2026-08-13T190341_924476Z00\system_map.json","11864","        ""json.load"","
"C:\Users\USER\slh-bot-clean\_slh_map\scans\2026-08-13T190341_924476Z00\system_map.json","11889","        ""json.loads"","
"C:\Users\USER\slh-bot-clean\_slh_map\scans\2026-08-13T190341_924476Z00\system_map.json","11959","        ""json.load"","
"C:\Users\USER\slh-bot-clean\_slh_map\scans\2026-08-13T190341_924476Z00\system_map.json","11961","        ""json.dump"","
"C:\Users\USER\slh-bot-clean\_slh_map\scans\2026-08-13T190341_924476Z00\system_map.json","11996","        ""state_manager"","
"C:\Users\USER\slh-bot-clean\_slh_map\scans\2026-08-13T190341_924476Z00\system_map.json","12018","        ""state_manager.load_db"","
"C:\Users\USER\slh-bot-clean\_slh_map\scans\2026-08-13T190341_924476Z00\system_map.json","12023","        ""state_manager.load_db"","
"C:\Users\USER\slh-bot-clean\_slh_map\scans\2026-08-13T190341_924476Z00\system_map.json","12028","        ""state_manager.save_db"","
"C:\Users\USER\slh-bot-clean\_slh_map\scans\2026-08-13T190341_924476Z00\system_map.json","12031","        ""state_manager.load_db"","
"C:\Users\USER\slh-bot-clean\_slh_map\scans\2026-08-13T190341_924476Z00\system_map.json","12036","        ""state_manager.save_db"","
"C:\Users\USER\slh-bot-clean\_slh_map\scans\2026-08-13T190341_924476Z00\system_map.json","12040","        ""state_manager.load_db"","
"C:\Users\USER\slh-bot-clean\_slh_map\scans\2026-08-13T190341_924476Z00\system_map.json","12041","        ""state_manager.save_db"","
"C:\Users\USER\slh-bot-clean\_slh_map\scans\2026-08-13T190341_924476Z00\system_map.json","12120","        ""state_manager"","
"C:\Users\USER\slh-bot-clean\_slh_map\scans\2026-08-13T190341_924476Z00\system_map.json","12151","        ""state_manager.load_db"","
"C:\Users\USER\slh-bot-clean\_slh_map\scans\2026-08-13T190341_924476Z00\system_map.json","12161","        ""state_manager.load_db"","
"C:\Users\USER\slh-bot-clean\_slh_map\scans\2026-08-13T190341_924476Z00\system_map.json","12168","        ""state_manager.load_db"","
"C:\Users\USER\slh-bot-clean\_slh_map\scans\2026-08-13T190341_924476Z00\system_map.json","12170","        ""state_manager.load_db"","
"C:\Users\USER\slh-bot-clean\_slh_map\scans\2026-08-13T190341_924476Z00\system_map.json","12177","        ""state_manager.load_db"","
"C:\Users\USER\slh-bot-clean\_slh_map\scans\2026-08-13T190341_924476Z00\system_map.json","12179","        ""state_manager.save_db"","
"C:\Users\USER\slh-bot-clean\_slh_map\scans\2026-08-13T190341_924476Z00\system_map.json","12202","        ""state_manager.save_db"","
"C:\Users\USER\slh-bot-clean\_slh_map\scans\2026-08-13T190341_924476Z00\system_map.json","12393","        ""json.load"","
"C:\Users\USER\slh-bot-clean\_slh_map\scans\2026-08-13T190341_924476Z00\system_map.json","12475","        ""json.dumps"","
"C:\Users\USER\slh-bot-clean\_slh_map\scans\2026-08-13T190341_924476Z00\system_map.json","12615","        ""json.load"","
"C:\Users\USER\slh-bot-clean\_slh_map\scans\2026-08-13T190341_924476Z00\system_map.json","12705","        ""json.load"","
"C:\Users\USER\slh-bot-clean\_slh_map\scans\2026-08-13T190341_924476Z00\system_map.json","12707","        ""json.dump"","
"C:\Users\USER\slh-bot-clean\_slh_map\scans\2026-08-13T190341_924476Z00\system_map.json","12709","        ""json.load"","
"C:\Users\USER\slh-bot-clean\_slh_map\scans\2026-08-13T190341_924476Z00\system_map.json","12716","        ""json.dump"","
"C:\Users\USER\slh-bot-clean\_slh_map\scans\2026-08-13T190341_924476Z00\system_map.json","12717","        ""json.dumps"","
"C:\Users\USER\slh-bot-clean\_slh_map\scans\2026-08-13T190341_924476Z00\system_map.json","12812","        ""json.load"","
"C:\Users\USER\slh-bot-clean\_slh_map\scans\2026-08-13T190341_924476Z00\system_map.json","12823","        ""json.load"","
"C:\Users\USER\slh-bot-clean\_slh_map\scans\2026-08-13T190341_924476Z00\system_map.json","12826","        ""json.load"","
"C:\Users\USER\slh-bot-clean\_slh_map\scans\2026-08-13T190341_924476Z00\system_map.json","12909","        ""json.load"","
"C:\Users\USER\slh-bot-clean\_slh_map\scans\2026-08-13T190341_924476Z00\system_map.json","13020","        ""json.dumps"","
"C:\Users\USER\slh-bot-clean\_slh_map\scans\2026-08-13T190341_924476Z00\system_map.json","13028","        ""json.dumps"","
"C:\Users\USER\slh-bot-clean\_slh_map\scans\2026-08-13T190341_924476Z00\system_map.json","13104","        ""json.load"","
"C:\Users\USER\slh-bot-clean\_slh_map\scans\2026-08-13T190341_924476Z00\system_map.json","13321","        ""json.dump"","
"C:\Users\USER\slh-bot-clean\_slh_map\scans\2026-08-13T190341_924476Z00\system_map.json","13329","        ""json.load"","
"C:\Users\USER\slh-bot-clean\_slh_map\scans\2026-08-13T190341_924476Z00\system_map.json","13437","        ""json.load"","
"C:\Users\USER\slh-bot-clean\_slh_map\scans\2026-08-13T190341_924476Z00\system_map.json","13440","        ""json.dump"","
"C:\Users\USER\slh-bot-clean\_slh_map\scans\2026-08-13T190341_924476Z00\system_map.json","13450","        ""json.dump"","
"C:\Users\USER\slh-bot-clean\_slh_map\scans\2026-08-13T190341_924476Z00\system_map.json","13451","        ""json.dumps"","
"C:\Users\USER\slh-bot-clean\_slh_map\scans\2026-08-13T190341_924476Z00\system_map.json","13456","        ""json.dump"","
"C:\Users\USER\slh-bot-clean\_slh_map\scans\2026-08-13T190341_924476Z00\system_map.json","13459","        ""json.load"","
"C:\Users\USER\slh-bot-clean\_slh_map\scans\2026-08-13T190341_924476Z00\system_map.json","13767","        ""json.load"","
"C:\Users\USER\slh-bot-clean\_slh_map\scans\2026-08-13T190341_924476Z00\system_map.json","13821","        ""state_manager"","
"C:\Users\USER\slh-bot-clean\_slh_map\scans\2026-08-13T190341_924476Z00\system_map.json","14038","        ""json.load"","
"C:\Users\USER\slh-bot-clean\_slh_map\scans\2026-08-13T190341_924476Z00\system_map.json","14047","        ""json.dump"","
"C:\Users\USER\slh-bot-clean\_slh_map\scans\2026-08-13T190341_924476Z00\system_map.json","14051","        ""json.load"","
"C:\Users\USER\slh-bot-clean\_slh_map\scans\2026-08-13T190341_924476Z00\system_map.json","14063","        ""json.dump"","
"C:\Users\USER\slh-bot-clean\_slh_map\scans\2026-08-13T190341_924476Z00\system_map.json","14137","        ""json.load"","
"C:\Users\USER\slh-bot-clean\_slh_map\scans\2026-08-13T190341_924476Z00\system_map.json","14145","        ""json.load"","
"C:\Users\USER\slh-bot-clean\_slh_map\scans\2026-08-13T190341_924476Z00\system_map.json","14167","        ""json.load"","
"C:\Users\USER\slh-bot-clean\_slh_map\scans\2026-08-13T190341_924476Z00\system_map.json","14173","        ""json.load"","
"C:\Users\USER\slh-bot-clean\_slh_map\scans\2026-08-13T190341_924476Z00\system_map.json","14182","        ""json.loads"","
"C:\Users\USER\slh-bot-clean\_slh_map\scans\2026-08-13T190341_924476Z00\system_map.json","14222","        ""json.load"","
"C:\Users\USER\slh-bot-clean\_slh_map\scans\2026-08-13T190341_924476Z00\system_map.json","14231","        ""json.load"","
"C:\Users\USER\slh-bot-clean\_slh_map\scans\2026-08-13T190341_924476Z00\system_map.json","14321","        ""json.load"","
"C:\Users\USER\slh-bot-clean\_slh_map\scans\2026-08-13T190341_924476Z00\system_map.json","14330","        ""json.dump"","
"C:\Users\USER\slh-bot-clean\_slh_map\scans\2026-08-13T190341_924476Z00\system_map.json","14332","        ""json.load"","
"C:\Users\USER\slh-bot-clean\_slh_map\scans\2026-08-13T190341_924476Z00\system_map.json","14339","        ""json.dump"","
"C:\Users\USER\slh-bot-clean\_slh_map\scans\2026-08-13T190341_924476Z00\system_map.json","14340","        ""json.dumps"","
"C:\Users\USER\slh-bot-clean\_slh_map\scans\2026-08-13T190341_924476Z00\system_map.json","14397","        ""json.load"","
"C:\Users\USER\slh-bot-clean\_slh_map\scans\2026-08-13T190341_924476Z00\system_map.json","14574","        ""json.loads"","
"C:\Users\USER\slh-bot-clean\_slh_map\scans\2026-08-13T190341_924476Z00\system_map.json","14575","        ""json.dumps"","
"C:\Users\USER\slh-bot-clean\_slh_map\scans\2026-08-13T190341_924476Z00\system_map.json","14632","        ""json.dumps"","
"C:\Users\USER\slh-bot-clean\_slh_map\scans\2026-08-13T190341_924476Z00\system_map.json","14734","        ""json.load"","
"C:\Users\USER\slh-bot-clean\_slh_map\scans\2026-08-13T190341_924476Z00\system_map.json","14816","        ""json.load"","
"C:\Users\USER\slh-bot-clean\_slh_map\scans\2026-08-13T190341_924476Z00\system_map.json","14822","        ""json.dump"","
"C:\Users\USER\slh-bot-clean\_slh_map\scans\2026-08-13T190341_924476Z00\system_map.json","14842","        ""state_manager"","
"C:\Users\USER\slh-bot-clean\_slh_map\scans\2026-08-13T190341_924476Z00\system_map.json","14863","        ""state_manager.get_agents"","
"C:\Users\USER\slh-bot-clean\_slh_map\scans\2026-08-13T190341_924476Z00\system_map.json","14866","        ""state_manager.get_agents"","
"C:\Users\USER\slh-bot-clean\_slh_map\scans\2026-08-13T190341_924476Z00\system_map.json","14870","        ""state_manager.get_agents"","
"C:\Users\USER\slh-bot-clean\_slh_map\scans\2026-08-13T190341_924476Z00\system_map.json","14873","        ""state_manager.set_agents"","
"C:\Users\USER\slh-bot-clean\_slh_map\scans\2026-08-13T190341_924476Z00\system_map.json","14877","        ""state_manager.get_agents"","
"C:\Users\USER\slh-bot-clean\_slh_map\scans\2026-08-13T190341_924476Z00\system_map.json","14879","        ""state_manager.set_agents"","
"C:\Users\USER\slh-bot-clean\_slh_map\scans\2026-08-13T190341_924476Z00\system_map.json","14943","        ""json.load"","
"C:\Users\USER\slh-bot-clean\_slh_map\scans\2026-08-13T190341_924476Z00\system_map.json","14948","        ""json.load"","
"C:\Users\USER\slh-bot-clean\_slh_map\scans\2026-08-13T190341_924476Z00\system_map.json","14950","        ""json.dump"","
"C:\Users\USER\slh-bot-clean\_slh_map\scans\2026-08-13T190341_924476Z00\system_map.json","14997","        ""json.load"","
"C:\Users\USER\slh-bot-clean\_slh_map\scans\2026-08-13T190341_924476Z00\system_map.json","15028","        ""state_manager"","
"C:\Users\USER\slh-bot-clean\_slh_map\scans\2026-08-13T190341_924476Z00\system_map.json","15049","        ""state_manager.get_agents"","
"C:\Users\USER\slh-bot-clean\_slh_map\scans\2026-08-13T190341_924476Z00\system_map.json","15111","        ""state_manager"","
"C:\Users\USER\slh-bot-clean\_slh_map\scans\2026-08-13T190341_924476Z00\system_map.json","15128","        ""state_manager.get_agents"","
"C:\Users\USER\slh-bot-clean\_slh_map\scans\2026-08-13T190341_924476Z00\system_map.json","15130","        ""state_manager.set_agents"","
"C:\Users\USER\slh-bot-clean\_slh_map\scans\2026-08-13T190341_924476Z00\system_map.json","15166","        ""json.load"","
"C:\Users\USER\slh-bot-clean\_slh_map\scans\2026-08-13T190341_924476Z00\system_map.json","15168","        ""json.dump"","
"C:\Users\USER\slh-bot-clean\_slh_map\scans\2026-08-13T190341_924476Z00\system_map.json","15239","        ""json.load"","
"C:\Users\USER\slh-bot-clean\_slh_map\scans\2026-08-13T190341_924476Z00\system_map.json","15311","        ""json.dump"","
"C:\Users\USER\slh-bot-clean\_slh_map\scans\2026-08-13T190341_924476Z00\system_map.json","15313","        ""json.load"","
"C:\Users\USER\slh-bot-clean\_slh_map\scans\2026-08-13T190341_924476Z00\system_map.json","15362","        ""json.load"","
"C:\Users\USER\slh-bot-clean\_slh_map\scans\2026-08-13T190341_924476Z00\system_map.json","15364","        ""json.dump"","
"C:\Users\USER\slh-bot-clean\_slh_map\scans\2026-08-13T190341_924476Z00\system_map.json","15367","        ""json.load"","
"C:\Users\USER\slh-bot-clean\_slh_map\scans\2026-08-13T190341_924476Z00\system_map.json","15369","        ""json.dump"","
"C:\Users\USER\slh-bot-clean\_slh_map\scans\2026-08-13T190341_924476Z00\system_map.json","15372","        ""json.load"","
"C:\Users\USER\slh-bot-clean\_slh_map\scans\2026-08-13T190341_924476Z00\system_map.json","15411","        ""json.load"","
"C:\Users\USER\slh-bot-clean\_slh_map\scans\2026-08-13T190341_924476Z00\system_map.json","15413","        ""json.dump"","
"C:\Users\USER\slh-bot-clean\_slh_map\scans\2026-08-13T190341_924476Z00\system_map.json","15472","        ""json.load"","
"C:\Users\USER\slh-bot-clean\_slh_map\scans\2026-08-13T190341_924476Z00\system_map.json","15507","        ""json.load"","
"C:\Users\USER\slh-bot-clean\_slh_map\scans\2026-08-13T190341_924476Z00\system_map.json","15509","        ""json.load"","
"C:\Users\USER\slh-bot-clean\_slh_map\scans\2026-08-13T190341_924476Z00\system_map.json","15511","        ""json.load"","
"C:\Users\USER\slh-bot-clean\_slh_map\scans\2026-08-13T190341_924476Z00\system_map.json","15548","        ""json.dump"","
"C:\Users\USER\slh-bot-clean\_slh_map\scans\2026-08-13T190341_924476Z00\system_map.json","15554","        ""json.load"","
"C:\Users\USER\slh-bot-clean\_slh_map\scans\2026-08-13T190341_924476Z00\system_map.json","15564","      ""path"": ""state_manager.py"","
"C:\Users\USER\slh-bot-clean\_slh_map\scans\2026-08-13T190341_924476Z00\system_map.json","15565","      ""module"": ""state_manager"","
"C:\Users\USER\slh-bot-clean\_slh_map\scans\2026-08-13T190341_924476Z00\system_map.json","15595","        ""json.load"","
"C:\Users\USER\slh-bot-clean\_slh_map\scans\2026-08-13T190341_924476Z00\system_map.json","15598","        ""json.load"","
"C:\Users\USER\slh-bot-clean\_slh_map\scans\2026-08-13T190341_924476Z00\system_map.json","15600","        ""json.dump"","
"C:\Users\USER\slh-bot-clean\_slh_map\scans\2026-08-13T190341_924476Z00\system_map.json","15646","        ""json.load"""
"C:\Users\USER\slh-bot-clean\_slh_map\scans\2026-08-13T190341_924476Z00\system_map.json","15738","        ""json.load"","
"C:\Users\USER\slh-bot-clean\_slh_map\scans\2026-08-13T190341_924476Z00\system_map.json","15740","        ""json.dump"","
"C:\Users\USER\slh-bot-clean\_slh_map\scans\2026-08-13T190341_924476Z00\system_map.json","15784","        ""json.dump"","
"C:\Users\USER\slh-bot-clean\_slh_map\scans\2026-08-13T190341_924476Z00\system_map.json","15789","        ""json.load"","
"C:\Users\USER\slh-bot-clean\_slh_map\scans\2026-08-13T190341_924476Z00\system_map.json","15876","        ""json.load"","
"C:\Users\USER\slh-bot-clean\_slh_map\scans\2026-08-13T190341_924476Z00\system_map.json","15891","        ""json.dumps"","
"C:\Users\USER\slh-bot-clean\_slh_map\scans\2026-08-13T190341_924476Z00\system_map.json","15978","        ""json.load"","
"C:\Users\USER\slh-bot-clean\_slh_map\scans\2026-08-13T190341_924476Z00\system_map.json","16086","        ""json.loads"","
"C:\Users\USER\slh-bot-clean\_slh_map\scans\2026-08-13T190341_924476Z00\system_map.json","16190","        ""json.load"""
"C:\Users\USER\slh-bot-clean\_slh_map\scans\2026-08-13T190341_924476Z00\system_map.json","16280","        ""json.loads"","
"C:\Users\USER\slh-bot-clean\_slh_map\scans\2026-08-13T190341_924476Z00\system_map.json","16389","        ""json.loads"","
"C:\Users\USER\slh-bot-clean\_slh_map\scans\2026-08-13T190341_924476Z00\system_map.json","16562","        ""json.loads"","
"C:\Users\USER\slh-bot-clean\_slh_map\scans\2026-08-13T190341_924476Z00\system_map.json","16745","        ""json.loads"","
"C:\Users\USER\slh-bot-clean\_slh_map\scans\2026-08-13T190341_924476Z00\system_map.json","16750","        ""json.dumps"","
"C:\Users\USER\slh-bot-clean\_slh_map\scans\2026-08-13T190341_924476Z00\system_map.json","16828","        ""json.loads"","
"C:\Users\USER\slh-bot-clean\_slh_map\scans\2026-08-13T190341_924476Z00\system_map.json","16893","        ""json.loads"","
"C:\Users\USER\slh-bot-clean\_slh_map\scans\2026-08-13T190341_924476Z00\system_map.json","16898","        ""json.dumps"","
"C:\Users\USER\slh-bot-clean\_slh_map\scans\2026-08-13T190341_924476Z00\system_map.json","16917","        ""json.loads"","
"C:\Users\USER\slh-bot-clean\_slh_map\scans\2026-08-13T190341_924476Z00\system_map.json","17019","        ""json.loads"","
"C:\Users\USER\slh-bot-clean\_slh_map\scans\2026-08-13T190341_924476Z00\system_map.json","17024","        ""json.dumps"","
"C:\Users\USER\slh-bot-clean\_slh_map\scans\2026-08-13T190341_924476Z00\system_map.json","17098","        ""json.loads"","
"C:\Users\USER\slh-bot-clean\_slh_map\scans\2026-08-13T190341_924476Z00\system_map.json","17236","        ""json.loads"","
"C:\Users\USER\slh-bot-clean\_slh_map\scans\2026-08-13T190341_924476Z00\system_map.json","17362","        ""json.loads"","
"C:\Users\USER\slh-bot-clean\_slh_map\scans\2026-08-13T190341_924476Z00\system_map.json","17543","        ""json.loads"","
"C:\Users\USER\slh-bot-clean\_slh_map\scans\2026-08-13T190341_924476Z00\system_map.json","17708","        ""json.loads"","
"C:\Users\USER\slh-bot-clean\_slh_map\scans\2026-08-13T190341_924476Z00\system_map.json","17895","        ""json.dumps"","
"C:\Users\USER\slh-bot-clean\_slh_map\scans\2026-08-13T190341_924476Z00\system_map.json","17929","        ""state_manager"","
"C:\Users\USER\slh-bot-clean\_slh_map\scans\2026-08-13T190341_924476Z00\system_map.json","17955","        ""state_manager.load_db"","
"C:\Users\USER\slh-bot-clean\_slh_map\scans\2026-08-13T190341_924476Z00\system_map.json","17957","        ""state_manager.load_db"","
"C:\Users\USER\slh-bot-clean\_slh_map\scans\2026-08-13T190341_924476Z00\system_map.json","17958","        ""state_manager.save_db"","
"C:\Users\USER\slh-bot-clean\_slh_map\scans\2026-08-13T190341_924476Z00\system_map.json","17967","        ""state_manager.atomic_update"","
"C:\Users\USER\slh-bot-clean\_slh_map\scans\2026-08-13T190341_924476Z00\system_map.json","18098","        ""json.dumps"","
"C:\Users\USER\slh-bot-clean\_slh_map\scans\2026-08-13T190341_924476Z00\system_map.json","18217","        ""json.loads"","
"C:\Users\USER\slh-bot-clean\_slh_map\scans\2026-08-13T190341_924476Z00\system_map.json","18218","        ""json.dumps"","
"C:\Users\USER\slh-bot-clean\_slh_map\scans\2026-08-13T190341_924476Z00\system_map.json","18322","        ""json.load"","
"C:\Users\USER\slh-bot-clean\_slh_map\scans\2026-08-13T190341_924476Z00\system_map.json","18335","        ""json.dump"","
"C:\Users\USER\slh-bot-clean\_slh_map\scans\2026-08-13T190341_924476Z00\system_map.json","18573","        ""json.dumps"","
"C:\Users\USER\slh-bot-clean\_slh_map\scans\2026-08-13T190341_924476Z00\system_map.json","18690","        ""json.dumps"""
"C:\Users\USER\slh-bot-clean\_slh_map\scans\2026-08-13T190341_924476Z00\system_map.json","18814","        ""json.dumps"","
"C:\Users\USER\slh-bot-clean\_slh_map\scans\2026-08-13T190341_924476Z00\system_map.json","18898","        ""json.dumps"","
"C:\Users\USER\slh-bot-clean\_slh_map\scans\2026-08-13T190341_924476Z00\system_map.json","19128","        ""json.dumps"","
"C:\Users\USER\slh-bot-clean\_slh_map\scans\2026-08-13T190341_924476Z00\system_map.json","19221","        ""json.load"","
"C:\Users\USER\slh-bot-clean\_slh_map\scans\2026-08-13T190341_924476Z00\system_map.json","19222","        ""json.load"","
"C:\Users\USER\slh-bot-clean\_slh_map\scans\2026-08-13T190341_924476Z00\system_map.json","19225","        ""json.load"","
"C:\Users\USER\slh-bot-clean\_slh_map\scans\2026-08-13T190341_924476Z00\system_map.json","19227","        ""json.dumps"","
"C:\Users\USER\slh-bot-clean\_slh_map\scans\2026-08-13T190341_924476Z00\system_map.json","19354","        ""json.dumps"","
"C:\Users\USER\slh-bot-clean\_slh_map\scans\2026-08-13T190341_924476Z00\system_map.json","19585","        ""json.dumps"","
"C:\Users\USER\slh-bot-clean\_slh_map\scans\2026-08-13T190341_924476Z00\system_map.json","19826","        ""json.dumps"","
"C:\Users\USER\slh-bot-clean\_slh_map\scans\2026-08-13T190341_924476Z00\system_map.json","19895","        ""json.loads"","
"C:\Users\USER\slh-bot-clean\_slh_map\scans\2026-08-13T190341_924476Z00\system_map.json","19973","        ""json.dumps"","
"C:\Users\USER\slh-bot-clean\_slh_map\scans\2026-08-13T190341_924476Z00\system_map.json","20099","        ""json.dumps"","
"C:\Users\USER\slh-bot-clean\_slh_map\scans\2026-08-13T190341_924476Z00\system_map.json","20201","        ""json.dumps"","
"C:\Users\USER\slh-bot-clean\_slh_map\scans\2026-08-13T190341_924476Z00\system_map.json","20301","        ""json.load"","
"C:\Users\USER\slh-bot-clean\_slh_map\scans\2026-08-13T190341_924476Z00\system_map.json","20367","        ""json.dumps"","
"C:\Users\USER\slh-bot-clean\_slh_map\scans\2026-08-13T190341_924476Z00\system_map.json","20369","        ""json.loads"","
"C:\Users\USER\slh-bot-clean\_slh_map\scans\2026-08-13T190341_924476Z00\system_map.json","20610","        ""json.loads"","
"C:\Users\USER\slh-bot-clean\_slh_map\scans\2026-08-13T190341_924476Z00\system_map.json","20617","        ""json.loads"","
"C:\Users\USER\slh-bot-clean\_slh_map\scans\2026-08-13T190341_924476Z00\system_map.json","20624","        ""json.loads"","
"C:\Users\USER\slh-bot-clean\_slh_map\scans\2026-08-13T190341_924476Z00\system_map.json","20631","        ""json.loads"","
"C:\Users\USER\slh-bot-clean\_slh_map\scans\2026-08-13T190341_924476Z00\system_map.json","20671","        ""json.loads"","
"C:\Users\USER\slh-bot-clean\_slh_map\scans\2026-08-13T190341_924476Z00\system_map.json","20743","        ""json.loads"","
"C:\Users\USER\slh-bot-clean\_slh_map\scans\2026-08-13T190341_924476Z00\system_map.json","20754","        ""json.dumps"","
"C:\Users\USER\slh-bot-clean\_slh_map\scans\2026-08-13T190341_924476Z00\system_map.json","20757","        ""json.dumps"","
"C:\Users\USER\slh-bot-clean\_slh_map\scans\2026-08-13T190341_924476Z00\system_map.json","20760","        ""json.dumps"","
"C:\Users\USER\slh-bot-clean\_slh_map\scans\2026-08-13T190341_924476Z00\system_map.json","20763","        ""json.dumps"","
"C:\Users\USER\slh-bot-clean\_slh_map\scans\2026-08-13T190341_924476Z00\system_map.json","20831","        ""json.dumps"","
"C:\Users\USER\slh-bot-clean\_slh_map\scans\2026-08-13T190341_924476Z00\system_map.json","21000","        ""json.dumps"","
"C:\Users\USER\slh-bot-clean\_slh_map\scans\2026-08-13T190341_924476Z00\system_map.json","21543","        ""json.loads"","
"C:\Users\USER\slh-bot-clean\_slh_map\scans\2026-08-13T190341_924476Z00\system_map.json","21557","        ""json.dumps"","
"C:\Users\USER\slh-bot-clean\_slh_map\scans\2026-08-13T190341_924476Z00\system_map.json","21656","        ""json.dumps"","
"C:\Users\USER\slh-bot-clean\_slh_map\scans\2026-08-13T190341_924476Z00\system_map.json","21746","        ""json.dumps"","
"C:\Users\USER\slh-bot-clean\_slh_map\scans\2026-08-13T190341_924476Z00\system_map.json","21926","        ""json.load"","
"C:\Users\USER\slh-bot-clean\_slh_map\scans\2026-08-13T190341_924476Z00\system_map.json","22049","      ""target"": ""state_manager"","
"C:\Users\USER\slh-bot-clean\_slh_map\scans\2026-08-13T190341_924476Z00\system_map.json","22089","      ""target"": ""state_manager"","
"C:\Users\USER\slh-bot-clean\_slh_map\scans\2026-08-13T190341_924476Z00\system_map.json","22214","      ""target"": ""state_manager"","
"C:\Users\USER\slh-bot-clean\_slh_map\scans\2026-08-13T190341_924476Z00\system_map.json","22239","      ""target"": ""state_manager"","
"C:\Users\USER\slh-bot-clean\_slh_map\scans\2026-08-13T190341_924476Z00\system_map.json","22254","      ""target"": ""state_manager"","
"C:\Users\USER\slh-bot-clean\_slh_map\scans\2026-08-13T190341_924476Z00\system_map.json","22324","      ""target"": ""state_manager"","
"C:\Users\USER\slh-bot-clean\_slh_map\scans\2026-08-13T190341_924476Z00\system_map.json","22329","      ""target"": ""state_manager"","
"C:\Users\USER\slh-bot-clean\_slh_map\scans\2026-08-13T190341_924476Z00\system_map.json","22459","      ""target"": ""state_manager"","
"C:\Users\USER\slh-bot-clean\_slh_map\scans\2026-08-13T190341_924476Z00\system_map.json","22534","      ""target"": ""state_manager"","
"C:\Users\USER\slh-bot-clean\_slh_map\scans\2026-08-13T190341_924476Z00\system_map.json","22539","      ""target"": ""state_manager"","
"C:\Users\USER\slh-bot-clean\_slh_map\scans\2026-08-13T190341_924476Z00\system_map.json","22549","      ""target"": ""state_manager"","
"C:\Users\USER\slh-bot-clean\_slh_map\scans\2026-08-13T190341_924476Z00\system_map.json","22619","      ""target"": ""state_manager"","
"C:\Users\USER\slh-bot-clean\_slh_map\scans\2026-08-13T190341_924476Z00\system_map.json","22634","      ""target"": ""state_manager"","
"C:\Users\USER\slh-bot-clean\_slh_map\scans\2026-08-13T190341_924476Z00\system_map.json","22799","      ""target"": ""state_manager"","
"C:\Users\USER\slh-bot-clean\_slh_map\scans\2026-08-13T190341_924476Z00\system_map.json","22844","      ""target"": ""state_manager"","
"C:\Users\USER\slh-bot-clean\_slh_map\scans\2026-08-13T190341_924476Z00\system_map.json","22864","      ""target"": ""state_manager"","
"C:\Users\USER\slh-bot-clean\_slh_map\scans\2026-08-13T190341_924476Z00\system_map.json","22894","      ""target"": ""state_manager"","
"C:\Users\USER\slh-bot-clean\_slh_map\scans\2026-08-13T190341_924476Z00\system_map.json","23044","      ""target"": ""state_manager"","
"C:\Users\USER\slh-bot-clean\_slh_map\scans\2026-08-13T190652_301937Z00\system_map.json","235","        ""json.load"","
"C:\Users\USER\slh-bot-clean\_slh_map\scans\2026-08-13T190652_301937Z00\system_map.json","238","        ""json.load"","
"C:\Users\USER\slh-bot-clean\_slh_map\scans\2026-08-13T190652_301937Z00\system_map.json","240","        ""json.dump"","
"C:\Users\USER\slh-bot-clean\_slh_map\scans\2026-08-13T190652_301937Z00\system_map.json","453","        ""json.loads"","
"C:\Users\USER\slh-bot-clean\_slh_map\scans\2026-08-13T190652_301937Z00\system_map.json","552","        ""json.loads"","
"C:\Users\USER\slh-bot-clean\_slh_map\scans\2026-08-13T190652_301937Z00\system_map.json","602","        ""json.dumps"","
"C:\Users\USER\slh-bot-clean\_slh_map\scans\2026-08-13T190652_301937Z00\system_map.json","642","        ""json.loads"","
"C:\Users\USER\slh-bot-clean\_slh_map\scans\2026-08-13T190652_301937Z00\system_map.json","752","        ""json.loads"","
"C:\Users\USER\slh-bot-clean\_slh_map\scans\2026-08-13T190652_301937Z00\system_map.json","755","        ""json.dumps"""
"C:\Users\USER\slh-bot-clean\_slh_map\scans\2026-08-13T190652_301937Z00\system_map.json","785","        ""json.load"","
"C:\Users\USER\slh-bot-clean\_slh_map\scans\2026-08-13T190652_301937Z00\system_map.json","922","        ""json.load"","
"C:\Users\USER\slh-bot-clean\_slh_map\scans\2026-08-13T190652_301937Z00\system_map.json","933","        ""json.load"","
"C:\Users\USER\slh-bot-clean\_slh_map\scans\2026-08-13T190652_301937Z00\system_map.json","940","        ""json.load"","
"C:\Users\USER\slh-bot-clean\_slh_map\scans\2026-08-13T190652_301937Z00\system_map.json","1007","        ""state_manager"","
"C:\Users\USER\slh-bot-clean\_slh_map\scans\2026-08-13T190652_301937Z00\system_map.json","1185","        ""json.load"","
"C:\Users\USER\slh-bot-clean\_slh_map\scans\2026-08-13T190652_301937Z00\system_map.json","1194","        ""json.dump"","
"C:\Users\USER\slh-bot-clean\_slh_map\scans\2026-08-13T190652_301937Z00\system_map.json","1198","        ""json.load"","
"C:\Users\USER\slh-bot-clean\_slh_map\scans\2026-08-13T190652_301937Z00\system_map.json","1210","        ""json.dump"","
"C:\Users\USER\slh-bot-clean\_slh_map\scans\2026-08-13T190652_301937Z00\system_map.json","1265","        ""json.load"","
"C:\Users\USER\slh-bot-clean\_slh_map\scans\2026-08-13T190652_301937Z00\system_map.json","1273","        ""json.load"","
"C:\Users\USER\slh-bot-clean\_slh_map\scans\2026-08-13T190652_301937Z00\system_map.json","1295","        ""json.load"","
"C:\Users\USER\slh-bot-clean\_slh_map\scans\2026-08-13T190652_301937Z00\system_map.json","1301","        ""json.load"","
"C:\Users\USER\slh-bot-clean\_slh_map\scans\2026-08-13T190652_301937Z00\system_map.json","1310","        ""json.loads"","
"C:\Users\USER\slh-bot-clean\_slh_map\scans\2026-08-13T190652_301937Z00\system_map.json","1334","        ""json.load"","
"C:\Users\USER\slh-bot-clean\_slh_map\scans\2026-08-13T190652_301937Z00\system_map.json","1343","        ""json.load"","
"C:\Users\USER\slh-bot-clean\_slh_map\scans\2026-08-13T190652_301937Z00\system_map.json","1433","        ""state_manager"""
"C:\Users\USER\slh-bot-clean\_slh_map\scans\2026-08-13T190652_301937Z00\system_map.json","1452","        ""state_manager.load_db"","
"C:\Users\USER\slh-bot-clean\_slh_map\scans\2026-08-13T190652_301937Z00\system_map.json","1460","        ""json.load"","
"C:\Users\USER\slh-bot-clean\_slh_map\scans\2026-08-13T190652_301937Z00\system_map.json","1501","        ""json.load"","
"C:\Users\USER\slh-bot-clean\_slh_map\scans\2026-08-13T190652_301937Z00\system_map.json","1503","        ""json.dump"","
"C:\Users\USER\slh-bot-clean\_slh_map\scans\2026-08-13T190652_301937Z00\system_map.json","1663","        ""json.load"","
"C:\Users\USER\slh-bot-clean\_slh_map\scans\2026-08-13T190652_301937Z00\system_map.json","1737","        ""json.load"","
"C:\Users\USER\slh-bot-clean\_slh_map\scans\2026-08-13T190652_301937Z00\system_map.json","1925","        ""json.dumps"","
"C:\Users\USER\slh-bot-clean\_slh_map\scans\2026-08-13T190652_301937Z00\system_map.json","1930","        ""json.load"","
"C:\Users\USER\slh-bot-clean\_slh_map\scans\2026-08-13T190652_301937Z00\system_map.json","1958","        ""json.dump"","
"C:\Users\USER\slh-bot-clean\_slh_map\scans\2026-08-13T190652_301937Z00\system_map.json","1990","        ""json.load"","
"C:\Users\USER\slh-bot-clean\_slh_map\scans\2026-08-13T190652_301937Z00\system_map.json","2056","        ""json.loads"","
"C:\Users\USER\slh-bot-clean\_slh_map\scans\2026-08-13T190652_301937Z00\system_map.json","2057","        ""json.dumps"","
"C:\Users\USER\slh-bot-clean\_slh_map\scans\2026-08-13T190652_301937Z00\system_map.json","2192","        ""json.dumps"","
"C:\Users\USER\slh-bot-clean\_slh_map\scans\2026-08-13T190652_301937Z00\system_map.json","2193","        ""json.loads"","
"C:\Users\USER\slh-bot-clean\_slh_map\scans\2026-08-13T190652_301937Z00\system_map.json","2266","        ""json.load"""
"C:\Users\USER\slh-bot-clean\_slh_map\scans\2026-08-13T190652_301937Z00\system_map.json","2327","        ""json.load"","
"C:\Users\USER\slh-bot-clean\_slh_map\scans\2026-08-13T190652_301937Z00\system_map.json","2331","        ""json.load"","
"C:\Users\USER\slh-bot-clean\_slh_map\scans\2026-08-13T190652_301937Z00\system_map.json","2374","        ""json.load"","
"C:\Users\USER\slh-bot-clean\_slh_map\scans\2026-08-13T190652_301937Z00\system_map.json","2561","        ""json.dumps"","
"C:\Users\USER\slh-bot-clean\_slh_map\scans\2026-08-13T190652_301937Z00\system_map.json","2913","        ""json.loads"","
"C:\Users\USER\slh-bot-clean\_slh_map\scans\2026-08-13T190652_301937Z00\system_map.json","2979","        ""json.dumps"","
"C:\Users\USER\slh-bot-clean\_slh_map\scans\2026-08-13T190652_301937Z00\system_map.json","2996","        ""json.dumps"","
"C:\Users\USER\slh-bot-clean\_slh_map\scans\2026-08-13T190652_301937Z00\system_map.json","3032","        ""json.dumps"","
"C:\Users\USER\slh-bot-clean\_slh_map\scans\2026-08-13T190652_301937Z00\system_map.json","3037","        ""json.dumps"","
"C:\Users\USER\slh-bot-clean\_slh_map\scans\2026-08-13T190652_301937Z00\system_map.json","3049","        ""json.dumps"","
"C:\Users\USER\slh-bot-clean\_slh_map\scans\2026-08-13T190652_301937Z00\system_map.json","3050","        ""json.dumps"","
"C:\Users\USER\slh-bot-clean\_slh_map\scans\2026-08-13T190652_301937Z00\system_map.json","3059","        ""json.dumps"","
"C:\Users\USER\slh-bot-clean\_slh_map\scans\2026-08-13T190652_301937Z00\system_map.json","3060","        ""json.dumps"","
"C:\Users\USER\slh-bot-clean\_slh_map\scans\2026-08-13T190652_301937Z00\system_map.json","3067","        ""json.loads"","
"C:\Users\USER\slh-bot-clean\_slh_map\scans\2026-08-13T190652_301937Z00\system_map.json","3070","        ""json.dumps"","
"C:\Users\USER\slh-bot-clean\_slh_map\scans\2026-08-13T190652_301937Z00\system_map.json","3115","        ""json.loads"","
"C:\Users\USER\slh-bot-clean\_slh_map\scans\2026-08-13T190652_301937Z00\system_map.json","3118","        ""json.dumps"","
"C:\Users\USER\slh-bot-clean\_slh_map\scans\2026-08-13T190652_301937Z00\system_map.json","3396","        ""state_manager"""
"C:\Users\USER\slh-bot-clean\_slh_map\scans\2026-08-13T190652_301937Z00\system_map.json","3429","        ""state_manager.atomic_update"","
"C:\Users\USER\slh-bot-clean\_slh_map\scans\2026-08-13T190652_301937Z00\system_map.json","3444","        ""json.load"","
"C:\Users\USER\slh-bot-clean\_slh_map\scans\2026-08-13T190652_301937Z00\system_map.json","3446","        ""json.dump"","
"C:\Users\USER\slh-bot-clean\_slh_map\scans\2026-08-13T190652_301937Z00\system_map.json","3522","        ""json.loads"","
"C:\Users\USER\slh-bot-clean\_slh_map\scans\2026-08-13T190652_301937Z00\system_map.json","3549","        ""json.dumps"","
"C:\Users\USER\slh-bot-clean\_slh_map\scans\2026-08-13T190652_301937Z00\system_map.json","3634","        ""json.loads"","
"C:\Users\USER\slh-bot-clean\_slh_map\scans\2026-08-13T190652_301937Z00\system_map.json","3679","        ""json.dumps"","
"C:\Users\USER\slh-bot-clean\_slh_map\scans\2026-08-13T190652_301937Z00\system_map.json","3715","        ""json.loads"","
"C:\Users\USER\slh-bot-clean\_slh_map\scans\2026-08-13T190652_301937Z00\system_map.json","3716","        ""json.dumps"","
"C:\Users\USER\slh-bot-clean\_slh_map\scans\2026-08-13T190652_301937Z00\system_map.json","3864","        ""json.dumps"","
"C:\Users\USER\slh-bot-clean\_slh_map\scans\2026-08-13T190652_301937Z00\system_map.json","3880","        ""json.load"","
"C:\Users\USER\slh-bot-clean\_slh_map\scans\2026-08-13T190652_301937Z00\system_map.json","3962","        ""json.dump"","
"C:\Users\USER\slh-bot-clean\_slh_map\scans\2026-08-13T190652_301937Z00\system_map.json","3983","        ""json.load"","
"C:\Users\USER\slh-bot-clean\_slh_map\scans\2026-08-13T190652_301937Z00\system_map.json","4022","        ""json.load"","
"C:\Users\USER\slh-bot-clean\_slh_map\scans\2026-08-13T190652_301937Z00\system_map.json","4024","        ""json.dump"","
"C:\Users\USER\slh-bot-clean\_slh_map\scans\2026-08-13T190652_301937Z00\system_map.json","4066","        ""json.load"","
"C:\Users\USER\slh-bot-clean\_slh_map\scans\2026-08-13T190652_301937Z00\system_map.json","4070","        ""json.load"","
"C:\Users\USER\slh-bot-clean\_slh_map\scans\2026-08-13T190652_301937Z00\system_map.json","4185","        ""json.dumps"","
"C:\Users\USER\slh-bot-clean\_slh_map\scans\2026-08-13T190652_301937Z00\system_map.json","4195","        ""json.loads"","
"C:\Users\USER\slh-bot-clean\_slh_map\scans\2026-08-13T190652_301937Z00\system_map.json","4301","        ""state_manager"""
"C:\Users\USER\slh-bot-clean\_slh_map\scans\2026-08-13T190652_301937Z00\system_map.json","4317","        ""state_manager.get_agents"","
"C:\Users\USER\slh-bot-clean\_slh_map\scans\2026-08-13T190652_301937Z00\system_map.json","4318","        ""state_manager.set_agents"","
"C:\Users\USER\slh-bot-clean\_slh_map\scans\2026-08-13T190652_301937Z00\system_map.json","4328","        ""json.load"","
"C:\Users\USER\slh-bot-clean\_slh_map\scans\2026-08-13T190652_301937Z00\system_map.json","4402","        ""json.dump"","
"C:\Users\USER\slh-bot-clean\_slh_map\scans\2026-08-13T190652_301937Z00\system_map.json","4415","        ""json.load"","
"C:\Users\USER\slh-bot-clean\_slh_map\scans\2026-08-13T190652_301937Z00\system_map.json","4620","        ""json.dump"","
"C:\Users\USER\slh-bot-clean\_slh_map\scans\2026-08-13T190652_301937Z00\system_map.json","4629","        ""json.load"","
"C:\Users\USER\slh-bot-clean\_slh_map\scans\2026-08-13T190652_301937Z00\system_map.json","4700","        ""state_manager"","
"C:\Users\USER\slh-bot-clean\_slh_map\scans\2026-08-13T190652_301937Z00\system_map.json","4721","        ""state_manager.load_db"","
"C:\Users\USER\slh-bot-clean\_slh_map\scans\2026-08-13T190652_301937Z00\system_map.json","4725","        ""state_manager.load_db"","
"C:\Users\USER\slh-bot-clean\_slh_map\scans\2026-08-13T190652_301937Z00\system_map.json","4731","        ""state_manager.save_db"","
"C:\Users\USER\slh-bot-clean\_slh_map\scans\2026-08-13T190652_301937Z00\system_map.json","4735","        ""state_manager.load_db"","
"C:\Users\USER\slh-bot-clean\_slh_map\scans\2026-08-13T190652_301937Z00\system_map.json","4737","        ""state_manager.save_db"","
"C:\Users\USER\slh-bot-clean\_slh_map\scans\2026-08-13T190652_301937Z00\system_map.json","5027","        ""json.load"","
"C:\Users\USER\slh-bot-clean\_slh_map\scans\2026-08-13T190652_301937Z00\system_map.json","5210","        ""json.load"","
"C:\Users\USER\slh-bot-clean\_slh_map\scans\2026-08-13T190652_301937Z00\system_map.json","5212","        ""json.dump"","
"C:\Users\USER\slh-bot-clean\_slh_map\scans\2026-08-13T190652_301937Z00\system_map.json","5319","        ""json.dumps"""
"C:\Users\USER\slh-bot-clean\_slh_map\scans\2026-08-13T190652_301937Z00\system_map.json","5472","        ""json.load"","
"C:\Users\USER\slh-bot-clean\_slh_map\scans\2026-08-13T190652_301937Z00\system_map.json","5474","        ""json.dump"","
"C:\Users\USER\slh-bot-clean\_slh_map\scans\2026-08-13T190652_301937Z00\system_map.json","5532","        ""json.load"","
"C:\Users\USER\slh-bot-clean\_slh_map\scans\2026-08-13T190652_301937Z00\system_map.json","5584","        ""json.load"","
"C:\Users\USER\slh-bot-clean\_slh_map\scans\2026-08-13T190652_301937Z00\system_map.json","5650","        ""json.load"","
"C:\Users\USER\slh-bot-clean\_slh_map\scans\2026-08-13T190652_301937Z00\system_map.json","5704","        ""state_manager"""
"C:\Users\USER\slh-bot-clean\_slh_map\scans\2026-08-13T190652_301937Z00\system_map.json","5730","        ""state_manager.load_db"","
"C:\Users\USER\slh-bot-clean\_slh_map\scans\2026-08-13T190652_301937Z00\system_map.json","5808","        ""json.load"","
"C:\Users\USER\slh-bot-clean\_slh_map\scans\2026-08-13T190652_301937Z00\system_map.json","5916","        ""json.dump"","
"C:\Users\USER\slh-bot-clean\_slh_map\scans\2026-08-13T190652_301937Z00\system_map.json","5943","        ""json.load"","
"C:\Users\USER\slh-bot-clean\_slh_map\scans\2026-08-13T190652_301937Z00\system_map.json","6027","        ""json.dump"","
"C:\Users\USER\slh-bot-clean\_slh_map\scans\2026-08-13T190652_301937Z00\system_map.json","6048","        ""json.load"","
"C:\Users\USER\slh-bot-clean\_slh_map\scans\2026-08-13T190652_301937Z00\system_map.json","6058","        ""json.load"","
"C:\Users\USER\slh-bot-clean\_slh_map\scans\2026-08-13T190652_301937Z00\system_map.json","6115","        ""state_manager"","
"C:\Users\USER\slh-bot-clean\_slh_map\scans\2026-08-13T190652_301937Z00\system_map.json","6135","        ""state_manager.atomic_update"","
"C:\Users\USER\slh-bot-clean\_slh_map\scans\2026-08-13T190652_301937Z00\system_map.json","6141","        ""state_manager.load_db"","
"C:\Users\USER\slh-bot-clean\_slh_map\scans\2026-08-13T190652_301937Z00\system_map.json","6146","        ""state_manager.save_db"","
"C:\Users\USER\slh-bot-clean\_slh_map\scans\2026-08-13T190652_301937Z00\system_map.json","6208","        ""json.dump"","
"C:\Users\USER\slh-bot-clean\_slh_map\scans\2026-08-13T190652_301937Z00\system_map.json","6211","        ""json.load"","
"C:\Users\USER\slh-bot-clean\_slh_map\scans\2026-08-13T190652_301937Z00\system_map.json","6381","        ""json.loads"","
"C:\Users\USER\slh-bot-clean\_slh_map\scans\2026-08-13T190652_301937Z00\system_map.json","6383","        ""json.loads"","
"C:\Users\USER\slh-bot-clean\_slh_map\scans\2026-08-13T190652_301937Z00\system_map.json","6399","        ""json.dumps"","
"C:\Users\USER\slh-bot-clean\_slh_map\scans\2026-08-13T190652_301937Z00\system_map.json","6649","        ""json.loads"","
"C:\Users\USER\slh-bot-clean\_slh_map\scans\2026-08-13T190652_301937Z00\system_map.json","6653","        ""json.dumps"""
"C:\Users\USER\slh-bot-clean\_slh_map\scans\2026-08-13T190652_301937Z00\system_map.json","6835","        ""json.load"","
"C:\Users\USER\slh-bot-clean\_slh_map\scans\2026-08-13T190652_301937Z00\system_map.json","7014","        ""json.load"","
"C:\Users\USER\slh-bot-clean\_slh_map\scans\2026-08-13T190652_301937Z00\system_map.json","7049","        ""json.loads"","
"C:\Users\USER\slh-bot-clean\_slh_map\scans\2026-08-13T190652_301937Z00\system_map.json","7056","        ""json.dumps"","
"C:\Users\USER\slh-bot-clean\_slh_map\scans\2026-08-13T190652_301937Z00\system_map.json","7117","        ""json.load"","
"C:\Users\USER\slh-bot-clean\_slh_map\scans\2026-08-13T190652_301937Z00\system_map.json","7167","        ""json.load"","
"C:\Users\USER\slh-bot-clean\_slh_map\scans\2026-08-13T190652_301937Z00\system_map.json","7258","        ""json.dump"","
"C:\Users\USER\slh-bot-clean\_slh_map\scans\2026-08-13T190652_301937Z00\system_map.json","7275","        ""json.load"","
"C:\Users\USER\slh-bot-clean\_slh_map\scans\2026-08-13T190652_301937Z00\system_map.json","7445","        ""json.load"","
"C:\Users\USER\slh-bot-clean\_slh_map\scans\2026-08-13T190652_301937Z00\system_map.json","7525","        ""json.load"","
"C:\Users\USER\slh-bot-clean\_slh_map\scans\2026-08-13T190652_301937Z00\system_map.json","7589","        ""state_manager"","
"C:\Users\USER\slh-bot-clean\_slh_map\scans\2026-08-13T190652_301937Z00\system_map.json","7624","        ""state_manager.load_db"","
"C:\Users\USER\slh-bot-clean\_slh_map\scans\2026-08-13T190652_301937Z00\system_map.json","7634","        ""state_manager.load_db"","
"C:\Users\USER\slh-bot-clean\_slh_map\scans\2026-08-13T190652_301937Z00\system_map.json","7641","        ""state_manager.load_db"","
"C:\Users\USER\slh-bot-clean\_slh_map\scans\2026-08-13T190652_301937Z00\system_map.json","7643","        ""state_manager.load_db"","
"C:\Users\USER\slh-bot-clean\_slh_map\scans\2026-08-13T190652_301937Z00\system_map.json","7650","        ""state_manager.load_db"","
"C:\Users\USER\slh-bot-clean\_slh_map\scans\2026-08-13T190652_301937Z00\system_map.json","7653","        ""state_manager.save_db"","
"C:\Users\USER\slh-bot-clean\_slh_map\scans\2026-08-13T190652_301937Z00\system_map.json","7675","        ""state_manager.save_db"","
"C:\Users\USER\slh-bot-clean\_slh_map\scans\2026-08-13T190652_301937Z00\system_map.json","7783","        ""json.load"","
"C:\Users\USER\slh-bot-clean\_slh_map\scans\2026-08-13T190652_301937Z00\system_map.json","7787","        ""json.dump"","
"C:\Users\USER\slh-bot-clean\_slh_map\scans\2026-08-13T190652_301937Z00\system_map.json","7790","        ""json.load"","
"C:\Users\USER\slh-bot-clean\_slh_map\scans\2026-08-13T190652_301937Z00\system_map.json","7794","        ""json.dump"","
"C:\Users\USER\slh-bot-clean\_slh_map\scans\2026-08-13T190652_301937Z00\system_map.json","7921","        ""json.load"","
"C:\Users\USER\slh-bot-clean\_slh_map\scans\2026-08-13T190652_301937Z00\system_map.json","7923","        ""json.dump"","
"C:\Users\USER\slh-bot-clean\_slh_map\scans\2026-08-13T190652_301937Z00\system_map.json","8007","        ""json.load"","
"C:\Users\USER\slh-bot-clean\_slh_map\scans\2026-08-13T190652_301937Z00\system_map.json","8011","        ""json.load"","
"C:\Users\USER\slh-bot-clean\_slh_map\scans\2026-08-13T190652_301937Z00\system_map.json","8013","        ""json.dump"","
"C:\Users\USER\slh-bot-clean\_slh_map\scans\2026-08-13T190652_301937Z00\system_map.json","8046","        ""json.load"","
"C:\Users\USER\slh-bot-clean\_slh_map\scans\2026-08-13T190652_301937Z00\system_map.json","8189","        ""json.load"","
"C:\Users\USER\slh-bot-clean\_slh_map\scans\2026-08-13T190652_301937Z00\system_map.json","8353","        ""state_manager"","
"C:\Users\USER\slh-bot-clean\_slh_map\scans\2026-08-13T190652_301937Z00\system_map.json","8395","        ""json.dump"","
"C:\Users\USER\slh-bot-clean\_slh_map\scans\2026-08-13T190652_301937Z00\system_map.json","8403","        ""json.load"","
"C:\Users\USER\slh-bot-clean\_slh_map\scans\2026-08-13T190652_301937Z00\system_map.json","8408","        ""state_manager.get_agents"","
"C:\Users\USER\slh-bot-clean\_slh_map\scans\2026-08-13T190652_301937Z00\system_map.json","8412","        ""json.load"","
"C:\Users\USER\slh-bot-clean\_slh_map\scans\2026-08-13T190652_301937Z00\system_map.json","8421","        ""state_manager.set_agents"","
"C:\Users\USER\slh-bot-clean\_slh_map\scans\2026-08-13T190652_301937Z00\system_map.json","8433","        ""json.dump"","
"C:\Users\USER\slh-bot-clean\_slh_map\scans\2026-08-13T190652_301937Z00\system_map.json","8598","        ""state_manager"""
"C:\Users\USER\slh-bot-clean\_slh_map\scans\2026-08-13T190652_301937Z00\system_map.json","8612","        ""state_manager.load_db"","
"C:\Users\USER\slh-bot-clean\_slh_map\scans\2026-08-13T190652_301937Z00\system_map.json","8619","        ""state_manager.load_db"","
"C:\Users\USER\slh-bot-clean\_slh_map\scans\2026-08-13T190652_301937Z00\system_map.json","8620","        ""state_manager.save_db"","
"C:\Users\USER\slh-bot-clean\_slh_map\scans\2026-08-13T190652_301937Z00\system_map.json","8644","        ""state_manager"","
"C:\Users\USER\slh-bot-clean\_slh_map\scans\2026-08-13T190652_301937Z00\system_map.json","8674","        ""state_manager.load_db"","
"C:\Users\USER\slh-bot-clean\_slh_map\scans\2026-08-13T190652_301937Z00\system_map.json","8685","        ""state_manager.load_db"","
"C:\Users\USER\slh-bot-clean\_slh_map\scans\2026-08-13T190652_301937Z00\system_map.json","8690","        ""state_manager.save_db"","
"C:\Users\USER\slh-bot-clean\_slh_map\scans\2026-08-13T190652_301937Z00\system_map.json","8694","        ""state_manager.load_db"","
"C:\Users\USER\slh-bot-clean\_slh_map\scans\2026-08-13T190652_301937Z00\system_map.json","8700","        ""state_manager.save_db"","
"C:\Users\USER\slh-bot-clean\_slh_map\scans\2026-08-13T190652_301937Z00\system_map.json","8704","        ""state_manager.load_db"","
"C:\Users\USER\slh-bot-clean\_slh_map\scans\2026-08-13T190652_301937Z00\system_map.json","8707","        ""state_manager.save_db"","
"C:\Users\USER\slh-bot-clean\_slh_map\scans\2026-08-13T190652_301937Z00\system_map.json","8710","        ""state_manager.load_db"","
"C:\Users\USER\slh-bot-clean\_slh_map\scans\2026-08-13T190652_301937Z00\system_map.json","8717","        ""state_manager.load_db"","
"C:\Users\USER\slh-bot-clean\_slh_map\scans\2026-08-13T190652_301937Z00\system_map.json","8719","        ""state_manager.save_db"","
"C:\Users\USER\slh-bot-clean\_slh_map\scans\2026-08-13T190652_301937Z00\system_map.json","8804","        ""json.dump"","
"C:\Users\USER\slh-bot-clean\_slh_map\scans\2026-08-13T190652_301937Z00\system_map.json","8806","        ""json.load"""
"C:\Users\USER\slh-bot-clean\_slh_map\scans\2026-08-13T190652_301937Z00\system_map.json","8893","        ""json.loads"","
"C:\Users\USER\slh-bot-clean\_slh_map\scans\2026-08-13T190652_301937Z00\system_map.json","8946","        ""json.dumps"","
"C:\Users\USER\slh-bot-clean\_slh_map\scans\2026-08-13T190652_301937Z00\system_map.json","9076","        ""json.loads"","
"C:\Users\USER\slh-bot-clean\_slh_map\scans\2026-08-13T190652_301937Z00\system_map.json","9085","        ""json.dumps"","
"C:\Users\USER\slh-bot-clean\_slh_map\scans\2026-08-13T190652_301937Z00\system_map.json","9113","        ""json.dumps"","
"C:\Users\USER\slh-bot-clean\_slh_map\scans\2026-08-13T190652_301937Z00\system_map.json","9152","        ""json.dumps"","
"C:\Users\USER\slh-bot-clean\_slh_map\scans\2026-08-13T190652_301937Z00\system_map.json","9153","        ""json.dumps"","
"C:\Users\USER\slh-bot-clean\_slh_map\scans\2026-08-13T190652_301937Z00\system_map.json","9225","        ""json.loads"","
"C:\Users\USER\slh-bot-clean\_slh_map\scans\2026-08-13T190652_301937Z00\system_map.json","9233","        ""json.dumps"","
"C:\Users\USER\slh-bot-clean\_slh_map\scans\2026-08-13T190652_301937Z00\system_map.json","9258","        ""json.dumps"","
"C:\Users\USER\slh-bot-clean\_slh_map\scans\2026-08-13T190652_301937Z00\system_map.json","9296","        ""json.dumps"","
"C:\Users\USER\slh-bot-clean\_slh_map\scans\2026-08-13T190652_301937Z00\system_map.json","9297","        ""json.dumps"","
"C:\Users\USER\slh-bot-clean\_slh_map\scans\2026-08-13T190652_301937Z00\system_map.json","9367","        ""json.loads"","
"C:\Users\USER\slh-bot-clean\_slh_map\scans\2026-08-13T190652_301937Z00\system_map.json","9376","        ""json.dumps"","
"C:\Users\USER\slh-bot-clean\_slh_map\scans\2026-08-13T190652_301937Z00\system_map.json","9497","        ""json.loads"","
"C:\Users\USER\slh-bot-clean\_slh_map\scans\2026-08-13T190652_301937Z00\system_map.json","9541","        ""json.dumps"","
"C:\Users\USER\slh-bot-clean\_slh_map\scans\2026-08-13T190652_301937Z00\system_map.json","9648","        ""json.loads"","
"C:\Users\USER\slh-bot-clean\_slh_map\scans\2026-08-13T190652_301937Z00\system_map.json","9671","        ""json.dumps"","
"C:\Users\USER\slh-bot-clean\_slh_map\scans\2026-08-13T190652_301937Z00\system_map.json","9711","        ""json.dumps"","
"C:\Users\USER\slh-bot-clean\_slh_map\scans\2026-08-13T190652_301937Z00\system_map.json","9769","        ""json.loads"","
"C:\Users\USER\slh-bot-clean\_slh_map\scans\2026-08-13T190652_301937Z00\system_map.json","9877","        ""json.loads"","
"C:\Users\USER\slh-bot-clean\_slh_map\scans\2026-08-13T190652_301937Z00\system_map.json","10053","        ""json.loads"","
"C:\Users\USER\slh-bot-clean\_slh_map\scans\2026-08-13T190652_301937Z00\system_map.json","10070","        ""json.dumps"","
"C:\Users\USER\slh-bot-clean\_slh_map\scans\2026-08-13T190652_301937Z00\system_map.json","10118","        ""json.dumps"","
"C:\Users\USER\slh-bot-clean\_slh_map\scans\2026-08-13T190652_301937Z00\system_map.json","10179","        ""json.loads"","
"C:\Users\USER\slh-bot-clean\_slh_map\scans\2026-08-13T190652_301937Z00\system_map.json","10188","        ""json.dumps"","
"C:\Users\USER\slh-bot-clean\_slh_map\scans\2026-08-13T190652_301937Z00\system_map.json","10311","        ""json.loads"","
"C:\Users\USER\slh-bot-clean\_slh_map\scans\2026-08-13T190652_301937Z00\system_map.json","10454","        ""json.load"","
"C:\Users\USER\slh-bot-clean\_slh_map\scans\2026-08-13T190652_301937Z00\system_map.json","10513","        ""json.load"","
"C:\Users\USER\slh-bot-clean\_slh_map\scans\2026-08-13T190652_301937Z00\system_map.json","10559","        ""json.load"","
"C:\Users\USER\slh-bot-clean\_slh_map\scans\2026-08-13T190652_301937Z00\system_map.json","10561","        ""json.dump"","
"C:\Users\USER\slh-bot-clean\_slh_map\scans\2026-08-13T190652_301937Z00\system_map.json","10687","        ""json.load"","
"C:\Users\USER\slh-bot-clean\_slh_map\scans\2026-08-13T190652_301937Z00\system_map.json","10719","        ""json.load"","
"C:\Users\USER\slh-bot-clean\_slh_map\scans\2026-08-13T190652_301937Z00\system_map.json","10831","        ""json.load"","
"C:\Users\USER\slh-bot-clean\_slh_map\scans\2026-08-13T190652_301937Z00\system_map.json","10832","        ""json.dump"","
"C:\Users\USER\slh-bot-clean\_slh_map\scans\2026-08-13T190652_301937Z00\system_map.json","10877","        ""json.dump"","
"C:\Users\USER\slh-bot-clean\_slh_map\scans\2026-08-13T190652_301937Z00\system_map.json","10884","        ""json.load"","
"C:\Users\USER\slh-bot-clean\_slh_map\scans\2026-08-13T190652_301937Z00\system_map.json","10939","        ""json.load"","
"C:\Users\USER\slh-bot-clean\_slh_map\scans\2026-08-13T190652_301937Z00\system_map.json","10940","        ""json.dump"","
"C:\Users\USER\slh-bot-clean\_slh_map\scans\2026-08-13T190652_301937Z00\system_map.json","10954","        ""json.load"","
"C:\Users\USER\slh-bot-clean\_slh_map\scans\2026-08-13T190652_301937Z00\system_map.json","10967","        ""json.load"","
"C:\Users\USER\slh-bot-clean\_slh_map\scans\2026-08-13T190652_301937Z00\system_map.json","10980","        ""json.load"","
"C:\Users\USER\slh-bot-clean\_slh_map\scans\2026-08-13T190652_301937Z00\system_map.json","10992","        ""json.load"","
"C:\Users\USER\slh-bot-clean\_slh_map\scans\2026-08-13T190652_301937Z00\system_map.json","11003","        ""json.load"","
"C:\Users\USER\slh-bot-clean\_slh_map\scans\2026-08-13T190652_301937Z00\system_map.json","11067","        ""json.dump"","
"C:\Users\USER\slh-bot-clean\_slh_map\scans\2026-08-13T190652_301937Z00\system_map.json","11086","        ""json.load"","
"C:\Users\USER\slh-bot-clean\_slh_map\scans\2026-08-13T190652_301937Z00\system_map.json","11088","        ""json.dump"","
"C:\Users\USER\slh-bot-clean\_slh_map\scans\2026-08-13T190652_301937Z00\system_map.json","11152","        ""json.dump"","
"C:\Users\USER\slh-bot-clean\_slh_map\scans\2026-08-13T190652_301937Z00\system_map.json","11158","        ""json.load"","
"C:\Users\USER\slh-bot-clean\_slh_map\scans\2026-08-13T190652_301937Z00\system_map.json","11180","        ""json.load"","
"C:\Users\USER\slh-bot-clean\_slh_map\scans\2026-08-13T190652_301937Z00\system_map.json","11183","        ""json.load"","
"C:\Users\USER\slh-bot-clean\_slh_map\scans\2026-08-13T190652_301937Z00\system_map.json","11187","        ""json.load"","
"C:\Users\USER\slh-bot-clean\_slh_map\scans\2026-08-13T190652_301937Z00\system_map.json","11238","        ""json.loads"","
"C:\Users\USER\slh-bot-clean\_slh_map\scans\2026-08-13T190652_301937Z00\system_map.json","11400","        ""json.dump"","
"C:\Users\USER\slh-bot-clean\_slh_map\scans\2026-08-13T190652_301937Z00\system_map.json","11409","        ""json.load"","
"C:\Users\USER\slh-bot-clean\_slh_map\scans\2026-08-13T190652_301937Z00\system_map.json","11542","        ""json.load"","
"C:\Users\USER\slh-bot-clean\_slh_map\scans\2026-08-13T190652_301937Z00\system_map.json","11652","        ""json.load"","
"C:\Users\USER\slh-bot-clean\_slh_map\scans\2026-08-13T190652_301937Z00\system_map.json","11656","        ""json.load"","
"C:\Users\USER\slh-bot-clean\_slh_map\scans\2026-08-13T190652_301937Z00\system_map.json","11662","        ""json.dump"","
"C:\Users\USER\slh-bot-clean\_slh_map\scans\2026-08-13T190652_301937Z00\system_map.json","11664","        ""json.load"","
"C:\Users\USER\slh-bot-clean\_slh_map\scans\2026-08-13T190652_301937Z00\system_map.json","11713","        ""json.load"","
"C:\Users\USER\slh-bot-clean\_slh_map\scans\2026-08-13T190652_301937Z00\system_map.json","11716","        ""json.dump"","
"C:\Users\USER\slh-bot-clean\_slh_map\scans\2026-08-13T190652_301937Z00\system_map.json","11762","        ""json.load"","
"C:\Users\USER\slh-bot-clean\_slh_map\scans\2026-08-13T190652_301937Z00\system_map.json","11787","        ""json.loads"","
"C:\Users\USER\slh-bot-clean\_slh_map\scans\2026-08-13T190652_301937Z00\system_map.json","11857","        ""json.load"","
"C:\Users\USER\slh-bot-clean\_slh_map\scans\2026-08-13T190652_301937Z00\system_map.json","11859","        ""json.dump"","
"C:\Users\USER\slh-bot-clean\_slh_map\scans\2026-08-13T190652_301937Z00\system_map.json","11894","        ""state_manager"","
"C:\Users\USER\slh-bot-clean\_slh_map\scans\2026-08-13T190652_301937Z00\system_map.json","11916","        ""state_manager.load_db"","
"C:\Users\USER\slh-bot-clean\_slh_map\scans\2026-08-13T190652_301937Z00\system_map.json","11921","        ""state_manager.load_db"","
"C:\Users\USER\slh-bot-clean\_slh_map\scans\2026-08-13T190652_301937Z00\system_map.json","11926","        ""state_manager.save_db"","
"C:\Users\USER\slh-bot-clean\_slh_map\scans\2026-08-13T190652_301937Z00\system_map.json","11929","        ""state_manager.load_db"","
"C:\Users\USER\slh-bot-clean\_slh_map\scans\2026-08-13T190652_301937Z00\system_map.json","11934","        ""state_manager.save_db"","
"C:\Users\USER\slh-bot-clean\_slh_map\scans\2026-08-13T190652_301937Z00\system_map.json","11938","        ""state_manager.load_db"","
"C:\Users\USER\slh-bot-clean\_slh_map\scans\2026-08-13T190652_301937Z00\system_map.json","11939","        ""state_manager.save_db"","
"C:\Users\USER\slh-bot-clean\_slh_map\scans\2026-08-13T190652_301937Z00\system_map.json","12018","        ""state_manager"","
"C:\Users\USER\slh-bot-clean\_slh_map\scans\2026-08-13T190652_301937Z00\system_map.json","12049","        ""state_manager.load_db"","
"C:\Users\USER\slh-bot-clean\_slh_map\scans\2026-08-13T190652_301937Z00\system_map.json","12059","        ""state_manager.load_db"","
"C:\Users\USER\slh-bot-clean\_slh_map\scans\2026-08-13T190652_301937Z00\system_map.json","12066","        ""state_manager.load_db"","
"C:\Users\USER\slh-bot-clean\_slh_map\scans\2026-08-13T190652_301937Z00\system_map.json","12068","        ""state_manager.load_db"","
"C:\Users\USER\slh-bot-clean\_slh_map\scans\2026-08-13T190652_301937Z00\system_map.json","12075","        ""state_manager.load_db"","
"C:\Users\USER\slh-bot-clean\_slh_map\scans\2026-08-13T190652_301937Z00\system_map.json","12077","        ""state_manager.save_db"","
"C:\Users\USER\slh-bot-clean\_slh_map\scans\2026-08-13T190652_301937Z00\system_map.json","12100","        ""state_manager.save_db"","
"C:\Users\USER\slh-bot-clean\_slh_map\scans\2026-08-13T190652_301937Z00\system_map.json","12291","        ""json.load"","
"C:\Users\USER\slh-bot-clean\_slh_map\scans\2026-08-13T190652_301937Z00\system_map.json","12373","        ""json.dumps"","
"C:\Users\USER\slh-bot-clean\_slh_map\scans\2026-08-13T190652_301937Z00\system_map.json","12513","        ""json.load"","
"C:\Users\USER\slh-bot-clean\_slh_map\scans\2026-08-13T190652_301937Z00\system_map.json","12656","        ""json.load"","
"C:\Users\USER\slh-bot-clean\_slh_map\scans\2026-08-13T190652_301937Z00\system_map.json","12658","        ""json.dump"","
"C:\Users\USER\slh-bot-clean\_slh_map\scans\2026-08-13T190652_301937Z00\system_map.json","12660","        ""json.load"","
"C:\Users\USER\slh-bot-clean\_slh_map\scans\2026-08-13T190652_301937Z00\system_map.json","12667","        ""json.dump"","
"C:\Users\USER\slh-bot-clean\_slh_map\scans\2026-08-13T190652_301937Z00\system_map.json","12668","        ""json.dumps"","
"C:\Users\USER\slh-bot-clean\_slh_map\scans\2026-08-13T190652_301937Z00\system_map.json","12763","        ""json.load"","
"C:\Users\USER\slh-bot-clean\_slh_map\scans\2026-08-13T190652_301937Z00\system_map.json","12774","        ""json.load"","
"C:\Users\USER\slh-bot-clean\_slh_map\scans\2026-08-13T190652_301937Z00\system_map.json","12777","        ""json.load"","
"C:\Users\USER\slh-bot-clean\_slh_map\scans\2026-08-13T190652_301937Z00\system_map.json","12860","        ""json.load"","
"C:\Users\USER\slh-bot-clean\_slh_map\scans\2026-08-13T190652_301937Z00\system_map.json","12975","        ""json.dumps"","
"C:\Users\USER\slh-bot-clean\_slh_map\scans\2026-08-13T190652_301937Z00\system_map.json","12983","        ""json.dumps"","
"C:\Users\USER\slh-bot-clean\_slh_map\scans\2026-08-13T190652_301937Z00\system_map.json","13060","        ""json.load"","
"C:\Users\USER\slh-bot-clean\_slh_map\scans\2026-08-13T190652_301937Z00\system_map.json","13277","        ""json.dump"","
"C:\Users\USER\slh-bot-clean\_slh_map\scans\2026-08-13T190652_301937Z00\system_map.json","13285","        ""json.load"","
"C:\Users\USER\slh-bot-clean\_slh_map\scans\2026-08-13T190652_301937Z00\system_map.json","13393","        ""json.load"","
"C:\Users\USER\slh-bot-clean\_slh_map\scans\2026-08-13T190652_301937Z00\system_map.json","13396","        ""json.dump"","
"C:\Users\USER\slh-bot-clean\_slh_map\scans\2026-08-13T190652_301937Z00\system_map.json","13406","        ""json.dump"","
"C:\Users\USER\slh-bot-clean\_slh_map\scans\2026-08-13T190652_301937Z00\system_map.json","13407","        ""json.dumps"","
"C:\Users\USER\slh-bot-clean\_slh_map\scans\2026-08-13T190652_301937Z00\system_map.json","13412","        ""json.dump"","
"C:\Users\USER\slh-bot-clean\_slh_map\scans\2026-08-13T190652_301937Z00\system_map.json","13415","        ""json.load"","
"C:\Users\USER\slh-bot-clean\_slh_map\scans\2026-08-13T190652_301937Z00\system_map.json","13723","        ""json.load"","
"C:\Users\USER\slh-bot-clean\_slh_map\scans\2026-08-13T190652_301937Z00\system_map.json","13790","        ""json.load"","
"C:\Users\USER\slh-bot-clean\_slh_map\scans\2026-08-13T190652_301937Z00\system_map.json","13799","        ""json.dump"","
"C:\Users\USER\slh-bot-clean\_slh_map\scans\2026-08-13T190652_301937Z00\system_map.json","13801","        ""json.load"","
"C:\Users\USER\slh-bot-clean\_slh_map\scans\2026-08-13T190652_301937Z00\system_map.json","13808","        ""json.dump"","
"C:\Users\USER\slh-bot-clean\_slh_map\scans\2026-08-13T190652_301937Z00\system_map.json","13809","        ""json.dumps"","
"C:\Users\USER\slh-bot-clean\_slh_map\scans\2026-08-13T190652_301937Z00\system_map.json","13866","        ""json.load"","
"C:\Users\USER\slh-bot-clean\_slh_map\scans\2026-08-13T190652_301937Z00\system_map.json","14043","        ""json.loads"","
"C:\Users\USER\slh-bot-clean\_slh_map\scans\2026-08-13T190652_301937Z00\system_map.json","14044","        ""json.dumps"","
"C:\Users\USER\slh-bot-clean\_slh_map\scans\2026-08-13T190652_301937Z00\system_map.json","14101","        ""json.dumps"","
"C:\Users\USER\slh-bot-clean\_slh_map\scans\2026-08-13T190652_301937Z00\system_map.json","14203","        ""json.load"","
"C:\Users\USER\slh-bot-clean\_slh_map\scans\2026-08-13T190652_301937Z00\system_map.json","14285","        ""json.load"","
"C:\Users\USER\slh-bot-clean\_slh_map\scans\2026-08-13T190652_301937Z00\system_map.json","14291","        ""json.dump"","
"C:\Users\USER\slh-bot-clean\_slh_map\scans\2026-08-13T190652_301937Z00\system_map.json","14311","        ""state_manager"","
"C:\Users\USER\slh-bot-clean\_slh_map\scans\2026-08-13T190652_301937Z00\system_map.json","14332","        ""state_manager.get_agents"","
"C:\Users\USER\slh-bot-clean\_slh_map\scans\2026-08-13T190652_301937Z00\system_map.json","14335","        ""state_manager.get_agents"","
"C:\Users\USER\slh-bot-clean\_slh_map\scans\2026-08-13T190652_301937Z00\system_map.json","14339","        ""state_manager.get_agents"","
"C:\Users\USER\slh-bot-clean\_slh_map\scans\2026-08-13T190652_301937Z00\system_map.json","14342","        ""state_manager.set_agents"","
"C:\Users\USER\slh-bot-clean\_slh_map\scans\2026-08-13T190652_301937Z00\system_map.json","14346","        ""state_manager.get_agents"","
"C:\Users\USER\slh-bot-clean\_slh_map\scans\2026-08-13T190652_301937Z00\system_map.json","14348","        ""state_manager.set_agents"","
"C:\Users\USER\slh-bot-clean\_slh_map\scans\2026-08-13T190652_301937Z00\system_map.json","14412","        ""json.load"","
"C:\Users\USER\slh-bot-clean\_slh_map\scans\2026-08-13T190652_301937Z00\system_map.json","14417","        ""json.load"","
"C:\Users\USER\slh-bot-clean\_slh_map\scans\2026-08-13T190652_301937Z00\system_map.json","14419","        ""json.dump"","
"C:\Users\USER\slh-bot-clean\_slh_map\scans\2026-08-13T190652_301937Z00\system_map.json","14466","        ""json.load"","
"C:\Users\USER\slh-bot-clean\_slh_map\scans\2026-08-13T190652_301937Z00\system_map.json","14497","        ""state_manager"","
"C:\Users\USER\slh-bot-clean\_slh_map\scans\2026-08-13T190652_301937Z00\system_map.json","14518","        ""state_manager.get_agents"","
"C:\Users\USER\slh-bot-clean\_slh_map\scans\2026-08-13T190652_301937Z00\system_map.json","14580","        ""state_manager"","
"C:\Users\USER\slh-bot-clean\_slh_map\scans\2026-08-13T190652_301937Z00\system_map.json","14597","        ""state_manager.get_agents"","
"C:\Users\USER\slh-bot-clean\_slh_map\scans\2026-08-13T190652_301937Z00\system_map.json","14599","        ""state_manager.set_agents"","
"C:\Users\USER\slh-bot-clean\_slh_map\scans\2026-08-13T190652_301937Z00\system_map.json","14635","        ""json.load"","
"C:\Users\USER\slh-bot-clean\_slh_map\scans\2026-08-13T190652_301937Z00\system_map.json","14637","        ""json.dump"","
"C:\Users\USER\slh-bot-clean\_slh_map\scans\2026-08-13T190652_301937Z00\system_map.json","14708","        ""json.load"","
"C:\Users\USER\slh-bot-clean\_slh_map\scans\2026-08-13T190652_301937Z00\system_map.json","14780","        ""json.dump"","
"C:\Users\USER\slh-bot-clean\_slh_map\scans\2026-08-13T190652_301937Z00\system_map.json","14782","        ""json.load"","
"C:\Users\USER\slh-bot-clean\_slh_map\scans\2026-08-13T190652_301937Z00\system_map.json","14831","        ""json.load"","
"C:\Users\USER\slh-bot-clean\_slh_map\scans\2026-08-13T190652_301937Z00\system_map.json","14833","        ""json.dump"","
"C:\Users\USER\slh-bot-clean\_slh_map\scans\2026-08-13T190652_301937Z00\system_map.json","14836","        ""json.load"","
"C:\Users\USER\slh-bot-clean\_slh_map\scans\2026-08-13T190652_301937Z00\system_map.json","14838","        ""json.dump"","
"C:\Users\USER\slh-bot-clean\_slh_map\scans\2026-08-13T190652_301937Z00\system_map.json","14841","        ""json.load"","
"C:\Users\USER\slh-bot-clean\_slh_map\scans\2026-08-13T190652_301937Z00\system_map.json","14880","        ""json.load"","
"C:\Users\USER\slh-bot-clean\_slh_map\scans\2026-08-13T190652_301937Z00\system_map.json","14882","        ""json.dump"","
"C:\Users\USER\slh-bot-clean\_slh_map\scans\2026-08-13T190652_301937Z00\system_map.json","14941","        ""json.load"","
"C:\Users\USER\slh-bot-clean\_slh_map\scans\2026-08-13T190652_301937Z00\system_map.json","14976","        ""json.load"","
"C:\Users\USER\slh-bot-clean\_slh_map\scans\2026-08-13T190652_301937Z00\system_map.json","14978","        ""json.load"","
"C:\Users\USER\slh-bot-clean\_slh_map\scans\2026-08-13T190652_301937Z00\system_map.json","14980","        ""json.load"","
"C:\Users\USER\slh-bot-clean\_slh_map\scans\2026-08-13T190652_301937Z00\system_map.json","15017","        ""json.dump"","
"C:\Users\USER\slh-bot-clean\_slh_map\scans\2026-08-13T190652_301937Z00\system_map.json","15023","        ""json.load"","
"C:\Users\USER\slh-bot-clean\_slh_map\scans\2026-08-13T190652_301937Z00\system_map.json","15033","      ""path"": ""state_manager.py"","
"C:\Users\USER\slh-bot-clean\_slh_map\scans\2026-08-13T190652_301937Z00\system_map.json","15034","      ""module"": ""state_manager"","
"C:\Users\USER\slh-bot-clean\_slh_map\scans\2026-08-13T190652_301937Z00\system_map.json","15064","        ""json.load"","
"C:\Users\USER\slh-bot-clean\_slh_map\scans\2026-08-13T190652_301937Z00\system_map.json","15067","        ""json.load"","
"C:\Users\USER\slh-bot-clean\_slh_map\scans\2026-08-13T190652_301937Z00\system_map.json","15069","        ""json.dump"","
"C:\Users\USER\slh-bot-clean\_slh_map\scans\2026-08-13T190652_301937Z00\system_map.json","15115","        ""json.load"""
"C:\Users\USER\slh-bot-clean\_slh_map\scans\2026-08-13T190652_301937Z00\system_map.json","15207","        ""json.load"","
"C:\Users\USER\slh-bot-clean\_slh_map\scans\2026-08-13T190652_301937Z00\system_map.json","15209","        ""json.dump"","
"C:\Users\USER\slh-bot-clean\_slh_map\scans\2026-08-13T190652_301937Z00\system_map.json","15253","        ""json.dump"","
"C:\Users\USER\slh-bot-clean\_slh_map\scans\2026-08-13T190652_301937Z00\system_map.json","15258","        ""json.load"","
"C:\Users\USER\slh-bot-clean\_slh_map\scans\2026-08-13T190652_301937Z00\system_map.json","15345","        ""json.load"","
"C:\Users\USER\slh-bot-clean\_slh_map\scans\2026-08-13T190652_301937Z00\system_map.json","15360","        ""json.dumps"","
"C:\Users\USER\slh-bot-clean\_slh_map\scans\2026-08-13T190652_301937Z00\system_map.json","15447","        ""json.load"","
"C:\Users\USER\slh-bot-clean\_slh_map\scans\2026-08-13T190652_301937Z00\system_map.json","15555","        ""json.loads"","
"C:\Users\USER\slh-bot-clean\_slh_map\scans\2026-08-13T190652_301937Z00\system_map.json","15659","        ""json.load"""
"C:\Users\USER\slh-bot-clean\_slh_map\scans\2026-08-13T190652_301937Z00\system_map.json","15749","        ""json.loads"","
"C:\Users\USER\slh-bot-clean\_slh_map\scans\2026-08-13T190652_301937Z00\system_map.json","15858","        ""json.loads"","
"C:\Users\USER\slh-bot-clean\_slh_map\scans\2026-08-13T190652_301937Z00\system_map.json","16031","        ""json.loads"","
"C:\Users\USER\slh-bot-clean\_slh_map\scans\2026-08-13T190652_301937Z00\system_map.json","16214","        ""json.loads"","
"C:\Users\USER\slh-bot-clean\_slh_map\scans\2026-08-13T190652_301937Z00\system_map.json","16219","        ""json.dumps"","
"C:\Users\USER\slh-bot-clean\_slh_map\scans\2026-08-13T190652_301937Z00\system_map.json","16297","        ""json.loads"","
"C:\Users\USER\slh-bot-clean\_slh_map\scans\2026-08-13T190652_301937Z00\system_map.json","16362","        ""json.loads"","
"C:\Users\USER\slh-bot-clean\_slh_map\scans\2026-08-13T190652_301937Z00\system_map.json","16367","        ""json.dumps"","
"C:\Users\USER\slh-bot-clean\_slh_map\scans\2026-08-13T190652_301937Z00\system_map.json","16386","        ""json.loads"","
"C:\Users\USER\slh-bot-clean\_slh_map\scans\2026-08-13T190652_301937Z00\system_map.json","16488","        ""json.loads"","
"C:\Users\USER\slh-bot-clean\_slh_map\scans\2026-08-13T190652_301937Z00\system_map.json","16493","        ""json.dumps"","
"C:\Users\USER\slh-bot-clean\_slh_map\scans\2026-08-13T190652_301937Z00\system_map.json","16567","        ""json.loads"","
"C:\Users\USER\slh-bot-clean\_slh_map\scans\2026-08-13T190652_301937Z00\system_map.json","16705","        ""json.loads"","
"C:\Users\USER\slh-bot-clean\_slh_map\scans\2026-08-13T190652_301937Z00\system_map.json","16831","        ""json.loads"","
"C:\Users\USER\slh-bot-clean\_slh_map\scans\2026-08-13T190652_301937Z00\system_map.json","17012","        ""json.loads"","
"C:\Users\USER\slh-bot-clean\_slh_map\scans\2026-08-13T190652_301937Z00\system_map.json","17177","        ""json.loads"","
"C:\Users\USER\slh-bot-clean\_slh_map\scans\2026-08-13T190652_301937Z00\system_map.json","17364","        ""json.dumps"","
"C:\Users\USER\slh-bot-clean\_slh_map\scans\2026-08-13T190652_301937Z00\system_map.json","17398","        ""state_manager"","
"C:\Users\USER\slh-bot-clean\_slh_map\scans\2026-08-13T190652_301937Z00\system_map.json","17424","        ""state_manager.load_db"","
"C:\Users\USER\slh-bot-clean\_slh_map\scans\2026-08-13T190652_301937Z00\system_map.json","17426","        ""state_manager.load_db"","
"C:\Users\USER\slh-bot-clean\_slh_map\scans\2026-08-13T190652_301937Z00\system_map.json","17427","        ""state_manager.save_db"","
"C:\Users\USER\slh-bot-clean\_slh_map\scans\2026-08-13T190652_301937Z00\system_map.json","17436","        ""state_manager.atomic_update"","
"C:\Users\USER\slh-bot-clean\_slh_map\scans\2026-08-13T190652_301937Z00\system_map.json","17567","        ""json.dumps"","
"C:\Users\USER\slh-bot-clean\_slh_map\scans\2026-08-13T190652_301937Z00\system_map.json","17686","        ""json.loads"","
"C:\Users\USER\slh-bot-clean\_slh_map\scans\2026-08-13T190652_301937Z00\system_map.json","17687","        ""json.dumps"","
"C:\Users\USER\slh-bot-clean\_slh_map\scans\2026-08-13T190652_301937Z00\system_map.json","17791","        ""json.load"","
"C:\Users\USER\slh-bot-clean\_slh_map\scans\2026-08-13T190652_301937Z00\system_map.json","17804","        ""json.dump"","
"C:\Users\USER\slh-bot-clean\_slh_map\scans\2026-08-13T190652_301937Z00\system_map.json","18042","        ""json.dumps"","
"C:\Users\USER\slh-bot-clean\_slh_map\scans\2026-08-13T190652_301937Z00\system_map.json","18159","        ""json.dumps"""
"C:\Users\USER\slh-bot-clean\_slh_map\scans\2026-08-13T190652_301937Z00\system_map.json","18283","        ""json.dumps"","
"C:\Users\USER\slh-bot-clean\_slh_map\scans\2026-08-13T190652_301937Z00\system_map.json","18367","        ""json.dumps"","
"C:\Users\USER\slh-bot-clean\_slh_map\scans\2026-08-13T190652_301937Z00\system_map.json","18597","        ""json.dumps"","
"C:\Users\USER\slh-bot-clean\_slh_map\scans\2026-08-13T190652_301937Z00\system_map.json","18690","        ""json.load"","
"C:\Users\USER\slh-bot-clean\_slh_map\scans\2026-08-13T190652_301937Z00\system_map.json","18691","        ""json.load"","
"C:\Users\USER\slh-bot-clean\_slh_map\scans\2026-08-13T190652_301937Z00\system_map.json","18694","        ""json.load"","
"C:\Users\USER\slh-bot-clean\_slh_map\scans\2026-08-13T190652_301937Z00\system_map.json","18696","        ""json.dumps"","
"C:\Users\USER\slh-bot-clean\_slh_map\scans\2026-08-13T190652_301937Z00\system_map.json","18823","        ""json.dumps"","
"C:\Users\USER\slh-bot-clean\_slh_map\scans\2026-08-13T190652_301937Z00\system_map.json","19054","        ""json.dumps"","
"C:\Users\USER\slh-bot-clean\_slh_map\scans\2026-08-13T190652_301937Z00\system_map.json","19295","        ""json.dumps"","
"C:\Users\USER\slh-bot-clean\_slh_map\scans\2026-08-13T190652_301937Z00\system_map.json","19364","        ""json.loads"","
"C:\Users\USER\slh-bot-clean\_slh_map\scans\2026-08-13T190652_301937Z00\system_map.json","19442","        ""json.dumps"","
"C:\Users\USER\slh-bot-clean\_slh_map\scans\2026-08-13T190652_301937Z00\system_map.json","19568","        ""json.dumps"","
"C:\Users\USER\slh-bot-clean\_slh_map\scans\2026-08-13T190652_301937Z00\system_map.json","19670","        ""json.dumps"","
"C:\Users\USER\slh-bot-clean\_slh_map\scans\2026-08-13T190652_301937Z00\system_map.json","19770","        ""json.load"","
"C:\Users\USER\slh-bot-clean\_slh_map\scans\2026-08-13T190652_301937Z00\system_map.json","19836","        ""json.dumps"","
"C:\Users\USER\slh-bot-clean\_slh_map\scans\2026-08-13T190652_301937Z00\system_map.json","19838","        ""json.loads"","
"C:\Users\USER\slh-bot-clean\_slh_map\scans\2026-08-13T190652_301937Z00\system_map.json","20079","        ""json.loads"","
"C:\Users\USER\slh-bot-clean\_slh_map\scans\2026-08-13T190652_301937Z00\system_map.json","20086","        ""json.loads"","
"C:\Users\USER\slh-bot-clean\_slh_map\scans\2026-08-13T190652_301937Z00\system_map.json","20093","        ""json.loads"","
"C:\Users\USER\slh-bot-clean\_slh_map\scans\2026-08-13T190652_301937Z00\system_map.json","20100","        ""json.loads"","
"C:\Users\USER\slh-bot-clean\_slh_map\scans\2026-08-13T190652_301937Z00\system_map.json","20140","        ""json.loads"","
"C:\Users\USER\slh-bot-clean\_slh_map\scans\2026-08-13T190652_301937Z00\system_map.json","20212","        ""json.loads"","
"C:\Users\USER\slh-bot-clean\_slh_map\scans\2026-08-13T190652_301937Z00\system_map.json","20223","        ""json.dumps"","
"C:\Users\USER\slh-bot-clean\_slh_map\scans\2026-08-13T190652_301937Z00\system_map.json","20226","        ""json.dumps"","
"C:\Users\USER\slh-bot-clean\_slh_map\scans\2026-08-13T190652_301937Z00\system_map.json","20229","        ""json.dumps"","
"C:\Users\USER\slh-bot-clean\_slh_map\scans\2026-08-13T190652_301937Z00\system_map.json","20232","        ""json.dumps"","
"C:\Users\USER\slh-bot-clean\_slh_map\scans\2026-08-13T190652_301937Z00\system_map.json","20300","        ""json.dumps"","
"C:\Users\USER\slh-bot-clean\_slh_map\scans\2026-08-13T190652_301937Z00\system_map.json","20469","        ""json.dumps"","
"C:\Users\USER\slh-bot-clean\_slh_map\scans\2026-08-13T190652_301937Z00\system_map.json","21012","        ""json.loads"","
"C:\Users\USER\slh-bot-clean\_slh_map\scans\2026-08-13T190652_301937Z00\system_map.json","21026","        ""json.dumps"","
"C:\Users\USER\slh-bot-clean\_slh_map\scans\2026-08-13T190652_301937Z00\system_map.json","21125","        ""json.dumps"","
"C:\Users\USER\slh-bot-clean\_slh_map\scans\2026-08-13T190652_301937Z00\system_map.json","21215","        ""json.dumps"","
"C:\Users\USER\slh-bot-clean\_slh_map\scans\2026-08-13T190652_301937Z00\system_map.json","21395","        ""json.load"","
"C:\Users\USER\slh-bot-clean\_slh_map\scans\2026-08-13T190652_301937Z00\system_map.json","21518","      ""target"": ""state_manager"","
"C:\Users\USER\slh-bot-clean\_slh_map\scans\2026-08-13T190652_301937Z00\system_map.json","21558","      ""target"": ""state_manager"","
"C:\Users\USER\slh-bot-clean\_slh_map\scans\2026-08-13T190652_301937Z00\system_map.json","21683","      ""target"": ""state_manager"","
"C:\Users\USER\slh-bot-clean\_slh_map\scans\2026-08-13T190652_301937Z00\system_map.json","21708","      ""target"": ""state_manager"","
"C:\Users\USER\slh-bot-clean\_slh_map\scans\2026-08-13T190652_301937Z00\system_map.json","21723","      ""target"": ""state_manager"","
"C:\Users\USER\slh-bot-clean\_slh_map\scans\2026-08-13T190652_301937Z00\system_map.json","21793","      ""target"": ""state_manager"","
"C:\Users\USER\slh-bot-clean\_slh_map\scans\2026-08-13T190652_301937Z00\system_map.json","21798","      ""target"": ""state_manager"","
"C:\Users\USER\slh-bot-clean\_slh_map\scans\2026-08-13T190652_301937Z00\system_map.json","21928","      ""target"": ""state_manager"","
"C:\Users\USER\slh-bot-clean\_slh_map\scans\2026-08-13T190652_301937Z00\system_map.json","22003","      ""target"": ""state_manager"","
"C:\Users\USER\slh-bot-clean\_slh_map\scans\2026-08-13T190652_301937Z00\system_map.json","22008","      ""target"": ""state_manager"","
"C:\Users\USER\slh-bot-clean\_slh_map\scans\2026-08-13T190652_301937Z00\system_map.json","22018","      ""target"": ""state_manager"","
"C:\Users\USER\slh-bot-clean\_slh_map\scans\2026-08-13T190652_301937Z00\system_map.json","22088","      ""target"": ""state_manager"","
"C:\Users\USER\slh-bot-clean\_slh_map\scans\2026-08-13T190652_301937Z00\system_map.json","22103","      ""target"": ""state_manager"","
"C:\Users\USER\slh-bot-clean\_slh_map\scans\2026-08-13T190652_301937Z00\system_map.json","22223","      ""target"": ""state_manager"","
"C:\Users\USER\slh-bot-clean\_slh_map\scans\2026-08-13T190652_301937Z00\system_map.json","22243","      ""target"": ""state_manager"","
"C:\Users\USER\slh-bot-clean\_slh_map\scans\2026-08-13T190652_301937Z00\system_map.json","22273","      ""target"": ""state_manager"","
"C:\Users\USER\slh-bot-clean\_slh_map\scans\2026-08-13T190652_301937Z00\system_map.json","22423","      ""target"": ""state_manager"","
"C:\Users\USER\slh-bot-clean\_slh_map\scans\DNA_EXPORT_20260813_215957\system_map.json","235","        ""json.load"","
"C:\Users\USER\slh-bot-clean\_slh_map\scans\DNA_EXPORT_20260813_215957\system_map.json","238","        ""json.load"","
"C:\Users\USER\slh-bot-clean\_slh_map\scans\DNA_EXPORT_20260813_215957\system_map.json","240","        ""json.dump"","
"C:\Users\USER\slh-bot-clean\_slh_map\scans\DNA_EXPORT_20260813_215957\system_map.json","453","        ""json.loads"","
"C:\Users\USER\slh-bot-clean\_slh_map\scans\DNA_EXPORT_20260813_215957\system_map.json","552","        ""json.loads"","
"C:\Users\USER\slh-bot-clean\_slh_map\scans\DNA_EXPORT_20260813_215957\system_map.json","602","        ""json.dumps"","
"C:\Users\USER\slh-bot-clean\_slh_map\scans\DNA_EXPORT_20260813_215957\system_map.json","642","        ""json.loads"","
"C:\Users\USER\slh-bot-clean\_slh_map\scans\DNA_EXPORT_20260813_215957\system_map.json","752","        ""json.loads"","
"C:\Users\USER\slh-bot-clean\_slh_map\scans\DNA_EXPORT_20260813_215957\system_map.json","755","        ""json.dumps"""
"C:\Users\USER\slh-bot-clean\_slh_map\scans\DNA_EXPORT_20260813_215957\system_map.json","785","        ""json.load"","
"C:\Users\USER\slh-bot-clean\_slh_map\scans\DNA_EXPORT_20260813_215957\system_map.json","924","        ""json.load"","
"C:\Users\USER\slh-bot-clean\_slh_map\scans\DNA_EXPORT_20260813_215957\system_map.json","935","        ""json.load"","
"C:\Users\USER\slh-bot-clean\_slh_map\scans\DNA_EXPORT_20260813_215957\system_map.json","942","        ""json.load"","
"C:\Users\USER\slh-bot-clean\_slh_map\scans\DNA_EXPORT_20260813_215957\system_map.json","1009","        ""state_manager"","
"C:\Users\USER\slh-bot-clean\_slh_map\scans\DNA_EXPORT_20260813_215957\system_map.json","1187","        ""json.load"","
"C:\Users\USER\slh-bot-clean\_slh_map\scans\DNA_EXPORT_20260813_215957\system_map.json","1196","        ""json.dump"","
"C:\Users\USER\slh-bot-clean\_slh_map\scans\DNA_EXPORT_20260813_215957\system_map.json","1200","        ""json.load"","
"C:\Users\USER\slh-bot-clean\_slh_map\scans\DNA_EXPORT_20260813_215957\system_map.json","1212","        ""json.dump"","
"C:\Users\USER\slh-bot-clean\_slh_map\scans\DNA_EXPORT_20260813_215957\system_map.json","1267","        ""json.load"","
"C:\Users\USER\slh-bot-clean\_slh_map\scans\DNA_EXPORT_20260813_215957\system_map.json","1275","        ""json.load"","
"C:\Users\USER\slh-bot-clean\_slh_map\scans\DNA_EXPORT_20260813_215957\system_map.json","1297","        ""json.load"","
"C:\Users\USER\slh-bot-clean\_slh_map\scans\DNA_EXPORT_20260813_215957\system_map.json","1303","        ""json.load"","
"C:\Users\USER\slh-bot-clean\_slh_map\scans\DNA_EXPORT_20260813_215957\system_map.json","1312","        ""json.loads"","
"C:\Users\USER\slh-bot-clean\_slh_map\scans\DNA_EXPORT_20260813_215957\system_map.json","1336","        ""json.load"","
"C:\Users\USER\slh-bot-clean\_slh_map\scans\DNA_EXPORT_20260813_215957\system_map.json","1345","        ""json.load"","
"C:\Users\USER\slh-bot-clean\_slh_map\scans\DNA_EXPORT_20260813_215957\system_map.json","1435","        ""state_manager"""
"C:\Users\USER\slh-bot-clean\_slh_map\scans\DNA_EXPORT_20260813_215957\system_map.json","1454","        ""state_manager.load_db"","
"C:\Users\USER\slh-bot-clean\_slh_map\scans\DNA_EXPORT_20260813_215957\system_map.json","1462","        ""json.load"","
"C:\Users\USER\slh-bot-clean\_slh_map\scans\DNA_EXPORT_20260813_215957\system_map.json","1503","        ""json.load"","
"C:\Users\USER\slh-bot-clean\_slh_map\scans\DNA_EXPORT_20260813_215957\system_map.json","1505","        ""json.dump"","
"C:\Users\USER\slh-bot-clean\_slh_map\scans\DNA_EXPORT_20260813_215957\system_map.json","1665","        ""json.load"","
"C:\Users\USER\slh-bot-clean\_slh_map\scans\DNA_EXPORT_20260813_215957\system_map.json","1739","        ""json.load"","
"C:\Users\USER\slh-bot-clean\_slh_map\scans\DNA_EXPORT_20260813_215957\system_map.json","1927","        ""json.dumps"","
"C:\Users\USER\slh-bot-clean\_slh_map\scans\DNA_EXPORT_20260813_215957\system_map.json","1932","        ""json.load"","
"C:\Users\USER\slh-bot-clean\_slh_map\scans\DNA_EXPORT_20260813_215957\system_map.json","1960","        ""json.dump"","
"C:\Users\USER\slh-bot-clean\_slh_map\scans\DNA_EXPORT_20260813_215957\system_map.json","1992","        ""json.load"","
"C:\Users\USER\slh-bot-clean\_slh_map\scans\DNA_EXPORT_20260813_215957\system_map.json","2058","        ""json.loads"","
"C:\Users\USER\slh-bot-clean\_slh_map\scans\DNA_EXPORT_20260813_215957\system_map.json","2059","        ""json.dumps"","
"C:\Users\USER\slh-bot-clean\_slh_map\scans\DNA_EXPORT_20260813_215957\system_map.json","2194","        ""json.dumps"","
"C:\Users\USER\slh-bot-clean\_slh_map\scans\DNA_EXPORT_20260813_215957\system_map.json","2195","        ""json.loads"","
"C:\Users\USER\slh-bot-clean\_slh_map\scans\DNA_EXPORT_20260813_215957\system_map.json","2268","        ""json.load"""
"C:\Users\USER\slh-bot-clean\_slh_map\scans\DNA_EXPORT_20260813_215957\system_map.json","2329","        ""json.load"","
"C:\Users\USER\slh-bot-clean\_slh_map\scans\DNA_EXPORT_20260813_215957\system_map.json","2333","        ""json.load"","
"C:\Users\USER\slh-bot-clean\_slh_map\scans\DNA_EXPORT_20260813_215957\system_map.json","2376","        ""json.load"","
"C:\Users\USER\slh-bot-clean\_slh_map\scans\DNA_EXPORT_20260813_215957\system_map.json","2563","        ""json.dumps"","
"C:\Users\USER\slh-bot-clean\_slh_map\scans\DNA_EXPORT_20260813_215957\system_map.json","2915","        ""json.loads"","
"C:\Users\USER\slh-bot-clean\_slh_map\scans\DNA_EXPORT_20260813_215957\system_map.json","2981","        ""json.dumps"","
"C:\Users\USER\slh-bot-clean\_slh_map\scans\DNA_EXPORT_20260813_215957\system_map.json","2998","        ""json.dumps"","
"C:\Users\USER\slh-bot-clean\_slh_map\scans\DNA_EXPORT_20260813_215957\system_map.json","3034","        ""json.dumps"","
"C:\Users\USER\slh-bot-clean\_slh_map\scans\DNA_EXPORT_20260813_215957\system_map.json","3039","        ""json.dumps"","
"C:\Users\USER\slh-bot-clean\_slh_map\scans\DNA_EXPORT_20260813_215957\system_map.json","3051","        ""json.dumps"","
"C:\Users\USER\slh-bot-clean\_slh_map\scans\DNA_EXPORT_20260813_215957\system_map.json","3052","        ""json.dumps"","
"C:\Users\USER\slh-bot-clean\_slh_map\scans\DNA_EXPORT_20260813_215957\system_map.json","3061","        ""json.dumps"","
"C:\Users\USER\slh-bot-clean\_slh_map\scans\DNA_EXPORT_20260813_215957\system_map.json","3062","        ""json.dumps"","
"C:\Users\USER\slh-bot-clean\_slh_map\scans\DNA_EXPORT_20260813_215957\system_map.json","3069","        ""json.loads"","
"C:\Users\USER\slh-bot-clean\_slh_map\scans\DNA_EXPORT_20260813_215957\system_map.json","3072","        ""json.dumps"","
"C:\Users\USER\slh-bot-clean\_slh_map\scans\DNA_EXPORT_20260813_215957\system_map.json","3117","        ""json.loads"","
"C:\Users\USER\slh-bot-clean\_slh_map\scans\DNA_EXPORT_20260813_215957\system_map.json","3120","        ""json.dumps"","
"C:\Users\USER\slh-bot-clean\_slh_map\scans\DNA_EXPORT_20260813_215957\system_map.json","3398","        ""state_manager"""
"C:\Users\USER\slh-bot-clean\_slh_map\scans\DNA_EXPORT_20260813_215957\system_map.json","3431","        ""state_manager.atomic_update"","
"C:\Users\USER\slh-bot-clean\_slh_map\scans\DNA_EXPORT_20260813_215957\system_map.json","3446","        ""json.load"","
"C:\Users\USER\slh-bot-clean\_slh_map\scans\DNA_EXPORT_20260813_215957\system_map.json","3448","        ""json.dump"","
"C:\Users\USER\slh-bot-clean\_slh_map\scans\DNA_EXPORT_20260813_215957\system_map.json","3524","        ""json.loads"","
"C:\Users\USER\slh-bot-clean\_slh_map\scans\DNA_EXPORT_20260813_215957\system_map.json","3551","        ""json.dumps"","
"C:\Users\USER\slh-bot-clean\_slh_map\scans\DNA_EXPORT_20260813_215957\system_map.json","3636","        ""json.loads"","
"C:\Users\USER\slh-bot-clean\_slh_map\scans\DNA_EXPORT_20260813_215957\system_map.json","3681","        ""json.dumps"","
"C:\Users\USER\slh-bot-clean\_slh_map\scans\DNA_EXPORT_20260813_215957\system_map.json","3717","        ""json.loads"","
"C:\Users\USER\slh-bot-clean\_slh_map\scans\DNA_EXPORT_20260813_215957\system_map.json","3718","        ""json.dumps"","
"C:\Users\USER\slh-bot-clean\_slh_map\scans\DNA_EXPORT_20260813_215957\system_map.json","3866","        ""json.dumps"","
"C:\Users\USER\slh-bot-clean\_slh_map\scans\DNA_EXPORT_20260813_215957\system_map.json","3882","        ""json.load"","
"C:\Users\USER\slh-bot-clean\_slh_map\scans\DNA_EXPORT_20260813_215957\system_map.json","3964","        ""json.dump"","
"C:\Users\USER\slh-bot-clean\_slh_map\scans\DNA_EXPORT_20260813_215957\system_map.json","3985","        ""json.load"","
"C:\Users\USER\slh-bot-clean\_slh_map\scans\DNA_EXPORT_20260813_215957\system_map.json","4024","        ""json.load"","
"C:\Users\USER\slh-bot-clean\_slh_map\scans\DNA_EXPORT_20260813_215957\system_map.json","4026","        ""json.dump"","
"C:\Users\USER\slh-bot-clean\_slh_map\scans\DNA_EXPORT_20260813_215957\system_map.json","4068","        ""json.load"","
"C:\Users\USER\slh-bot-clean\_slh_map\scans\DNA_EXPORT_20260813_215957\system_map.json","4072","        ""json.load"","
"C:\Users\USER\slh-bot-clean\_slh_map\scans\DNA_EXPORT_20260813_215957\system_map.json","4187","        ""json.dumps"","
"C:\Users\USER\slh-bot-clean\_slh_map\scans\DNA_EXPORT_20260813_215957\system_map.json","4197","        ""json.loads"","
"C:\Users\USER\slh-bot-clean\_slh_map\scans\DNA_EXPORT_20260813_215957\system_map.json","4303","        ""state_manager"""
"C:\Users\USER\slh-bot-clean\_slh_map\scans\DNA_EXPORT_20260813_215957\system_map.json","4319","        ""state_manager.get_agents"","
"C:\Users\USER\slh-bot-clean\_slh_map\scans\DNA_EXPORT_20260813_215957\system_map.json","4320","        ""state_manager.set_agents"","
"C:\Users\USER\slh-bot-clean\_slh_map\scans\DNA_EXPORT_20260813_215957\system_map.json","4330","        ""json.load"","
"C:\Users\USER\slh-bot-clean\_slh_map\scans\DNA_EXPORT_20260813_215957\system_map.json","4404","        ""json.dump"","
"C:\Users\USER\slh-bot-clean\_slh_map\scans\DNA_EXPORT_20260813_215957\system_map.json","4417","        ""json.load"","
"C:\Users\USER\slh-bot-clean\_slh_map\scans\DNA_EXPORT_20260813_215957\system_map.json","4622","        ""json.dump"","
"C:\Users\USER\slh-bot-clean\_slh_map\scans\DNA_EXPORT_20260813_215957\system_map.json","4631","        ""json.load"","
"C:\Users\USER\slh-bot-clean\_slh_map\scans\DNA_EXPORT_20260813_215957\system_map.json","4702","        ""state_manager"","
"C:\Users\USER\slh-bot-clean\_slh_map\scans\DNA_EXPORT_20260813_215957\system_map.json","4723","        ""state_manager.load_db"","
"C:\Users\USER\slh-bot-clean\_slh_map\scans\DNA_EXPORT_20260813_215957\system_map.json","4727","        ""state_manager.load_db"","
"C:\Users\USER\slh-bot-clean\_slh_map\scans\DNA_EXPORT_20260813_215957\system_map.json","4733","        ""state_manager.save_db"","
"C:\Users\USER\slh-bot-clean\_slh_map\scans\DNA_EXPORT_20260813_215957\system_map.json","4737","        ""state_manager.load_db"","
"C:\Users\USER\slh-bot-clean\_slh_map\scans\DNA_EXPORT_20260813_215957\system_map.json","4739","        ""state_manager.save_db"","
"C:\Users\USER\slh-bot-clean\_slh_map\scans\DNA_EXPORT_20260813_215957\system_map.json","5005","        ""json.load"","
"C:\Users\USER\slh-bot-clean\_slh_map\scans\DNA_EXPORT_20260813_215957\system_map.json","5188","        ""json.load"","
"C:\Users\USER\slh-bot-clean\_slh_map\scans\DNA_EXPORT_20260813_215957\system_map.json","5190","        ""json.dump"","
"C:\Users\USER\slh-bot-clean\_slh_map\scans\DNA_EXPORT_20260813_215957\system_map.json","5297","        ""json.dumps"""
"C:\Users\USER\slh-bot-clean\_slh_map\scans\DNA_EXPORT_20260813_215957\system_map.json","5450","        ""json.load"","
"C:\Users\USER\slh-bot-clean\_slh_map\scans\DNA_EXPORT_20260813_215957\system_map.json","5452","        ""json.dump"","
"C:\Users\USER\slh-bot-clean\_slh_map\scans\DNA_EXPORT_20260813_215957\system_map.json","5510","        ""json.load"","
"C:\Users\USER\slh-bot-clean\_slh_map\scans\DNA_EXPORT_20260813_215957\system_map.json","5562","        ""json.load"","
"C:\Users\USER\slh-bot-clean\_slh_map\scans\DNA_EXPORT_20260813_215957\system_map.json","5628","        ""json.load"","
"C:\Users\USER\slh-bot-clean\_slh_map\scans\DNA_EXPORT_20260813_215957\system_map.json","5682","        ""state_manager"""
"C:\Users\USER\slh-bot-clean\_slh_map\scans\DNA_EXPORT_20260813_215957\system_map.json","5708","        ""state_manager.load_db"","
"C:\Users\USER\slh-bot-clean\_slh_map\scans\DNA_EXPORT_20260813_215957\system_map.json","5786","        ""json.load"","
"C:\Users\USER\slh-bot-clean\_slh_map\scans\DNA_EXPORT_20260813_215957\system_map.json","5894","        ""json.dump"","
"C:\Users\USER\slh-bot-clean\_slh_map\scans\DNA_EXPORT_20260813_215957\system_map.json","5921","        ""json.load"","
"C:\Users\USER\slh-bot-clean\_slh_map\scans\DNA_EXPORT_20260813_215957\system_map.json","6005","        ""json.dump"","
"C:\Users\USER\slh-bot-clean\_slh_map\scans\DNA_EXPORT_20260813_215957\system_map.json","6026","        ""json.load"","
"C:\Users\USER\slh-bot-clean\_slh_map\scans\DNA_EXPORT_20260813_215957\system_map.json","6036","        ""json.load"","
"C:\Users\USER\slh-bot-clean\_slh_map\scans\DNA_EXPORT_20260813_215957\system_map.json","6093","        ""state_manager"","
"C:\Users\USER\slh-bot-clean\_slh_map\scans\DNA_EXPORT_20260813_215957\system_map.json","6113","        ""state_manager.atomic_update"","
"C:\Users\USER\slh-bot-clean\_slh_map\scans\DNA_EXPORT_20260813_215957\system_map.json","6119","        ""state_manager.load_db"","
"C:\Users\USER\slh-bot-clean\_slh_map\scans\DNA_EXPORT_20260813_215957\system_map.json","6124","        ""state_manager.save_db"","
"C:\Users\USER\slh-bot-clean\_slh_map\scans\DNA_EXPORT_20260813_215957\system_map.json","6186","        ""json.dump"","
"C:\Users\USER\slh-bot-clean\_slh_map\scans\DNA_EXPORT_20260813_215957\system_map.json","6189","        ""json.load"","
"C:\Users\USER\slh-bot-clean\_slh_map\scans\DNA_EXPORT_20260813_215957\system_map.json","6359","        ""json.loads"","
"C:\Users\USER\slh-bot-clean\_slh_map\scans\DNA_EXPORT_20260813_215957\system_map.json","6361","        ""json.loads"","
"C:\Users\USER\slh-bot-clean\_slh_map\scans\DNA_EXPORT_20260813_215957\system_map.json","6377","        ""json.dumps"","
"C:\Users\USER\slh-bot-clean\_slh_map\scans\DNA_EXPORT_20260813_215957\system_map.json","6627","        ""json.loads"","
"C:\Users\USER\slh-bot-clean\_slh_map\scans\DNA_EXPORT_20260813_215957\system_map.json","6631","        ""json.dumps"""
"C:\Users\USER\slh-bot-clean\_slh_map\scans\DNA_EXPORT_20260813_215957\system_map.json","6813","        ""json.load"","
"C:\Users\USER\slh-bot-clean\_slh_map\scans\DNA_EXPORT_20260813_215957\system_map.json","6992","        ""json.load"","
"C:\Users\USER\slh-bot-clean\_slh_map\scans\DNA_EXPORT_20260813_215957\system_map.json","7027","        ""json.loads"","
"C:\Users\USER\slh-bot-clean\_slh_map\scans\DNA_EXPORT_20260813_215957\system_map.json","7034","        ""json.dumps"","
"C:\Users\USER\slh-bot-clean\_slh_map\scans\DNA_EXPORT_20260813_215957\system_map.json","7095","        ""json.load"","
"C:\Users\USER\slh-bot-clean\_slh_map\scans\DNA_EXPORT_20260813_215957\system_map.json","7145","        ""json.load"","
"C:\Users\USER\slh-bot-clean\_slh_map\scans\DNA_EXPORT_20260813_215957\system_map.json","7236","        ""json.dump"","
"C:\Users\USER\slh-bot-clean\_slh_map\scans\DNA_EXPORT_20260813_215957\system_map.json","7253","        ""json.load"","
"C:\Users\USER\slh-bot-clean\_slh_map\scans\DNA_EXPORT_20260813_215957\system_map.json","7423","        ""json.load"","
"C:\Users\USER\slh-bot-clean\_slh_map\scans\DNA_EXPORT_20260813_215957\system_map.json","7503","        ""json.load"","
"C:\Users\USER\slh-bot-clean\_slh_map\scans\DNA_EXPORT_20260813_215957\system_map.json","7567","        ""state_manager"","
"C:\Users\USER\slh-bot-clean\_slh_map\scans\DNA_EXPORT_20260813_215957\system_map.json","7602","        ""state_manager.load_db"","
"C:\Users\USER\slh-bot-clean\_slh_map\scans\DNA_EXPORT_20260813_215957\system_map.json","7612","        ""state_manager.load_db"","
"C:\Users\USER\slh-bot-clean\_slh_map\scans\DNA_EXPORT_20260813_215957\system_map.json","7619","        ""state_manager.load_db"","
"C:\Users\USER\slh-bot-clean\_slh_map\scans\DNA_EXPORT_20260813_215957\system_map.json","7621","        ""state_manager.load_db"","
"C:\Users\USER\slh-bot-clean\_slh_map\scans\DNA_EXPORT_20260813_215957\system_map.json","7628","        ""state_manager.load_db"","
"C:\Users\USER\slh-bot-clean\_slh_map\scans\DNA_EXPORT_20260813_215957\system_map.json","7631","        ""state_manager.save_db"","
"C:\Users\USER\slh-bot-clean\_slh_map\scans\DNA_EXPORT_20260813_215957\system_map.json","7653","        ""state_manager.save_db"","
"C:\Users\USER\slh-bot-clean\_slh_map\scans\DNA_EXPORT_20260813_215957\system_map.json","7731","        ""json.load"","
"C:\Users\USER\slh-bot-clean\_slh_map\scans\DNA_EXPORT_20260813_215957\system_map.json","7793","        ""json.load"","
"C:\Users\USER\slh-bot-clean\_slh_map\scans\DNA_EXPORT_20260813_215957\system_map.json","7798","        ""json.load"","
"C:\Users\USER\slh-bot-clean\_slh_map\scans\DNA_EXPORT_20260813_215957\system_map.json","7885","        ""json.load"","
"C:\Users\USER\slh-bot-clean\_slh_map\scans\DNA_EXPORT_20260813_215957\system_map.json","7889","        ""json.dump"","
"C:\Users\USER\slh-bot-clean\_slh_map\scans\DNA_EXPORT_20260813_215957\system_map.json","7892","        ""json.load"","
"C:\Users\USER\slh-bot-clean\_slh_map\scans\DNA_EXPORT_20260813_215957\system_map.json","7896","        ""json.dump"","
"C:\Users\USER\slh-bot-clean\_slh_map\scans\DNA_EXPORT_20260813_215957\system_map.json","8023","        ""json.load"","
"C:\Users\USER\slh-bot-clean\_slh_map\scans\DNA_EXPORT_20260813_215957\system_map.json","8025","        ""json.dump"","
"C:\Users\USER\slh-bot-clean\_slh_map\scans\DNA_EXPORT_20260813_215957\system_map.json","8109","        ""json.load"","
"C:\Users\USER\slh-bot-clean\_slh_map\scans\DNA_EXPORT_20260813_215957\system_map.json","8113","        ""json.load"","
"C:\Users\USER\slh-bot-clean\_slh_map\scans\DNA_EXPORT_20260813_215957\system_map.json","8115","        ""json.dump"","
"C:\Users\USER\slh-bot-clean\_slh_map\scans\DNA_EXPORT_20260813_215957\system_map.json","8148","        ""json.load"","
"C:\Users\USER\slh-bot-clean\_slh_map\scans\DNA_EXPORT_20260813_215957\system_map.json","8291","        ""json.load"","
"C:\Users\USER\slh-bot-clean\_slh_map\scans\DNA_EXPORT_20260813_215957\system_map.json","8455","        ""state_manager"","
"C:\Users\USER\slh-bot-clean\_slh_map\scans\DNA_EXPORT_20260813_215957\system_map.json","8497","        ""json.dump"","
"C:\Users\USER\slh-bot-clean\_slh_map\scans\DNA_EXPORT_20260813_215957\system_map.json","8505","        ""json.load"","
"C:\Users\USER\slh-bot-clean\_slh_map\scans\DNA_EXPORT_20260813_215957\system_map.json","8510","        ""state_manager.get_agents"","
"C:\Users\USER\slh-bot-clean\_slh_map\scans\DNA_EXPORT_20260813_215957\system_map.json","8514","        ""json.load"","
"C:\Users\USER\slh-bot-clean\_slh_map\scans\DNA_EXPORT_20260813_215957\system_map.json","8523","        ""state_manager.set_agents"","
"C:\Users\USER\slh-bot-clean\_slh_map\scans\DNA_EXPORT_20260813_215957\system_map.json","8535","        ""json.dump"","
"C:\Users\USER\slh-bot-clean\_slh_map\scans\DNA_EXPORT_20260813_215957\system_map.json","8700","        ""state_manager"""
"C:\Users\USER\slh-bot-clean\_slh_map\scans\DNA_EXPORT_20260813_215957\system_map.json","8714","        ""state_manager.load_db"","
"C:\Users\USER\slh-bot-clean\_slh_map\scans\DNA_EXPORT_20260813_215957\system_map.json","8721","        ""state_manager.load_db"","
"C:\Users\USER\slh-bot-clean\_slh_map\scans\DNA_EXPORT_20260813_215957\system_map.json","8722","        ""state_manager.save_db"","
"C:\Users\USER\slh-bot-clean\_slh_map\scans\DNA_EXPORT_20260813_215957\system_map.json","8746","        ""state_manager"","
"C:\Users\USER\slh-bot-clean\_slh_map\scans\DNA_EXPORT_20260813_215957\system_map.json","8776","        ""state_manager.load_db"","
"C:\Users\USER\slh-bot-clean\_slh_map\scans\DNA_EXPORT_20260813_215957\system_map.json","8787","        ""state_manager.load_db"","
"C:\Users\USER\slh-bot-clean\_slh_map\scans\DNA_EXPORT_20260813_215957\system_map.json","8792","        ""state_manager.save_db"","
"C:\Users\USER\slh-bot-clean\_slh_map\scans\DNA_EXPORT_20260813_215957\system_map.json","8796","        ""state_manager.load_db"","
"C:\Users\USER\slh-bot-clean\_slh_map\scans\DNA_EXPORT_20260813_215957\system_map.json","8802","        ""state_manager.save_db"","
"C:\Users\USER\slh-bot-clean\_slh_map\scans\DNA_EXPORT_20260813_215957\system_map.json","8806","        ""state_manager.load_db"","
"C:\Users\USER\slh-bot-clean\_slh_map\scans\DNA_EXPORT_20260813_215957\system_map.json","8809","        ""state_manager.save_db"","
"C:\Users\USER\slh-bot-clean\_slh_map\scans\DNA_EXPORT_20260813_215957\system_map.json","8812","        ""state_manager.load_db"","
"C:\Users\USER\slh-bot-clean\_slh_map\scans\DNA_EXPORT_20260813_215957\system_map.json","8819","        ""state_manager.load_db"","
"C:\Users\USER\slh-bot-clean\_slh_map\scans\DNA_EXPORT_20260813_215957\system_map.json","8821","        ""state_manager.save_db"","
"C:\Users\USER\slh-bot-clean\_slh_map\scans\DNA_EXPORT_20260813_215957\system_map.json","8906","        ""json.dump"","
"C:\Users\USER\slh-bot-clean\_slh_map\scans\DNA_EXPORT_20260813_215957\system_map.json","8908","        ""json.load"""
"C:\Users\USER\slh-bot-clean\_slh_map\scans\DNA_EXPORT_20260813_215957\system_map.json","8995","        ""json.loads"","
"C:\Users\USER\slh-bot-clean\_slh_map\scans\DNA_EXPORT_20260813_215957\system_map.json","9048","        ""json.dumps"","
"C:\Users\USER\slh-bot-clean\_slh_map\scans\DNA_EXPORT_20260813_215957\system_map.json","9178","        ""json.loads"","
"C:\Users\USER\slh-bot-clean\_slh_map\scans\DNA_EXPORT_20260813_215957\system_map.json","9187","        ""json.dumps"","
"C:\Users\USER\slh-bot-clean\_slh_map\scans\DNA_EXPORT_20260813_215957\system_map.json","9215","        ""json.dumps"","
"C:\Users\USER\slh-bot-clean\_slh_map\scans\DNA_EXPORT_20260813_215957\system_map.json","9254","        ""json.dumps"","
"C:\Users\USER\slh-bot-clean\_slh_map\scans\DNA_EXPORT_20260813_215957\system_map.json","9255","        ""json.dumps"","
"C:\Users\USER\slh-bot-clean\_slh_map\scans\DNA_EXPORT_20260813_215957\system_map.json","9327","        ""json.loads"","
"C:\Users\USER\slh-bot-clean\_slh_map\scans\DNA_EXPORT_20260813_215957\system_map.json","9335","        ""json.dumps"","
"C:\Users\USER\slh-bot-clean\_slh_map\scans\DNA_EXPORT_20260813_215957\system_map.json","9360","        ""json.dumps"","
"C:\Users\USER\slh-bot-clean\_slh_map\scans\DNA_EXPORT_20260813_215957\system_map.json","9398","        ""json.dumps"","
"C:\Users\USER\slh-bot-clean\_slh_map\scans\DNA_EXPORT_20260813_215957\system_map.json","9399","        ""json.dumps"","
"C:\Users\USER\slh-bot-clean\_slh_map\scans\DNA_EXPORT_20260813_215957\system_map.json","9469","        ""json.loads"","
"C:\Users\USER\slh-bot-clean\_slh_map\scans\DNA_EXPORT_20260813_215957\system_map.json","9478","        ""json.dumps"","
"C:\Users\USER\slh-bot-clean\_slh_map\scans\DNA_EXPORT_20260813_215957\system_map.json","9599","        ""json.loads"","
"C:\Users\USER\slh-bot-clean\_slh_map\scans\DNA_EXPORT_20260813_215957\system_map.json","9643","        ""json.dumps"","
"C:\Users\USER\slh-bot-clean\_slh_map\scans\DNA_EXPORT_20260813_215957\system_map.json","9750","        ""json.loads"","
"C:\Users\USER\slh-bot-clean\_slh_map\scans\DNA_EXPORT_20260813_215957\system_map.json","9773","        ""json.dumps"","
"C:\Users\USER\slh-bot-clean\_slh_map\scans\DNA_EXPORT_20260813_215957\system_map.json","9813","        ""json.dumps"","
"C:\Users\USER\slh-bot-clean\_slh_map\scans\DNA_EXPORT_20260813_215957\system_map.json","9871","        ""json.loads"","
"C:\Users\USER\slh-bot-clean\_slh_map\scans\DNA_EXPORT_20260813_215957\system_map.json","9979","        ""json.loads"","
"C:\Users\USER\slh-bot-clean\_slh_map\scans\DNA_EXPORT_20260813_215957\system_map.json","10155","        ""json.loads"","
"C:\Users\USER\slh-bot-clean\_slh_map\scans\DNA_EXPORT_20260813_215957\system_map.json","10172","        ""json.dumps"","
"C:\Users\USER\slh-bot-clean\_slh_map\scans\DNA_EXPORT_20260813_215957\system_map.json","10220","        ""json.dumps"","
"C:\Users\USER\slh-bot-clean\_slh_map\scans\DNA_EXPORT_20260813_215957\system_map.json","10281","        ""json.loads"","
"C:\Users\USER\slh-bot-clean\_slh_map\scans\DNA_EXPORT_20260813_215957\system_map.json","10290","        ""json.dumps"","
"C:\Users\USER\slh-bot-clean\_slh_map\scans\DNA_EXPORT_20260813_215957\system_map.json","10413","        ""json.loads"","
"C:\Users\USER\slh-bot-clean\_slh_map\scans\DNA_EXPORT_20260813_215957\system_map.json","10556","        ""json.load"","
"C:\Users\USER\slh-bot-clean\_slh_map\scans\DNA_EXPORT_20260813_215957\system_map.json","10615","        ""json.load"","
"C:\Users\USER\slh-bot-clean\_slh_map\scans\DNA_EXPORT_20260813_215957\system_map.json","10661","        ""json.load"","
"C:\Users\USER\slh-bot-clean\_slh_map\scans\DNA_EXPORT_20260813_215957\system_map.json","10663","        ""json.dump"","
"C:\Users\USER\slh-bot-clean\_slh_map\scans\DNA_EXPORT_20260813_215957\system_map.json","10789","        ""json.load"","
"C:\Users\USER\slh-bot-clean\_slh_map\scans\DNA_EXPORT_20260813_215957\system_map.json","10821","        ""json.load"","
"C:\Users\USER\slh-bot-clean\_slh_map\scans\DNA_EXPORT_20260813_215957\system_map.json","10933","        ""json.load"","
"C:\Users\USER\slh-bot-clean\_slh_map\scans\DNA_EXPORT_20260813_215957\system_map.json","10934","        ""json.dump"","
"C:\Users\USER\slh-bot-clean\_slh_map\scans\DNA_EXPORT_20260813_215957\system_map.json","10979","        ""json.dump"","
"C:\Users\USER\slh-bot-clean\_slh_map\scans\DNA_EXPORT_20260813_215957\system_map.json","10986","        ""json.load"","
"C:\Users\USER\slh-bot-clean\_slh_map\scans\DNA_EXPORT_20260813_215957\system_map.json","11041","        ""json.load"","
"C:\Users\USER\slh-bot-clean\_slh_map\scans\DNA_EXPORT_20260813_215957\system_map.json","11042","        ""json.dump"","
"C:\Users\USER\slh-bot-clean\_slh_map\scans\DNA_EXPORT_20260813_215957\system_map.json","11056","        ""json.load"","
"C:\Users\USER\slh-bot-clean\_slh_map\scans\DNA_EXPORT_20260813_215957\system_map.json","11069","        ""json.load"","
"C:\Users\USER\slh-bot-clean\_slh_map\scans\DNA_EXPORT_20260813_215957\system_map.json","11082","        ""json.load"","
"C:\Users\USER\slh-bot-clean\_slh_map\scans\DNA_EXPORT_20260813_215957\system_map.json","11094","        ""json.load"","
"C:\Users\USER\slh-bot-clean\_slh_map\scans\DNA_EXPORT_20260813_215957\system_map.json","11105","        ""json.load"","
"C:\Users\USER\slh-bot-clean\_slh_map\scans\DNA_EXPORT_20260813_215957\system_map.json","11169","        ""json.dump"","
"C:\Users\USER\slh-bot-clean\_slh_map\scans\DNA_EXPORT_20260813_215957\system_map.json","11188","        ""json.load"","
"C:\Users\USER\slh-bot-clean\_slh_map\scans\DNA_EXPORT_20260813_215957\system_map.json","11190","        ""json.dump"","
"C:\Users\USER\slh-bot-clean\_slh_map\scans\DNA_EXPORT_20260813_215957\system_map.json","11254","        ""json.dump"","
"C:\Users\USER\slh-bot-clean\_slh_map\scans\DNA_EXPORT_20260813_215957\system_map.json","11260","        ""json.load"","
"C:\Users\USER\slh-bot-clean\_slh_map\scans\DNA_EXPORT_20260813_215957\system_map.json","11282","        ""json.load"","
"C:\Users\USER\slh-bot-clean\_slh_map\scans\DNA_EXPORT_20260813_215957\system_map.json","11285","        ""json.load"","
"C:\Users\USER\slh-bot-clean\_slh_map\scans\DNA_EXPORT_20260813_215957\system_map.json","11289","        ""json.load"","
"C:\Users\USER\slh-bot-clean\_slh_map\scans\DNA_EXPORT_20260813_215957\system_map.json","11340","        ""json.loads"","
"C:\Users\USER\slh-bot-clean\_slh_map\scans\DNA_EXPORT_20260813_215957\system_map.json","11502","        ""json.dump"","
"C:\Users\USER\slh-bot-clean\_slh_map\scans\DNA_EXPORT_20260813_215957\system_map.json","11511","        ""json.load"","
"C:\Users\USER\slh-bot-clean\_slh_map\scans\DNA_EXPORT_20260813_215957\system_map.json","11644","        ""json.load"","
"C:\Users\USER\slh-bot-clean\_slh_map\scans\DNA_EXPORT_20260813_215957\system_map.json","11754","        ""json.load"","
"C:\Users\USER\slh-bot-clean\_slh_map\scans\DNA_EXPORT_20260813_215957\system_map.json","11758","        ""json.load"","
"C:\Users\USER\slh-bot-clean\_slh_map\scans\DNA_EXPORT_20260813_215957\system_map.json","11764","        ""json.dump"","
"C:\Users\USER\slh-bot-clean\_slh_map\scans\DNA_EXPORT_20260813_215957\system_map.json","11766","        ""json.load"","
"C:\Users\USER\slh-bot-clean\_slh_map\scans\DNA_EXPORT_20260813_215957\system_map.json","11815","        ""json.load"","
"C:\Users\USER\slh-bot-clean\_slh_map\scans\DNA_EXPORT_20260813_215957\system_map.json","11818","        ""json.dump"","
"C:\Users\USER\slh-bot-clean\_slh_map\scans\DNA_EXPORT_20260813_215957\system_map.json","11864","        ""json.load"","
"C:\Users\USER\slh-bot-clean\_slh_map\scans\DNA_EXPORT_20260813_215957\system_map.json","11889","        ""json.loads"","
"C:\Users\USER\slh-bot-clean\_slh_map\scans\DNA_EXPORT_20260813_215957\system_map.json","11959","        ""json.load"","
"C:\Users\USER\slh-bot-clean\_slh_map\scans\DNA_EXPORT_20260813_215957\system_map.json","11961","        ""json.dump"","
"C:\Users\USER\slh-bot-clean\_slh_map\scans\DNA_EXPORT_20260813_215957\system_map.json","11996","        ""state_manager"","
"C:\Users\USER\slh-bot-clean\_slh_map\scans\DNA_EXPORT_20260813_215957\system_map.json","12018","        ""state_manager.load_db"","
"C:\Users\USER\slh-bot-clean\_slh_map\scans\DNA_EXPORT_20260813_215957\system_map.json","12023","        ""state_manager.load_db"","
"C:\Users\USER\slh-bot-clean\_slh_map\scans\DNA_EXPORT_20260813_215957\system_map.json","12028","        ""state_manager.save_db"","
"C:\Users\USER\slh-bot-clean\_slh_map\scans\DNA_EXPORT_20260813_215957\system_map.json","12031","        ""state_manager.load_db"","
"C:\Users\USER\slh-bot-clean\_slh_map\scans\DNA_EXPORT_20260813_215957\system_map.json","12036","        ""state_manager.save_db"","
"C:\Users\USER\slh-bot-clean\_slh_map\scans\DNA_EXPORT_20260813_215957\system_map.json","12040","        ""state_manager.load_db"","
"C:\Users\USER\slh-bot-clean\_slh_map\scans\DNA_EXPORT_20260813_215957\system_map.json","12041","        ""state_manager.save_db"","
"C:\Users\USER\slh-bot-clean\_slh_map\scans\DNA_EXPORT_20260813_215957\system_map.json","12120","        ""state_manager"","
"C:\Users\USER\slh-bot-clean\_slh_map\scans\DNA_EXPORT_20260813_215957\system_map.json","12151","        ""state_manager.load_db"","
"C:\Users\USER\slh-bot-clean\_slh_map\scans\DNA_EXPORT_20260813_215957\system_map.json","12161","        ""state_manager.load_db"","
"C:\Users\USER\slh-bot-clean\_slh_map\scans\DNA_EXPORT_20260813_215957\system_map.json","12168","        ""state_manager.load_db"","
"C:\Users\USER\slh-bot-clean\_slh_map\scans\DNA_EXPORT_20260813_215957\system_map.json","12170","        ""state_manager.load_db"","
"C:\Users\USER\slh-bot-clean\_slh_map\scans\DNA_EXPORT_20260813_215957\system_map.json","12177","        ""state_manager.load_db"","
"C:\Users\USER\slh-bot-clean\_slh_map\scans\DNA_EXPORT_20260813_215957\system_map.json","12179","        ""state_manager.save_db"","
"C:\Users\USER\slh-bot-clean\_slh_map\scans\DNA_EXPORT_20260813_215957\system_map.json","12202","        ""state_manager.save_db"","
"C:\Users\USER\slh-bot-clean\_slh_map\scans\DNA_EXPORT_20260813_215957\system_map.json","12393","        ""json.load"","
"C:\Users\USER\slh-bot-clean\_slh_map\scans\DNA_EXPORT_20260813_215957\system_map.json","12509","        ""json.load"","
"C:\Users\USER\slh-bot-clean\_slh_map\scans\DNA_EXPORT_20260813_215957\system_map.json","12599","        ""json.load"","
"C:\Users\USER\slh-bot-clean\_slh_map\scans\DNA_EXPORT_20260813_215957\system_map.json","12601","        ""json.dump"","
"C:\Users\USER\slh-bot-clean\_slh_map\scans\DNA_EXPORT_20260813_215957\system_map.json","12603","        ""json.load"","
"C:\Users\USER\slh-bot-clean\_slh_map\scans\DNA_EXPORT_20260813_215957\system_map.json","12610","        ""json.dump"","
"C:\Users\USER\slh-bot-clean\_slh_map\scans\DNA_EXPORT_20260813_215957\system_map.json","12611","        ""json.dumps"","
"C:\Users\USER\slh-bot-clean\_slh_map\scans\DNA_EXPORT_20260813_215957\system_map.json","12706","        ""json.load"","
"C:\Users\USER\slh-bot-clean\_slh_map\scans\DNA_EXPORT_20260813_215957\system_map.json","12717","        ""json.load"","
"C:\Users\USER\slh-bot-clean\_slh_map\scans\DNA_EXPORT_20260813_215957\system_map.json","12720","        ""json.load"","
"C:\Users\USER\slh-bot-clean\_slh_map\scans\DNA_EXPORT_20260813_215957\system_map.json","12803","        ""json.load"","
"C:\Users\USER\slh-bot-clean\_slh_map\scans\DNA_EXPORT_20260813_215957\system_map.json","12914","        ""json.dumps"","
"C:\Users\USER\slh-bot-clean\_slh_map\scans\DNA_EXPORT_20260813_215957\system_map.json","12922","        ""json.dumps"","
"C:\Users\USER\slh-bot-clean\_slh_map\scans\DNA_EXPORT_20260813_215957\system_map.json","12998","        ""json.load"","
"C:\Users\USER\slh-bot-clean\_slh_map\scans\DNA_EXPORT_20260813_215957\system_map.json","13215","        ""json.dump"","
"C:\Users\USER\slh-bot-clean\_slh_map\scans\DNA_EXPORT_20260813_215957\system_map.json","13223","        ""json.load"","
"C:\Users\USER\slh-bot-clean\_slh_map\scans\DNA_EXPORT_20260813_215957\system_map.json","13331","        ""json.load"","
"C:\Users\USER\slh-bot-clean\_slh_map\scans\DNA_EXPORT_20260813_215957\system_map.json","13334","        ""json.dump"","
"C:\Users\USER\slh-bot-clean\_slh_map\scans\DNA_EXPORT_20260813_215957\system_map.json","13344","        ""json.dump"","
"C:\Users\USER\slh-bot-clean\_slh_map\scans\DNA_EXPORT_20260813_215957\system_map.json","13345","        ""json.dumps"","
"C:\Users\USER\slh-bot-clean\_slh_map\scans\DNA_EXPORT_20260813_215957\system_map.json","13350","        ""json.dump"","
"C:\Users\USER\slh-bot-clean\_slh_map\scans\DNA_EXPORT_20260813_215957\system_map.json","13353","        ""json.load"","
"C:\Users\USER\slh-bot-clean\_slh_map\scans\DNA_EXPORT_20260813_215957\system_map.json","13661","        ""json.load"","
"C:\Users\USER\slh-bot-clean\_slh_map\scans\DNA_EXPORT_20260813_215957\system_map.json","13715","        ""state_manager"","
"C:\Users\USER\slh-bot-clean\_slh_map\scans\DNA_EXPORT_20260813_215957\system_map.json","13932","        ""json.load"","
"C:\Users\USER\slh-bot-clean\_slh_map\scans\DNA_EXPORT_20260813_215957\system_map.json","13941","        ""json.dump"","
"C:\Users\USER\slh-bot-clean\_slh_map\scans\DNA_EXPORT_20260813_215957\system_map.json","13945","        ""json.load"","
"C:\Users\USER\slh-bot-clean\_slh_map\scans\DNA_EXPORT_20260813_215957\system_map.json","13957","        ""json.dump"","
"C:\Users\USER\slh-bot-clean\_slh_map\scans\DNA_EXPORT_20260813_215957\system_map.json","14031","        ""json.load"","
"C:\Users\USER\slh-bot-clean\_slh_map\scans\DNA_EXPORT_20260813_215957\system_map.json","14039","        ""json.load"","
"C:\Users\USER\slh-bot-clean\_slh_map\scans\DNA_EXPORT_20260813_215957\system_map.json","14061","        ""json.load"","
"C:\Users\USER\slh-bot-clean\_slh_map\scans\DNA_EXPORT_20260813_215957\system_map.json","14067","        ""json.load"","
"C:\Users\USER\slh-bot-clean\_slh_map\scans\DNA_EXPORT_20260813_215957\system_map.json","14076","        ""json.loads"","
"C:\Users\USER\slh-bot-clean\_slh_map\scans\DNA_EXPORT_20260813_215957\system_map.json","14116","        ""json.load"","
"C:\Users\USER\slh-bot-clean\_slh_map\scans\DNA_EXPORT_20260813_215957\system_map.json","14125","        ""json.load"","
"C:\Users\USER\slh-bot-clean\_slh_map\scans\DNA_EXPORT_20260813_215957\system_map.json","14215","        ""json.load"","
"C:\Users\USER\slh-bot-clean\_slh_map\scans\DNA_EXPORT_20260813_215957\system_map.json","14224","        ""json.dump"","
"C:\Users\USER\slh-bot-clean\_slh_map\scans\DNA_EXPORT_20260813_215957\system_map.json","14226","        ""json.load"","
"C:\Users\USER\slh-bot-clean\_slh_map\scans\DNA_EXPORT_20260813_215957\system_map.json","14233","        ""json.dump"","
"C:\Users\USER\slh-bot-clean\_slh_map\scans\DNA_EXPORT_20260813_215957\system_map.json","14234","        ""json.dumps"","
"C:\Users\USER\slh-bot-clean\_slh_map\scans\DNA_EXPORT_20260813_215957\system_map.json","14291","        ""json.load"","
"C:\Users\USER\slh-bot-clean\_slh_map\scans\DNA_EXPORT_20260813_215957\system_map.json","14468","        ""json.loads"","
"C:\Users\USER\slh-bot-clean\_slh_map\scans\DNA_EXPORT_20260813_215957\system_map.json","14469","        ""json.dumps"","
"C:\Users\USER\slh-bot-clean\_slh_map\scans\DNA_EXPORT_20260813_215957\system_map.json","14526","        ""json.dumps"","
"C:\Users\USER\slh-bot-clean\_slh_map\scans\DNA_EXPORT_20260813_215957\system_map.json","14628","        ""json.load"","
"C:\Users\USER\slh-bot-clean\_slh_map\scans\DNA_EXPORT_20260813_215957\system_map.json","14710","        ""json.load"","
"C:\Users\USER\slh-bot-clean\_slh_map\scans\DNA_EXPORT_20260813_215957\system_map.json","14716","        ""json.dump"","
"C:\Users\USER\slh-bot-clean\_slh_map\scans\DNA_EXPORT_20260813_215957\system_map.json","14736","        ""state_manager"","
"C:\Users\USER\slh-bot-clean\_slh_map\scans\DNA_EXPORT_20260813_215957\system_map.json","14757","        ""state_manager.get_agents"","
"C:\Users\USER\slh-bot-clean\_slh_map\scans\DNA_EXPORT_20260813_215957\system_map.json","14760","        ""state_manager.get_agents"","
"C:\Users\USER\slh-bot-clean\_slh_map\scans\DNA_EXPORT_20260813_215957\system_map.json","14764","        ""state_manager.get_agents"","
"C:\Users\USER\slh-bot-clean\_slh_map\scans\DNA_EXPORT_20260813_215957\system_map.json","14767","        ""state_manager.set_agents"","
"C:\Users\USER\slh-bot-clean\_slh_map\scans\DNA_EXPORT_20260813_215957\system_map.json","14771","        ""state_manager.get_agents"","
"C:\Users\USER\slh-bot-clean\_slh_map\scans\DNA_EXPORT_20260813_215957\system_map.json","14773","        ""state_manager.set_agents"","
"C:\Users\USER\slh-bot-clean\_slh_map\scans\DNA_EXPORT_20260813_215957\system_map.json","14837","        ""json.load"","
"C:\Users\USER\slh-bot-clean\_slh_map\scans\DNA_EXPORT_20260813_215957\system_map.json","14842","        ""json.load"","
"C:\Users\USER\slh-bot-clean\_slh_map\scans\DNA_EXPORT_20260813_215957\system_map.json","14844","        ""json.dump"","
"C:\Users\USER\slh-bot-clean\_slh_map\scans\DNA_EXPORT_20260813_215957\system_map.json","14891","        ""json.load"","
"C:\Users\USER\slh-bot-clean\_slh_map\scans\DNA_EXPORT_20260813_215957\system_map.json","14922","        ""state_manager"","
"C:\Users\USER\slh-bot-clean\_slh_map\scans\DNA_EXPORT_20260813_215957\system_map.json","14943","        ""state_manager.get_agents"","
"C:\Users\USER\slh-bot-clean\_slh_map\scans\DNA_EXPORT_20260813_215957\system_map.json","15005","        ""state_manager"","
"C:\Users\USER\slh-bot-clean\_slh_map\scans\DNA_EXPORT_20260813_215957\system_map.json","15022","        ""state_manager.get_agents"","
"C:\Users\USER\slh-bot-clean\_slh_map\scans\DNA_EXPORT_20260813_215957\system_map.json","15024","        ""state_manager.set_agents"","
"C:\Users\USER\slh-bot-clean\_slh_map\scans\DNA_EXPORT_20260813_215957\system_map.json","15060","        ""json.load"","
"C:\Users\USER\slh-bot-clean\_slh_map\scans\DNA_EXPORT_20260813_215957\system_map.json","15062","        ""json.dump"","
"C:\Users\USER\slh-bot-clean\_slh_map\scans\DNA_EXPORT_20260813_215957\system_map.json","15133","        ""json.load"","
"C:\Users\USER\slh-bot-clean\_slh_map\scans\DNA_EXPORT_20260813_215957\system_map.json","15205","        ""json.dump"","
"C:\Users\USER\slh-bot-clean\_slh_map\scans\DNA_EXPORT_20260813_215957\system_map.json","15207","        ""json.load"","
"C:\Users\USER\slh-bot-clean\_slh_map\scans\DNA_EXPORT_20260813_215957\system_map.json","15256","        ""json.load"","
"C:\Users\USER\slh-bot-clean\_slh_map\scans\DNA_EXPORT_20260813_215957\system_map.json","15258","        ""json.dump"","
"C:\Users\USER\slh-bot-clean\_slh_map\scans\DNA_EXPORT_20260813_215957\system_map.json","15261","        ""json.load"","
"C:\Users\USER\slh-bot-clean\_slh_map\scans\DNA_EXPORT_20260813_215957\system_map.json","15263","        ""json.dump"","
"C:\Users\USER\slh-bot-clean\_slh_map\scans\DNA_EXPORT_20260813_215957\system_map.json","15266","        ""json.load"","
"C:\Users\USER\slh-bot-clean\_slh_map\scans\DNA_EXPORT_20260813_215957\system_map.json","15305","        ""json.load"","
"C:\Users\USER\slh-bot-clean\_slh_map\scans\DNA_EXPORT_20260813_215957\system_map.json","15307","        ""json.dump"","
"C:\Users\USER\slh-bot-clean\_slh_map\scans\DNA_EXPORT_20260813_215957\system_map.json","15366","        ""json.load"","
"C:\Users\USER\slh-bot-clean\_slh_map\scans\DNA_EXPORT_20260813_215957\system_map.json","15401","        ""json.load"","
"C:\Users\USER\slh-bot-clean\_slh_map\scans\DNA_EXPORT_20260813_215957\system_map.json","15403","        ""json.load"","
"C:\Users\USER\slh-bot-clean\_slh_map\scans\DNA_EXPORT_20260813_215957\system_map.json","15405","        ""json.load"","
"C:\Users\USER\slh-bot-clean\_slh_map\scans\DNA_EXPORT_20260813_215957\system_map.json","15442","        ""json.dump"","
"C:\Users\USER\slh-bot-clean\_slh_map\scans\DNA_EXPORT_20260813_215957\system_map.json","15448","        ""json.load"","
"C:\Users\USER\slh-bot-clean\_slh_map\scans\DNA_EXPORT_20260813_215957\system_map.json","15458","      ""path"": ""state_manager.py"","
"C:\Users\USER\slh-bot-clean\_slh_map\scans\DNA_EXPORT_20260813_215957\system_map.json","15459","      ""module"": ""state_manager"","
"C:\Users\USER\slh-bot-clean\_slh_map\scans\DNA_EXPORT_20260813_215957\system_map.json","15489","        ""json.load"","
"C:\Users\USER\slh-bot-clean\_slh_map\scans\DNA_EXPORT_20260813_215957\system_map.json","15492","        ""json.load"","
"C:\Users\USER\slh-bot-clean\_slh_map\scans\DNA_EXPORT_20260813_215957\system_map.json","15494","        ""json.dump"","
"C:\Users\USER\slh-bot-clean\_slh_map\scans\DNA_EXPORT_20260813_215957\system_map.json","15540","        ""json.load"""
"C:\Users\USER\slh-bot-clean\_slh_map\scans\DNA_EXPORT_20260813_215957\system_map.json","15632","        ""json.load"","
"C:\Users\USER\slh-bot-clean\_slh_map\scans\DNA_EXPORT_20260813_215957\system_map.json","15634","        ""json.dump"","
"C:\Users\USER\slh-bot-clean\_slh_map\scans\DNA_EXPORT_20260813_215957\system_map.json","15678","        ""json.dump"","
"C:\Users\USER\slh-bot-clean\_slh_map\scans\DNA_EXPORT_20260813_215957\system_map.json","15683","        ""json.load"","
"C:\Users\USER\slh-bot-clean\_slh_map\scans\DNA_EXPORT_20260813_215957\system_map.json","15770","        ""json.load"","
"C:\Users\USER\slh-bot-clean\_slh_map\scans\DNA_EXPORT_20260813_215957\system_map.json","15785","        ""json.dumps"","
"C:\Users\USER\slh-bot-clean\_slh_map\scans\DNA_EXPORT_20260813_215957\system_map.json","15872","        ""json.load"","
"C:\Users\USER\slh-bot-clean\_slh_map\scans\DNA_EXPORT_20260813_215957\system_map.json","15980","        ""json.loads"","
"C:\Users\USER\slh-bot-clean\_slh_map\scans\DNA_EXPORT_20260813_215957\system_map.json","16084","        ""json.load"""
"C:\Users\USER\slh-bot-clean\_slh_map\scans\DNA_EXPORT_20260813_215957\system_map.json","16174","        ""json.loads"","
"C:\Users\USER\slh-bot-clean\_slh_map\scans\DNA_EXPORT_20260813_215957\system_map.json","16283","        ""json.loads"","
"C:\Users\USER\slh-bot-clean\_slh_map\scans\DNA_EXPORT_20260813_215957\system_map.json","16456","        ""json.loads"","
"C:\Users\USER\slh-bot-clean\_slh_map\scans\DNA_EXPORT_20260813_215957\system_map.json","16639","        ""json.loads"","
"C:\Users\USER\slh-bot-clean\_slh_map\scans\DNA_EXPORT_20260813_215957\system_map.json","16644","        ""json.dumps"","
"C:\Users\USER\slh-bot-clean\_slh_map\scans\DNA_EXPORT_20260813_215957\system_map.json","16722","        ""json.loads"","
"C:\Users\USER\slh-bot-clean\_slh_map\scans\DNA_EXPORT_20260813_215957\system_map.json","16787","        ""json.loads"","
"C:\Users\USER\slh-bot-clean\_slh_map\scans\DNA_EXPORT_20260813_215957\system_map.json","16792","        ""json.dumps"","
"C:\Users\USER\slh-bot-clean\_slh_map\scans\DNA_EXPORT_20260813_215957\system_map.json","16811","        ""json.loads"","
"C:\Users\USER\slh-bot-clean\_slh_map\scans\DNA_EXPORT_20260813_215957\system_map.json","16913","        ""json.loads"","
"C:\Users\USER\slh-bot-clean\_slh_map\scans\DNA_EXPORT_20260813_215957\system_map.json","16918","        ""json.dumps"","
"C:\Users\USER\slh-bot-clean\_slh_map\scans\DNA_EXPORT_20260813_215957\system_map.json","16992","        ""json.loads"","
"C:\Users\USER\slh-bot-clean\_slh_map\scans\DNA_EXPORT_20260813_215957\system_map.json","17130","        ""json.loads"","
"C:\Users\USER\slh-bot-clean\_slh_map\scans\DNA_EXPORT_20260813_215957\system_map.json","17256","        ""json.loads"","
"C:\Users\USER\slh-bot-clean\_slh_map\scans\DNA_EXPORT_20260813_215957\system_map.json","17437","        ""json.loads"","
"C:\Users\USER\slh-bot-clean\_slh_map\scans\DNA_EXPORT_20260813_215957\system_map.json","17602","        ""json.loads"","
"C:\Users\USER\slh-bot-clean\_slh_map\scans\DNA_EXPORT_20260813_215957\system_map.json","17789","        ""json.dumps"","
"C:\Users\USER\slh-bot-clean\_slh_map\scans\DNA_EXPORT_20260813_215957\system_map.json","17823","        ""state_manager"","
"C:\Users\USER\slh-bot-clean\_slh_map\scans\DNA_EXPORT_20260813_215957\system_map.json","17849","        ""state_manager.load_db"","
"C:\Users\USER\slh-bot-clean\_slh_map\scans\DNA_EXPORT_20260813_215957\system_map.json","17851","        ""state_manager.load_db"","
"C:\Users\USER\slh-bot-clean\_slh_map\scans\DNA_EXPORT_20260813_215957\system_map.json","17852","        ""state_manager.save_db"","
"C:\Users\USER\slh-bot-clean\_slh_map\scans\DNA_EXPORT_20260813_215957\system_map.json","17861","        ""state_manager.atomic_update"","
"C:\Users\USER\slh-bot-clean\_slh_map\scans\DNA_EXPORT_20260813_215957\system_map.json","17992","        ""json.dumps"","
"C:\Users\USER\slh-bot-clean\_slh_map\scans\DNA_EXPORT_20260813_215957\system_map.json","18111","        ""json.loads"","
"C:\Users\USER\slh-bot-clean\_slh_map\scans\DNA_EXPORT_20260813_215957\system_map.json","18112","        ""json.dumps"","
"C:\Users\USER\slh-bot-clean\_slh_map\scans\DNA_EXPORT_20260813_215957\system_map.json","18216","        ""json.load"","
"C:\Users\USER\slh-bot-clean\_slh_map\scans\DNA_EXPORT_20260813_215957\system_map.json","18229","        ""json.dump"","
"C:\Users\USER\slh-bot-clean\_slh_map\scans\DNA_EXPORT_20260813_215957\system_map.json","18467","        ""json.dumps"","
"C:\Users\USER\slh-bot-clean\_slh_map\scans\DNA_EXPORT_20260813_215957\system_map.json","18584","        ""json.dumps"""
"C:\Users\USER\slh-bot-clean\_slh_map\scans\DNA_EXPORT_20260813_215957\system_map.json","18708","        ""json.dumps"","
"C:\Users\USER\slh-bot-clean\_slh_map\scans\DNA_EXPORT_20260813_215957\system_map.json","18792","        ""json.dumps"","
"C:\Users\USER\slh-bot-clean\_slh_map\scans\DNA_EXPORT_20260813_215957\system_map.json","19022","        ""json.dumps"","
"C:\Users\USER\slh-bot-clean\_slh_map\scans\DNA_EXPORT_20260813_215957\system_map.json","19115","        ""json.load"","
"C:\Users\USER\slh-bot-clean\_slh_map\scans\DNA_EXPORT_20260813_215957\system_map.json","19116","        ""json.load"","
"C:\Users\USER\slh-bot-clean\_slh_map\scans\DNA_EXPORT_20260813_215957\system_map.json","19119","        ""json.load"","
"C:\Users\USER\slh-bot-clean\_slh_map\scans\DNA_EXPORT_20260813_215957\system_map.json","19121","        ""json.dumps"","
"C:\Users\USER\slh-bot-clean\_slh_map\scans\DNA_EXPORT_20260813_215957\system_map.json","19248","        ""json.dumps"","
"C:\Users\USER\slh-bot-clean\_slh_map\scans\DNA_EXPORT_20260813_215957\system_map.json","19479","        ""json.dumps"","
"C:\Users\USER\slh-bot-clean\_slh_map\scans\DNA_EXPORT_20260813_215957\system_map.json","19720","        ""json.dumps"","
"C:\Users\USER\slh-bot-clean\_slh_map\scans\DNA_EXPORT_20260813_215957\system_map.json","19789","        ""json.loads"","
"C:\Users\USER\slh-bot-clean\_slh_map\scans\DNA_EXPORT_20260813_215957\system_map.json","19867","        ""json.dumps"","
"C:\Users\USER\slh-bot-clean\_slh_map\scans\DNA_EXPORT_20260813_215957\system_map.json","19993","        ""json.dumps"","
"C:\Users\USER\slh-bot-clean\_slh_map\scans\DNA_EXPORT_20260813_215957\system_map.json","20095","        ""json.dumps"","
"C:\Users\USER\slh-bot-clean\_slh_map\scans\DNA_EXPORT_20260813_215957\system_map.json","20195","        ""json.load"","
"C:\Users\USER\slh-bot-clean\_slh_map\scans\DNA_EXPORT_20260813_215957\system_map.json","20261","        ""json.dumps"","
"C:\Users\USER\slh-bot-clean\_slh_map\scans\DNA_EXPORT_20260813_215957\system_map.json","20263","        ""json.loads"","
"C:\Users\USER\slh-bot-clean\_slh_map\scans\DNA_EXPORT_20260813_215957\system_map.json","20504","        ""json.loads"","
"C:\Users\USER\slh-bot-clean\_slh_map\scans\DNA_EXPORT_20260813_215957\system_map.json","20511","        ""json.loads"","
"C:\Users\USER\slh-bot-clean\_slh_map\scans\DNA_EXPORT_20260813_215957\system_map.json","20518","        ""json.loads"","
"C:\Users\USER\slh-bot-clean\_slh_map\scans\DNA_EXPORT_20260813_215957\system_map.json","20525","        ""json.loads"","
"C:\Users\USER\slh-bot-clean\_slh_map\scans\DNA_EXPORT_20260813_215957\system_map.json","20565","        ""json.loads"","
"C:\Users\USER\slh-bot-clean\_slh_map\scans\DNA_EXPORT_20260813_215957\system_map.json","20637","        ""json.loads"","
"C:\Users\USER\slh-bot-clean\_slh_map\scans\DNA_EXPORT_20260813_215957\system_map.json","20648","        ""json.dumps"","
"C:\Users\USER\slh-bot-clean\_slh_map\scans\DNA_EXPORT_20260813_215957\system_map.json","20651","        ""json.dumps"","
"C:\Users\USER\slh-bot-clean\_slh_map\scans\DNA_EXPORT_20260813_215957\system_map.json","20654","        ""json.dumps"","
"C:\Users\USER\slh-bot-clean\_slh_map\scans\DNA_EXPORT_20260813_215957\system_map.json","20657","        ""json.dumps"","
"C:\Users\USER\slh-bot-clean\_slh_map\scans\DNA_EXPORT_20260813_215957\system_map.json","20725","        ""json.dumps"","
"C:\Users\USER\slh-bot-clean\_slh_map\scans\DNA_EXPORT_20260813_215957\system_map.json","20894","        ""json.dumps"","
"C:\Users\USER\slh-bot-clean\_slh_map\scans\DNA_EXPORT_20260813_215957\system_map.json","21437","        ""json.loads"","
"C:\Users\USER\slh-bot-clean\_slh_map\scans\DNA_EXPORT_20260813_215957\system_map.json","21451","        ""json.dumps"","
"C:\Users\USER\slh-bot-clean\_slh_map\scans\DNA_EXPORT_20260813_215957\system_map.json","21550","        ""json.dumps"","
"C:\Users\USER\slh-bot-clean\_slh_map\scans\DNA_EXPORT_20260813_215957\system_map.json","21640","        ""json.dumps"","
"C:\Users\USER\slh-bot-clean\_slh_map\scans\DNA_EXPORT_20260813_215957\system_map.json","21820","        ""json.load"","
"C:\Users\USER\slh-bot-clean\_slh_map\scans\DNA_EXPORT_20260813_215957\system_map.json","21943","      ""target"": ""state_manager"","
"C:\Users\USER\slh-bot-clean\_slh_map\scans\DNA_EXPORT_20260813_215957\system_map.json","21983","      ""target"": ""state_manager"","
"C:\Users\USER\slh-bot-clean\_slh_map\scans\DNA_EXPORT_20260813_215957\system_map.json","22108","      ""target"": ""state_manager"","
"C:\Users\USER\slh-bot-clean\_slh_map\scans\DNA_EXPORT_20260813_215957\system_map.json","22133","      ""target"": ""state_manager"","
"C:\Users\USER\slh-bot-clean\_slh_map\scans\DNA_EXPORT_20260813_215957\system_map.json","22148","      ""target"": ""state_manager"","
"C:\Users\USER\slh-bot-clean\_slh_map\scans\DNA_EXPORT_20260813_215957\system_map.json","22218","      ""target"": ""state_manager"","
"C:\Users\USER\slh-bot-clean\_slh_map\scans\DNA_EXPORT_20260813_215957\system_map.json","22223","      ""target"": ""state_manager"","
"C:\Users\USER\slh-bot-clean\_slh_map\scans\DNA_EXPORT_20260813_215957\system_map.json","22353","      ""target"": ""state_manager"","
"C:\Users\USER\slh-bot-clean\_slh_map\scans\DNA_EXPORT_20260813_215957\system_map.json","22428","      ""target"": ""state_manager"","
"C:\Users\USER\slh-bot-clean\_slh_map\scans\DNA_EXPORT_20260813_215957\system_map.json","22433","      ""target"": ""state_manager"","
"C:\Users\USER\slh-bot-clean\_slh_map\scans\DNA_EXPORT_20260813_215957\system_map.json","22443","      ""target"": ""state_manager"","
"C:\Users\USER\slh-bot-clean\_slh_map\scans\DNA_EXPORT_20260813_215957\system_map.json","22513","      ""target"": ""state_manager"","
"C:\Users\USER\slh-bot-clean\_slh_map\scans\DNA_EXPORT_20260813_215957\system_map.json","22528","      ""target"": ""state_manager"","
"C:\Users\USER\slh-bot-clean\_slh_map\scans\DNA_EXPORT_20260813_215957\system_map.json","22693","      ""target"": ""state_manager"","
"C:\Users\USER\slh-bot-clean\_slh_map\scans\DNA_EXPORT_20260813_215957\system_map.json","22738","      ""target"": ""state_manager"","
"C:\Users\USER\slh-bot-clean\_slh_map\scans\DNA_EXPORT_20260813_215957\system_map.json","22758","      ""target"": ""state_manager"","
"C:\Users\USER\slh-bot-clean\_slh_map\scans\DNA_EXPORT_20260813_215957\system_map.json","22788","      ""target"": ""state_manager"","
"C:\Users\USER\slh-bot-clean\_slh_map\scans\DNA_EXPORT_20260813_215957\system_map.json","22938","      ""target"": ""state_manager"","
"C:\Users\USER\slh-bot-clean\_slh_map\system_map.json","235","        ""json.load"","
"C:\Users\USER\slh-bot-clean\_slh_map\system_map.json","238","        ""json.load"","
"C:\Users\USER\slh-bot-clean\_slh_map\system_map.json","240","        ""json.dump"","
"C:\Users\USER\slh-bot-clean\_slh_map\system_map.json","453","        ""json.loads"","
"C:\Users\USER\slh-bot-clean\_slh_map\system_map.json","552","        ""json.loads"","
"C:\Users\USER\slh-bot-clean\_slh_map\system_map.json","602","        ""json.dumps"","
"C:\Users\USER\slh-bot-clean\_slh_map\system_map.json","642","        ""json.loads"","
"C:\Users\USER\slh-bot-clean\_slh_map\system_map.json","752","        ""json.loads"","
"C:\Users\USER\slh-bot-clean\_slh_map\system_map.json","755","        ""json.dumps"""
"C:\Users\USER\slh-bot-clean\_slh_map\system_map.json","785","        ""json.load"","
"C:\Users\USER\slh-bot-clean\_slh_map\system_map.json","922","        ""json.load"","
"C:\Users\USER\slh-bot-clean\_slh_map\system_map.json","933","        ""json.load"","
"C:\Users\USER\slh-bot-clean\_slh_map\system_map.json","940","        ""json.load"","
"C:\Users\USER\slh-bot-clean\_slh_map\system_map.json","1007","        ""state_manager"","
"C:\Users\USER\slh-bot-clean\_slh_map\system_map.json","1185","        ""json.load"","
"C:\Users\USER\slh-bot-clean\_slh_map\system_map.json","1194","        ""json.dump"","
"C:\Users\USER\slh-bot-clean\_slh_map\system_map.json","1198","        ""json.load"","
"C:\Users\USER\slh-bot-clean\_slh_map\system_map.json","1210","        ""json.dump"","
"C:\Users\USER\slh-bot-clean\_slh_map\system_map.json","1265","        ""json.load"","
"C:\Users\USER\slh-bot-clean\_slh_map\system_map.json","1273","        ""json.load"","
"C:\Users\USER\slh-bot-clean\_slh_map\system_map.json","1295","        ""json.load"","
"C:\Users\USER\slh-bot-clean\_slh_map\system_map.json","1301","        ""json.load"","
"C:\Users\USER\slh-bot-clean\_slh_map\system_map.json","1310","        ""json.loads"","
"C:\Users\USER\slh-bot-clean\_slh_map\system_map.json","1334","        ""json.load"","
"C:\Users\USER\slh-bot-clean\_slh_map\system_map.json","1343","        ""json.load"","
"C:\Users\USER\slh-bot-clean\_slh_map\system_map.json","1433","        ""state_manager"""
"C:\Users\USER\slh-bot-clean\_slh_map\system_map.json","1452","        ""state_manager.load_db"","
"C:\Users\USER\slh-bot-clean\_slh_map\system_map.json","1460","        ""json.load"","
"C:\Users\USER\slh-bot-clean\_slh_map\system_map.json","1501","        ""json.load"","
"C:\Users\USER\slh-bot-clean\_slh_map\system_map.json","1503","        ""json.dump"","
"C:\Users\USER\slh-bot-clean\_slh_map\system_map.json","1663","        ""json.load"","
"C:\Users\USER\slh-bot-clean\_slh_map\system_map.json","1737","        ""json.load"","
"C:\Users\USER\slh-bot-clean\_slh_map\system_map.json","1925","        ""json.dumps"","
"C:\Users\USER\slh-bot-clean\_slh_map\system_map.json","1930","        ""json.load"","
"C:\Users\USER\slh-bot-clean\_slh_map\system_map.json","1958","        ""json.dump"","
"C:\Users\USER\slh-bot-clean\_slh_map\system_map.json","1990","        ""json.load"","
"C:\Users\USER\slh-bot-clean\_slh_map\system_map.json","2056","        ""json.loads"","
"C:\Users\USER\slh-bot-clean\_slh_map\system_map.json","2057","        ""json.dumps"","
"C:\Users\USER\slh-bot-clean\_slh_map\system_map.json","2192","        ""json.dumps"","
"C:\Users\USER\slh-bot-clean\_slh_map\system_map.json","2193","        ""json.loads"","
"C:\Users\USER\slh-bot-clean\_slh_map\system_map.json","2266","        ""json.load"""
"C:\Users\USER\slh-bot-clean\_slh_map\system_map.json","2327","        ""json.load"","
"C:\Users\USER\slh-bot-clean\_slh_map\system_map.json","2331","        ""json.load"","
"C:\Users\USER\slh-bot-clean\_slh_map\system_map.json","2374","        ""json.load"","
"C:\Users\USER\slh-bot-clean\_slh_map\system_map.json","2561","        ""json.dumps"","
"C:\Users\USER\slh-bot-clean\_slh_map\system_map.json","2913","        ""json.loads"","
"C:\Users\USER\slh-bot-clean\_slh_map\system_map.json","2979","        ""json.dumps"","
"C:\Users\USER\slh-bot-clean\_slh_map\system_map.json","2996","        ""json.dumps"","
"C:\Users\USER\slh-bot-clean\_slh_map\system_map.json","3032","        ""json.dumps"","
"C:\Users\USER\slh-bot-clean\_slh_map\system_map.json","3037","        ""json.dumps"","
"C:\Users\USER\slh-bot-clean\_slh_map\system_map.json","3049","        ""json.dumps"","
"C:\Users\USER\slh-bot-clean\_slh_map\system_map.json","3050","        ""json.dumps"","
"C:\Users\USER\slh-bot-clean\_slh_map\system_map.json","3059","        ""json.dumps"","
"C:\Users\USER\slh-bot-clean\_slh_map\system_map.json","3060","        ""json.dumps"","
"C:\Users\USER\slh-bot-clean\_slh_map\system_map.json","3067","        ""json.loads"","
"C:\Users\USER\slh-bot-clean\_slh_map\system_map.json","3070","        ""json.dumps"","
"C:\Users\USER\slh-bot-clean\_slh_map\system_map.json","3115","        ""json.loads"","
"C:\Users\USER\slh-bot-clean\_slh_map\system_map.json","3118","        ""json.dumps"","
"C:\Users\USER\slh-bot-clean\_slh_map\system_map.json","3396","        ""state_manager"""
"C:\Users\USER\slh-bot-clean\_slh_map\system_map.json","3429","        ""state_manager.atomic_update"","
"C:\Users\USER\slh-bot-clean\_slh_map\system_map.json","3444","        ""json.load"","
"C:\Users\USER\slh-bot-clean\_slh_map\system_map.json","3446","        ""json.dump"","
"C:\Users\USER\slh-bot-clean\_slh_map\system_map.json","3522","        ""json.loads"","
"C:\Users\USER\slh-bot-clean\_slh_map\system_map.json","3549","        ""json.dumps"","
"C:\Users\USER\slh-bot-clean\_slh_map\system_map.json","3634","        ""json.loads"","
"C:\Users\USER\slh-bot-clean\_slh_map\system_map.json","3679","        ""json.dumps"","
"C:\Users\USER\slh-bot-clean\_slh_map\system_map.json","3715","        ""json.loads"","
"C:\Users\USER\slh-bot-clean\_slh_map\system_map.json","3716","        ""json.dumps"","
"C:\Users\USER\slh-bot-clean\_slh_map\system_map.json","3864","        ""json.dumps"","
"C:\Users\USER\slh-bot-clean\_slh_map\system_map.json","3880","        ""json.load"","
"C:\Users\USER\slh-bot-clean\_slh_map\system_map.json","3962","        ""json.dump"","
"C:\Users\USER\slh-bot-clean\_slh_map\system_map.json","3983","        ""json.load"","
"C:\Users\USER\slh-bot-clean\_slh_map\system_map.json","4022","        ""json.load"","
"C:\Users\USER\slh-bot-clean\_slh_map\system_map.json","4024","        ""json.dump"","
"C:\Users\USER\slh-bot-clean\_slh_map\system_map.json","4066","        ""json.load"","
"C:\Users\USER\slh-bot-clean\_slh_map\system_map.json","4070","        ""json.load"","
"C:\Users\USER\slh-bot-clean\_slh_map\system_map.json","4185","        ""json.dumps"","
"C:\Users\USER\slh-bot-clean\_slh_map\system_map.json","4195","        ""json.loads"","
"C:\Users\USER\slh-bot-clean\_slh_map\system_map.json","4301","        ""state_manager"""
"C:\Users\USER\slh-bot-clean\_slh_map\system_map.json","4317","        ""state_manager.get_agents"","
"C:\Users\USER\slh-bot-clean\_slh_map\system_map.json","4318","        ""state_manager.set_agents"","
"C:\Users\USER\slh-bot-clean\_slh_map\system_map.json","4328","        ""json.load"","
"C:\Users\USER\slh-bot-clean\_slh_map\system_map.json","4402","        ""json.dump"","
"C:\Users\USER\slh-bot-clean\_slh_map\system_map.json","4415","        ""json.load"","
"C:\Users\USER\slh-bot-clean\_slh_map\system_map.json","4620","        ""json.dump"","
"C:\Users\USER\slh-bot-clean\_slh_map\system_map.json","4629","        ""json.load"","
"C:\Users\USER\slh-bot-clean\_slh_map\system_map.json","4700","        ""state_manager"","
"C:\Users\USER\slh-bot-clean\_slh_map\system_map.json","4721","        ""state_manager.load_db"","
"C:\Users\USER\slh-bot-clean\_slh_map\system_map.json","4725","        ""state_manager.load_db"","
"C:\Users\USER\slh-bot-clean\_slh_map\system_map.json","4731","        ""state_manager.save_db"","
"C:\Users\USER\slh-bot-clean\_slh_map\system_map.json","4735","        ""state_manager.load_db"","
"C:\Users\USER\slh-bot-clean\_slh_map\system_map.json","4737","        ""state_manager.save_db"","
"C:\Users\USER\slh-bot-clean\_slh_map\system_map.json","5027","        ""json.load"","
"C:\Users\USER\slh-bot-clean\_slh_map\system_map.json","5210","        ""json.load"","
"C:\Users\USER\slh-bot-clean\_slh_map\system_map.json","5212","        ""json.dump"","
"C:\Users\USER\slh-bot-clean\_slh_map\system_map.json","5319","        ""json.dumps"""
"C:\Users\USER\slh-bot-clean\_slh_map\system_map.json","5472","        ""json.load"","
"C:\Users\USER\slh-bot-clean\_slh_map\system_map.json","5474","        ""json.dump"","
"C:\Users\USER\slh-bot-clean\_slh_map\system_map.json","5532","        ""json.load"","
"C:\Users\USER\slh-bot-clean\_slh_map\system_map.json","5584","        ""json.load"","
"C:\Users\USER\slh-bot-clean\_slh_map\system_map.json","5650","        ""json.load"","
"C:\Users\USER\slh-bot-clean\_slh_map\system_map.json","5704","        ""state_manager"""
"C:\Users\USER\slh-bot-clean\_slh_map\system_map.json","5730","        ""state_manager.load_db"","
"C:\Users\USER\slh-bot-clean\_slh_map\system_map.json","5808","        ""json.load"","
"C:\Users\USER\slh-bot-clean\_slh_map\system_map.json","5916","        ""json.dump"","
"C:\Users\USER\slh-bot-clean\_slh_map\system_map.json","5943","        ""json.load"","
"C:\Users\USER\slh-bot-clean\_slh_map\system_map.json","6027","        ""json.dump"","
"C:\Users\USER\slh-bot-clean\_slh_map\system_map.json","6048","        ""json.load"","
"C:\Users\USER\slh-bot-clean\_slh_map\system_map.json","6058","        ""json.load"","
"C:\Users\USER\slh-bot-clean\_slh_map\system_map.json","6115","        ""state_manager"","
"C:\Users\USER\slh-bot-clean\_slh_map\system_map.json","6135","        ""state_manager.atomic_update"","
"C:\Users\USER\slh-bot-clean\_slh_map\system_map.json","6141","        ""state_manager.load_db"","
"C:\Users\USER\slh-bot-clean\_slh_map\system_map.json","6146","        ""state_manager.save_db"","
"C:\Users\USER\slh-bot-clean\_slh_map\system_map.json","6208","        ""json.dump"","
"C:\Users\USER\slh-bot-clean\_slh_map\system_map.json","6211","        ""json.load"","
"C:\Users\USER\slh-bot-clean\_slh_map\system_map.json","6381","        ""json.loads"","
"C:\Users\USER\slh-bot-clean\_slh_map\system_map.json","6383","        ""json.loads"","
"C:\Users\USER\slh-bot-clean\_slh_map\system_map.json","6399","        ""json.dumps"","
"C:\Users\USER\slh-bot-clean\_slh_map\system_map.json","6649","        ""json.loads"","
"C:\Users\USER\slh-bot-clean\_slh_map\system_map.json","6653","        ""json.dumps"""
"C:\Users\USER\slh-bot-clean\_slh_map\system_map.json","6835","        ""json.load"","
"C:\Users\USER\slh-bot-clean\_slh_map\system_map.json","7014","        ""json.load"","
"C:\Users\USER\slh-bot-clean\_slh_map\system_map.json","7049","        ""json.loads"","
"C:\Users\USER\slh-bot-clean\_slh_map\system_map.json","7056","        ""json.dumps"","
"C:\Users\USER\slh-bot-clean\_slh_map\system_map.json","7117","        ""json.load"","
"C:\Users\USER\slh-bot-clean\_slh_map\system_map.json","7167","        ""json.load"","
"C:\Users\USER\slh-bot-clean\_slh_map\system_map.json","7258","        ""json.dump"","
"C:\Users\USER\slh-bot-clean\_slh_map\system_map.json","7275","        ""json.load"","
"C:\Users\USER\slh-bot-clean\_slh_map\system_map.json","7445","        ""json.load"","
"C:\Users\USER\slh-bot-clean\_slh_map\system_map.json","7525","        ""json.load"","
"C:\Users\USER\slh-bot-clean\_slh_map\system_map.json","7589","        ""state_manager"","
"C:\Users\USER\slh-bot-clean\_slh_map\system_map.json","7624","        ""state_manager.load_db"","
"C:\Users\USER\slh-bot-clean\_slh_map\system_map.json","7634","        ""state_manager.load_db"","
"C:\Users\USER\slh-bot-clean\_slh_map\system_map.json","7641","        ""state_manager.load_db"","
"C:\Users\USER\slh-bot-clean\_slh_map\system_map.json","7643","        ""state_manager.load_db"","
"C:\Users\USER\slh-bot-clean\_slh_map\system_map.json","7650","        ""state_manager.load_db"","
"C:\Users\USER\slh-bot-clean\_slh_map\system_map.json","7653","        ""state_manager.save_db"","
"C:\Users\USER\slh-bot-clean\_slh_map\system_map.json","7675","        ""state_manager.save_db"","
"C:\Users\USER\slh-bot-clean\_slh_map\system_map.json","7783","        ""json.load"","
"C:\Users\USER\slh-bot-clean\_slh_map\system_map.json","7787","        ""json.dump"","
"C:\Users\USER\slh-bot-clean\_slh_map\system_map.json","7790","        ""json.load"","
"C:\Users\USER\slh-bot-clean\_slh_map\system_map.json","7794","        ""json.dump"","
"C:\Users\USER\slh-bot-clean\_slh_map\system_map.json","7921","        ""json.load"","
"C:\Users\USER\slh-bot-clean\_slh_map\system_map.json","7923","        ""json.dump"","
"C:\Users\USER\slh-bot-clean\_slh_map\system_map.json","8007","        ""json.load"","
"C:\Users\USER\slh-bot-clean\_slh_map\system_map.json","8011","        ""json.load"","
"C:\Users\USER\slh-bot-clean\_slh_map\system_map.json","8013","        ""json.dump"","
"C:\Users\USER\slh-bot-clean\_slh_map\system_map.json","8046","        ""json.load"","
"C:\Users\USER\slh-bot-clean\_slh_map\system_map.json","8189","        ""json.load"","
"C:\Users\USER\slh-bot-clean\_slh_map\system_map.json","8353","        ""state_manager"","
"C:\Users\USER\slh-bot-clean\_slh_map\system_map.json","8395","        ""json.dump"","
"C:\Users\USER\slh-bot-clean\_slh_map\system_map.json","8403","        ""json.load"","
"C:\Users\USER\slh-bot-clean\_slh_map\system_map.json","8408","        ""state_manager.get_agents"","
"C:\Users\USER\slh-bot-clean\_slh_map\system_map.json","8412","        ""json.load"","
"C:\Users\USER\slh-bot-clean\_slh_map\system_map.json","8421","        ""state_manager.set_agents"","
"C:\Users\USER\slh-bot-clean\_slh_map\system_map.json","8433","        ""json.dump"","
"C:\Users\USER\slh-bot-clean\_slh_map\system_map.json","8598","        ""state_manager"""
"C:\Users\USER\slh-bot-clean\_slh_map\system_map.json","8612","        ""state_manager.load_db"","
"C:\Users\USER\slh-bot-clean\_slh_map\system_map.json","8619","        ""state_manager.load_db"","
"C:\Users\USER\slh-bot-clean\_slh_map\system_map.json","8620","        ""state_manager.save_db"","
"C:\Users\USER\slh-bot-clean\_slh_map\system_map.json","8644","        ""state_manager"","
"C:\Users\USER\slh-bot-clean\_slh_map\system_map.json","8674","        ""state_manager.load_db"","
"C:\Users\USER\slh-bot-clean\_slh_map\system_map.json","8685","        ""state_manager.load_db"","
"C:\Users\USER\slh-bot-clean\_slh_map\system_map.json","8690","        ""state_manager.save_db"","
"C:\Users\USER\slh-bot-clean\_slh_map\system_map.json","8694","        ""state_manager.load_db"","
"C:\Users\USER\slh-bot-clean\_slh_map\system_map.json","8700","        ""state_manager.save_db"","
"C:\Users\USER\slh-bot-clean\_slh_map\system_map.json","8704","        ""state_manager.load_db"","
"C:\Users\USER\slh-bot-clean\_slh_map\system_map.json","8707","        ""state_manager.save_db"","
"C:\Users\USER\slh-bot-clean\_slh_map\system_map.json","8710","        ""state_manager.load_db"","
"C:\Users\USER\slh-bot-clean\_slh_map\system_map.json","8717","        ""state_manager.load_db"","
"C:\Users\USER\slh-bot-clean\_slh_map\system_map.json","8719","        ""state_manager.save_db"","
"C:\Users\USER\slh-bot-clean\_slh_map\system_map.json","8804","        ""json.dump"","
"C:\Users\USER\slh-bot-clean\_slh_map\system_map.json","8806","        ""json.load"""
"C:\Users\USER\slh-bot-clean\_slh_map\system_map.json","8893","        ""json.loads"","
"C:\Users\USER\slh-bot-clean\_slh_map\system_map.json","8946","        ""json.dumps"","
"C:\Users\USER\slh-bot-clean\_slh_map\system_map.json","9076","        ""json.loads"","
"C:\Users\USER\slh-bot-clean\_slh_map\system_map.json","9085","        ""json.dumps"","
"C:\Users\USER\slh-bot-clean\_slh_map\system_map.json","9113","        ""json.dumps"","
"C:\Users\USER\slh-bot-clean\_slh_map\system_map.json","9152","        ""json.dumps"","
"C:\Users\USER\slh-bot-clean\_slh_map\system_map.json","9153","        ""json.dumps"","
"C:\Users\USER\slh-bot-clean\_slh_map\system_map.json","9225","        ""json.loads"","
"C:\Users\USER\slh-bot-clean\_slh_map\system_map.json","9233","        ""json.dumps"","
"C:\Users\USER\slh-bot-clean\_slh_map\system_map.json","9258","        ""json.dumps"","
"C:\Users\USER\slh-bot-clean\_slh_map\system_map.json","9296","        ""json.dumps"","
"C:\Users\USER\slh-bot-clean\_slh_map\system_map.json","9297","        ""json.dumps"","
"C:\Users\USER\slh-bot-clean\_slh_map\system_map.json","9367","        ""json.loads"","
"C:\Users\USER\slh-bot-clean\_slh_map\system_map.json","9376","        ""json.dumps"","
"C:\Users\USER\slh-bot-clean\_slh_map\system_map.json","9497","        ""json.loads"","
"C:\Users\USER\slh-bot-clean\_slh_map\system_map.json","9541","        ""json.dumps"","
"C:\Users\USER\slh-bot-clean\_slh_map\system_map.json","9648","        ""json.loads"","
"C:\Users\USER\slh-bot-clean\_slh_map\system_map.json","9671","        ""json.dumps"","
"C:\Users\USER\slh-bot-clean\_slh_map\system_map.json","9711","        ""json.dumps"","
"C:\Users\USER\slh-bot-clean\_slh_map\system_map.json","9769","        ""json.loads"","
"C:\Users\USER\slh-bot-clean\_slh_map\system_map.json","9877","        ""json.loads"","
"C:\Users\USER\slh-bot-clean\_slh_map\system_map.json","10053","        ""json.loads"","
"C:\Users\USER\slh-bot-clean\_slh_map\system_map.json","10070","        ""json.dumps"","
"C:\Users\USER\slh-bot-clean\_slh_map\system_map.json","10118","        ""json.dumps"","
"C:\Users\USER\slh-bot-clean\_slh_map\system_map.json","10179","        ""json.loads"","
"C:\Users\USER\slh-bot-clean\_slh_map\system_map.json","10188","        ""json.dumps"","
"C:\Users\USER\slh-bot-clean\_slh_map\system_map.json","10311","        ""json.loads"","
"C:\Users\USER\slh-bot-clean\_slh_map\system_map.json","10454","        ""json.load"","
"C:\Users\USER\slh-bot-clean\_slh_map\system_map.json","10513","        ""json.load"","
"C:\Users\USER\slh-bot-clean\_slh_map\system_map.json","10559","        ""json.load"","
"C:\Users\USER\slh-bot-clean\_slh_map\system_map.json","10561","        ""json.dump"","
"C:\Users\USER\slh-bot-clean\_slh_map\system_map.json","10687","        ""json.load"","
"C:\Users\USER\slh-bot-clean\_slh_map\system_map.json","10719","        ""json.load"","
"C:\Users\USER\slh-bot-clean\_slh_map\system_map.json","10831","        ""json.load"","
"C:\Users\USER\slh-bot-clean\_slh_map\system_map.json","10832","        ""json.dump"","
"C:\Users\USER\slh-bot-clean\_slh_map\system_map.json","10877","        ""json.dump"","
"C:\Users\USER\slh-bot-clean\_slh_map\system_map.json","10884","        ""json.load"","
"C:\Users\USER\slh-bot-clean\_slh_map\system_map.json","10939","        ""json.load"","
"C:\Users\USER\slh-bot-clean\_slh_map\system_map.json","10940","        ""json.dump"","
"C:\Users\USER\slh-bot-clean\_slh_map\system_map.json","10954","        ""json.load"","
"C:\Users\USER\slh-bot-clean\_slh_map\system_map.json","10967","        ""json.load"","
"C:\Users\USER\slh-bot-clean\_slh_map\system_map.json","10980","        ""json.load"","
"C:\Users\USER\slh-bot-clean\_slh_map\system_map.json","10992","        ""json.load"","
"C:\Users\USER\slh-bot-clean\_slh_map\system_map.json","11003","        ""json.load"","
"C:\Users\USER\slh-bot-clean\_slh_map\system_map.json","11067","        ""json.dump"","
"C:\Users\USER\slh-bot-clean\_slh_map\system_map.json","11086","        ""json.load"","
"C:\Users\USER\slh-bot-clean\_slh_map\system_map.json","11088","        ""json.dump"","
"C:\Users\USER\slh-bot-clean\_slh_map\system_map.json","11152","        ""json.dump"","
"C:\Users\USER\slh-bot-clean\_slh_map\system_map.json","11158","        ""json.load"","
"C:\Users\USER\slh-bot-clean\_slh_map\system_map.json","11180","        ""json.load"","
"C:\Users\USER\slh-bot-clean\_slh_map\system_map.json","11183","        ""json.load"","
"C:\Users\USER\slh-bot-clean\_slh_map\system_map.json","11187","        ""json.load"","
"C:\Users\USER\slh-bot-clean\_slh_map\system_map.json","11238","        ""json.loads"","
"C:\Users\USER\slh-bot-clean\_slh_map\system_map.json","11400","        ""json.dump"","
"C:\Users\USER\slh-bot-clean\_slh_map\system_map.json","11409","        ""json.load"","
"C:\Users\USER\slh-bot-clean\_slh_map\system_map.json","11542","        ""json.load"","
"C:\Users\USER\slh-bot-clean\_slh_map\system_map.json","11652","        ""json.load"","
"C:\Users\USER\slh-bot-clean\_slh_map\system_map.json","11656","        ""json.load"","
"C:\Users\USER\slh-bot-clean\_slh_map\system_map.json","11662","        ""json.dump"","
"C:\Users\USER\slh-bot-clean\_slh_map\system_map.json","11664","        ""json.load"","
"C:\Users\USER\slh-bot-clean\_slh_map\system_map.json","11713","        ""json.load"","
"C:\Users\USER\slh-bot-clean\_slh_map\system_map.json","11716","        ""json.dump"","
"C:\Users\USER\slh-bot-clean\_slh_map\system_map.json","11762","        ""json.load"","
"C:\Users\USER\slh-bot-clean\_slh_map\system_map.json","11787","        ""json.loads"","
"C:\Users\USER\slh-bot-clean\_slh_map\system_map.json","11857","        ""json.load"","
"C:\Users\USER\slh-bot-clean\_slh_map\system_map.json","11859","        ""json.dump"","
"C:\Users\USER\slh-bot-clean\_slh_map\system_map.json","11894","        ""state_manager"","
"C:\Users\USER\slh-bot-clean\_slh_map\system_map.json","11916","        ""state_manager.load_db"","
"C:\Users\USER\slh-bot-clean\_slh_map\system_map.json","11921","        ""state_manager.load_db"","
"C:\Users\USER\slh-bot-clean\_slh_map\system_map.json","11926","        ""state_manager.save_db"","
"C:\Users\USER\slh-bot-clean\_slh_map\system_map.json","11929","        ""state_manager.load_db"","
"C:\Users\USER\slh-bot-clean\_slh_map\system_map.json","11934","        ""state_manager.save_db"","
"C:\Users\USER\slh-bot-clean\_slh_map\system_map.json","11938","        ""state_manager.load_db"","
"C:\Users\USER\slh-bot-clean\_slh_map\system_map.json","11939","        ""state_manager.save_db"","
"C:\Users\USER\slh-bot-clean\_slh_map\system_map.json","12018","        ""state_manager"","
"C:\Users\USER\slh-bot-clean\_slh_map\system_map.json","12049","        ""state_manager.load_db"","
"C:\Users\USER\slh-bot-clean\_slh_map\system_map.json","12059","        ""state_manager.load_db"","
"C:\Users\USER\slh-bot-clean\_slh_map\system_map.json","12066","        ""state_manager.load_db"","
"C:\Users\USER\slh-bot-clean\_slh_map\system_map.json","12068","        ""state_manager.load_db"","
"C:\Users\USER\slh-bot-clean\_slh_map\system_map.json","12075","        ""state_manager.load_db"","
"C:\Users\USER\slh-bot-clean\_slh_map\system_map.json","12077","        ""state_manager.save_db"","
"C:\Users\USER\slh-bot-clean\_slh_map\system_map.json","12100","        ""state_manager.save_db"","
"C:\Users\USER\slh-bot-clean\_slh_map\system_map.json","12291","        ""json.load"","
"C:\Users\USER\slh-bot-clean\_slh_map\system_map.json","12373","        ""json.dumps"","
"C:\Users\USER\slh-bot-clean\_slh_map\system_map.json","12513","        ""json.load"","
"C:\Users\USER\slh-bot-clean\_slh_map\system_map.json","12656","        ""json.load"","
"C:\Users\USER\slh-bot-clean\_slh_map\system_map.json","12658","        ""json.dump"","
"C:\Users\USER\slh-bot-clean\_slh_map\system_map.json","12660","        ""json.load"","
"C:\Users\USER\slh-bot-clean\_slh_map\system_map.json","12667","        ""json.dump"","
"C:\Users\USER\slh-bot-clean\_slh_map\system_map.json","12668","        ""json.dumps"","
"C:\Users\USER\slh-bot-clean\_slh_map\system_map.json","12763","        ""json.load"","
"C:\Users\USER\slh-bot-clean\_slh_map\system_map.json","12774","        ""json.load"","
"C:\Users\USER\slh-bot-clean\_slh_map\system_map.json","12777","        ""json.load"","
"C:\Users\USER\slh-bot-clean\_slh_map\system_map.json","12860","        ""json.load"","
"C:\Users\USER\slh-bot-clean\_slh_map\system_map.json","12975","        ""json.dumps"","
"C:\Users\USER\slh-bot-clean\_slh_map\system_map.json","12983","        ""json.dumps"","
"C:\Users\USER\slh-bot-clean\_slh_map\system_map.json","13060","        ""json.load"","
"C:\Users\USER\slh-bot-clean\_slh_map\system_map.json","13277","        ""json.dump"","
"C:\Users\USER\slh-bot-clean\_slh_map\system_map.json","13285","        ""json.load"","
"C:\Users\USER\slh-bot-clean\_slh_map\system_map.json","13393","        ""json.load"","
"C:\Users\USER\slh-bot-clean\_slh_map\system_map.json","13396","        ""json.dump"","
"C:\Users\USER\slh-bot-clean\_slh_map\system_map.json","13406","        ""json.dump"","
"C:\Users\USER\slh-bot-clean\_slh_map\system_map.json","13407","        ""json.dumps"","
"C:\Users\USER\slh-bot-clean\_slh_map\system_map.json","13412","        ""json.dump"","
"C:\Users\USER\slh-bot-clean\_slh_map\system_map.json","13415","        ""json.load"","
"C:\Users\USER\slh-bot-clean\_slh_map\system_map.json","13723","        ""json.load"","
"C:\Users\USER\slh-bot-clean\_slh_map\system_map.json","13790","        ""json.load"","
"C:\Users\USER\slh-bot-clean\_slh_map\system_map.json","13799","        ""json.dump"","
"C:\Users\USER\slh-bot-clean\_slh_map\system_map.json","13801","        ""json.load"","
"C:\Users\USER\slh-bot-clean\_slh_map\system_map.json","13808","        ""json.dump"","
"C:\Users\USER\slh-bot-clean\_slh_map\system_map.json","13809","        ""json.dumps"","
"C:\Users\USER\slh-bot-clean\_slh_map\system_map.json","13866","        ""json.load"","
"C:\Users\USER\slh-bot-clean\_slh_map\system_map.json","14043","        ""json.loads"","
"C:\Users\USER\slh-bot-clean\_slh_map\system_map.json","14044","        ""json.dumps"","
"C:\Users\USER\slh-bot-clean\_slh_map\system_map.json","14101","        ""json.dumps"","
"C:\Users\USER\slh-bot-clean\_slh_map\system_map.json","14203","        ""json.load"","
"C:\Users\USER\slh-bot-clean\_slh_map\system_map.json","14285","        ""json.load"","
"C:\Users\USER\slh-bot-clean\_slh_map\system_map.json","14291","        ""json.dump"","
"C:\Users\USER\slh-bot-clean\_slh_map\system_map.json","14311","        ""state_manager"","
"C:\Users\USER\slh-bot-clean\_slh_map\system_map.json","14332","        ""state_manager.get_agents"","
"C:\Users\USER\slh-bot-clean\_slh_map\system_map.json","14335","        ""state_manager.get_agents"","
"C:\Users\USER\slh-bot-clean\_slh_map\system_map.json","14339","        ""state_manager.get_agents"","
"C:\Users\USER\slh-bot-clean\_slh_map\system_map.json","14342","        ""state_manager.set_agents"","
"C:\Users\USER\slh-bot-clean\_slh_map\system_map.json","14346","        ""state_manager.get_agents"","
"C:\Users\USER\slh-bot-clean\_slh_map\system_map.json","14348","        ""state_manager.set_agents"","
"C:\Users\USER\slh-bot-clean\_slh_map\system_map.json","14412","        ""json.load"","
"C:\Users\USER\slh-bot-clean\_slh_map\system_map.json","14417","        ""json.load"","
"C:\Users\USER\slh-bot-clean\_slh_map\system_map.json","14419","        ""json.dump"","
"C:\Users\USER\slh-bot-clean\_slh_map\system_map.json","14466","        ""json.load"","
"C:\Users\USER\slh-bot-clean\_slh_map\system_map.json","14497","        ""state_manager"","
"C:\Users\USER\slh-bot-clean\_slh_map\system_map.json","14518","        ""state_manager.get_agents"","
"C:\Users\USER\slh-bot-clean\_slh_map\system_map.json","14580","        ""state_manager"","
"C:\Users\USER\slh-bot-clean\_slh_map\system_map.json","14597","        ""state_manager.get_agents"","
"C:\Users\USER\slh-bot-clean\_slh_map\system_map.json","14599","        ""state_manager.set_agents"","
"C:\Users\USER\slh-bot-clean\_slh_map\system_map.json","14635","        ""json.load"","
"C:\Users\USER\slh-bot-clean\_slh_map\system_map.json","14637","        ""json.dump"","
"C:\Users\USER\slh-bot-clean\_slh_map\system_map.json","14708","        ""json.load"","
"C:\Users\USER\slh-bot-clean\_slh_map\system_map.json","14780","        ""json.dump"","
"C:\Users\USER\slh-bot-clean\_slh_map\system_map.json","14782","        ""json.load"","
"C:\Users\USER\slh-bot-clean\_slh_map\system_map.json","14831","        ""json.load"","
"C:\Users\USER\slh-bot-clean\_slh_map\system_map.json","14833","        ""json.dump"","
"C:\Users\USER\slh-bot-clean\_slh_map\system_map.json","14836","        ""json.load"","
"C:\Users\USER\slh-bot-clean\_slh_map\system_map.json","14838","        ""json.dump"","
"C:\Users\USER\slh-bot-clean\_slh_map\system_map.json","14841","        ""json.load"","
"C:\Users\USER\slh-bot-clean\_slh_map\system_map.json","14880","        ""json.load"","
"C:\Users\USER\slh-bot-clean\_slh_map\system_map.json","14882","        ""json.dump"","
"C:\Users\USER\slh-bot-clean\_slh_map\system_map.json","14941","        ""json.load"","
"C:\Users\USER\slh-bot-clean\_slh_map\system_map.json","14976","        ""json.load"","
"C:\Users\USER\slh-bot-clean\_slh_map\system_map.json","14978","        ""json.load"","
"C:\Users\USER\slh-bot-clean\_slh_map\system_map.json","14980","        ""json.load"","
"C:\Users\USER\slh-bot-clean\_slh_map\system_map.json","15017","        ""json.dump"","
"C:\Users\USER\slh-bot-clean\_slh_map\system_map.json","15023","        ""json.load"","
"C:\Users\USER\slh-bot-clean\_slh_map\system_map.json","15033","      ""path"": ""state_manager.py"","
"C:\Users\USER\slh-bot-clean\_slh_map\system_map.json","15034","      ""module"": ""state_manager"","
"C:\Users\USER\slh-bot-clean\_slh_map\system_map.json","15064","        ""json.load"","
"C:\Users\USER\slh-bot-clean\_slh_map\system_map.json","15067","        ""json.load"","
"C:\Users\USER\slh-bot-clean\_slh_map\system_map.json","15069","        ""json.dump"","
"C:\Users\USER\slh-bot-clean\_slh_map\system_map.json","15115","        ""json.load"""
"C:\Users\USER\slh-bot-clean\_slh_map\system_map.json","15207","        ""json.load"","
"C:\Users\USER\slh-bot-clean\_slh_map\system_map.json","15209","        ""json.dump"","
"C:\Users\USER\slh-bot-clean\_slh_map\system_map.json","15253","        ""json.dump"","
"C:\Users\USER\slh-bot-clean\_slh_map\system_map.json","15258","        ""json.load"","
"C:\Users\USER\slh-bot-clean\_slh_map\system_map.json","15345","        ""json.load"","
"C:\Users\USER\slh-bot-clean\_slh_map\system_map.json","15360","        ""json.dumps"","
"C:\Users\USER\slh-bot-clean\_slh_map\system_map.json","15447","        ""json.load"","
"C:\Users\USER\slh-bot-clean\_slh_map\system_map.json","15555","        ""json.loads"","
"C:\Users\USER\slh-bot-clean\_slh_map\system_map.json","15659","        ""json.load"""
"C:\Users\USER\slh-bot-clean\_slh_map\system_map.json","15749","        ""json.loads"","
"C:\Users\USER\slh-bot-clean\_slh_map\system_map.json","15858","        ""json.loads"","
"C:\Users\USER\slh-bot-clean\_slh_map\system_map.json","16031","        ""json.loads"","
"C:\Users\USER\slh-bot-clean\_slh_map\system_map.json","16214","        ""json.loads"","
"C:\Users\USER\slh-bot-clean\_slh_map\system_map.json","16219","        ""json.dumps"","
"C:\Users\USER\slh-bot-clean\_slh_map\system_map.json","16297","        ""json.loads"","
"C:\Users\USER\slh-bot-clean\_slh_map\system_map.json","16362","        ""json.loads"","
"C:\Users\USER\slh-bot-clean\_slh_map\system_map.json","16367","        ""json.dumps"","
"C:\Users\USER\slh-bot-clean\_slh_map\system_map.json","16386","        ""json.loads"","
"C:\Users\USER\slh-bot-clean\_slh_map\system_map.json","16488","        ""json.loads"","
"C:\Users\USER\slh-bot-clean\_slh_map\system_map.json","16493","        ""json.dumps"","
"C:\Users\USER\slh-bot-clean\_slh_map\system_map.json","16567","        ""json.loads"","
"C:\Users\USER\slh-bot-clean\_slh_map\system_map.json","16705","        ""json.loads"","
"C:\Users\USER\slh-bot-clean\_slh_map\system_map.json","16831","        ""json.loads"","
"C:\Users\USER\slh-bot-clean\_slh_map\system_map.json","17012","        ""json.loads"","
"C:\Users\USER\slh-bot-clean\_slh_map\system_map.json","17177","        ""json.loads"","
"C:\Users\USER\slh-bot-clean\_slh_map\system_map.json","17364","        ""json.dumps"","
"C:\Users\USER\slh-bot-clean\_slh_map\system_map.json","17398","        ""state_manager"","
"C:\Users\USER\slh-bot-clean\_slh_map\system_map.json","17424","        ""state_manager.load_db"","
"C:\Users\USER\slh-bot-clean\_slh_map\system_map.json","17426","        ""state_manager.load_db"","
"C:\Users\USER\slh-bot-clean\_slh_map\system_map.json","17427","        ""state_manager.save_db"","
"C:\Users\USER\slh-bot-clean\_slh_map\system_map.json","17436","        ""state_manager.atomic_update"","
"C:\Users\USER\slh-bot-clean\_slh_map\system_map.json","17567","        ""json.dumps"","
"C:\Users\USER\slh-bot-clean\_slh_map\system_map.json","17686","        ""json.loads"","
"C:\Users\USER\slh-bot-clean\_slh_map\system_map.json","17687","        ""json.dumps"","
"C:\Users\USER\slh-bot-clean\_slh_map\system_map.json","17791","        ""json.load"","
"C:\Users\USER\slh-bot-clean\_slh_map\system_map.json","17804","        ""json.dump"","
"C:\Users\USER\slh-bot-clean\_slh_map\system_map.json","18042","        ""json.dumps"","
"C:\Users\USER\slh-bot-clean\_slh_map\system_map.json","18159","        ""json.dumps"""
"C:\Users\USER\slh-bot-clean\_slh_map\system_map.json","18283","        ""json.dumps"","
"C:\Users\USER\slh-bot-clean\_slh_map\system_map.json","18367","        ""json.dumps"","
"C:\Users\USER\slh-bot-clean\_slh_map\system_map.json","18597","        ""json.dumps"","
"C:\Users\USER\slh-bot-clean\_slh_map\system_map.json","18690","        ""json.load"","
"C:\Users\USER\slh-bot-clean\_slh_map\system_map.json","18691","        ""json.load"","
"C:\Users\USER\slh-bot-clean\_slh_map\system_map.json","18694","        ""json.load"","
"C:\Users\USER\slh-bot-clean\_slh_map\system_map.json","18696","        ""json.dumps"","
"C:\Users\USER\slh-bot-clean\_slh_map\system_map.json","18823","        ""json.dumps"","
"C:\Users\USER\slh-bot-clean\_slh_map\system_map.json","19054","        ""json.dumps"","
"C:\Users\USER\slh-bot-clean\_slh_map\system_map.json","19295","        ""json.dumps"","
"C:\Users\USER\slh-bot-clean\_slh_map\system_map.json","19364","        ""json.loads"","
"C:\Users\USER\slh-bot-clean\_slh_map\system_map.json","19442","        ""json.dumps"","
"C:\Users\USER\slh-bot-clean\_slh_map\system_map.json","19568","        ""json.dumps"","
"C:\Users\USER\slh-bot-clean\_slh_map\system_map.json","19670","        ""json.dumps"","
"C:\Users\USER\slh-bot-clean\_slh_map\system_map.json","19770","        ""json.load"","
"C:\Users\USER\slh-bot-clean\_slh_map\system_map.json","19836","        ""json.dumps"","
"C:\Users\USER\slh-bot-clean\_slh_map\system_map.json","19838","        ""json.loads"","
"C:\Users\USER\slh-bot-clean\_slh_map\system_map.json","20079","        ""json.loads"","
"C:\Users\USER\slh-bot-clean\_slh_map\system_map.json","20086","        ""json.loads"","
"C:\Users\USER\slh-bot-clean\_slh_map\system_map.json","20093","        ""json.loads"","
"C:\Users\USER\slh-bot-clean\_slh_map\system_map.json","20100","        ""json.loads"","
"C:\Users\USER\slh-bot-clean\_slh_map\system_map.json","20140","        ""json.loads"","
"C:\Users\USER\slh-bot-clean\_slh_map\system_map.json","20212","        ""json.loads"","
"C:\Users\USER\slh-bot-clean\_slh_map\system_map.json","20223","        ""json.dumps"","
"C:\Users\USER\slh-bot-clean\_slh_map\system_map.json","20226","        ""json.dumps"","
"C:\Users\USER\slh-bot-clean\_slh_map\system_map.json","20229","        ""json.dumps"","
"C:\Users\USER\slh-bot-clean\_slh_map\system_map.json","20232","        ""json.dumps"","
"C:\Users\USER\slh-bot-clean\_slh_map\system_map.json","20300","        ""json.dumps"","
"C:\Users\USER\slh-bot-clean\_slh_map\system_map.json","20469","        ""json.dumps"","
"C:\Users\USER\slh-bot-clean\_slh_map\system_map.json","21012","        ""json.loads"","
"C:\Users\USER\slh-bot-clean\_slh_map\system_map.json","21026","        ""json.dumps"","
"C:\Users\USER\slh-bot-clean\_slh_map\system_map.json","21125","        ""json.dumps"","
"C:\Users\USER\slh-bot-clean\_slh_map\system_map.json","21215","        ""json.dumps"","
"C:\Users\USER\slh-bot-clean\_slh_map\system_map.json","21395","        ""json.load"","
"C:\Users\USER\slh-bot-clean\_slh_map\system_map.json","21518","      ""target"": ""state_manager"","
"C:\Users\USER\slh-bot-clean\_slh_map\system_map.json","21558","      ""target"": ""state_manager"","
"C:\Users\USER\slh-bot-clean\_slh_map\system_map.json","21683","      ""target"": ""state_manager"","
"C:\Users\USER\slh-bot-clean\_slh_map\system_map.json","21708","      ""target"": ""state_manager"","
"C:\Users\USER\slh-bot-clean\_slh_map\system_map.json","21723","      ""target"": ""state_manager"","
"C:\Users\USER\slh-bot-clean\_slh_map\system_map.json","21793","      ""target"": ""state_manager"","
"C:\Users\USER\slh-bot-clean\_slh_map\system_map.json","21798","      ""target"": ""state_manager"","
"C:\Users\USER\slh-bot-clean\_slh_map\system_map.json","21928","      ""target"": ""state_manager"","
"C:\Users\USER\slh-bot-clean\_slh_map\system_map.json","22003","      ""target"": ""state_manager"","
"C:\Users\USER\slh-bot-clean\_slh_map\system_map.json","22008","      ""target"": ""state_manager"","
"C:\Users\USER\slh-bot-clean\_slh_map\system_map.json","22018","      ""target"": ""state_manager"","
"C:\Users\USER\slh-bot-clean\_slh_map\system_map.json","22088","      ""target"": ""state_manager"","
"C:\Users\USER\slh-bot-clean\_slh_map\system_map.json","22103","      ""target"": ""state_manager"","
"C:\Users\USER\slh-bot-clean\_slh_map\system_map.json","22223","      ""target"": ""state_manager"","
"C:\Users\USER\slh-bot-clean\_slh_map\system_map.json","22243","      ""target"": ""state_manager"","
"C:\Users\USER\slh-bot-clean\_slh_map\system_map.json","22273","      ""target"": ""state_manager"","
"C:\Users\USER\slh-bot-clean\_slh_map\system_map.json","22423","      ""target"": ""state_manager"","
"C:\Users\USER\slh-bot-clean\add_visibility_report.py","25","        users=json.load(open(""state/users.json""))"
"C:\Users\USER\slh-bot-clean\add_visibility_report.py","26","        allowed=json.load(open(""allowed_ids.json""))"
"C:\Users\USER\slh-bot-clean\agent_client.py","3","DB_PATH = ""state/db.json"""
"C:\Users\USER\slh-bot-clean\agent_client.py","64","    db_path = ""state/db.json"""
"C:\Users\USER\slh-bot-clean\agent_client.py","69","        db = json.load(f)"
"C:\Users\USER\slh-bot-clean\agent_client.py","87","        return json.load(f)"
"C:\Users\USER\slh-bot-clean\agent_client.py","92","        json.dump(db, f, indent=2, ensure_ascii=False)"
"C:\Users\USER\slh-bot-clean\assignment_approval.py","23","    return json.loads("
"C:\Users\USER\slh-bot-clean\assignment_commit.py","8","MANIFEST_PATH = ROOT / ""state"" / ""takeover"" / ""manifest.json"""
"C:\Users\USER\slh-bot-clean\assignment_commit.py","9","BOARD_PATH = ROOT / ""state"" / ""missions"" / ""board.json"""
"C:\Users\USER\slh-bot-clean\assignment_commit.py","10","BACKUP_DIR = ROOT / ""state"" / ""takeover"" / ""backups"""
"C:\Users\USER\slh-bot-clean\assignment_commit.py","17","    return json.loads("
"C:\Users\USER\slh-bot-clean\assignment_commit.py","162","        json.dumps("
"C:\Users\USER\slh-bot-clean\assignment_preview.py","22","    return json.loads("
"C:\Users\USER\slh-bot-clean\audit_logger.py","16","        f.write(json.dumps(entry) + ""\n"")"
"C:\Users\USER\slh-bot-clean\audit_logger.py","23","    return [json.loads(line) for line in lines[-n:]]"
"C:\Users\USER\slh-bot-clean\bot_core.py","7","TOKEN = json.load(open(""config.json""))[""BOT_TOKEN""]"
"C:\Users\USER\slh-bot-clean\bot_gateway.py","53","            data = json.load(f)"
"C:\Users\USER\slh-bot-clean\bot_gateway.py","102","        with open(""state/db.json"", encoding=""utf-8"") as f:"
"C:\Users\USER\slh-bot-clean\bot_gateway.py","103","            db = json.load(f)"
"C:\Users\USER\slh-bot-clean\bot_gateway.py","142","        return json.load(open(STATE_DIR / ""bots.json"", encoding=""utf-8""))"
"C:\Users\USER\slh-bot-clean\bot_stable.py","49","            cfg = json.load(f)"
"C:\Users\USER\slh-bot-clean\bot_stable.py","65","        cfg = json.load(f)"
"C:\Users\USER\slh-bot-clean\bot_stable.py","69","DB_FILE = cfg.get(""DB_FILE"", ""state/db.json"")"
"C:\Users\USER\slh-bot-clean\bot_stable.py","102","import state_manager"
"C:\Users\USER\slh-bot-clean\bot_stable.py","133","            db = json.load(f)"
"C:\Users\USER\slh-bot-clean\bot_stable.py","142","        json.dump(db, f, indent=2)"
"C:\Users\USER\slh-bot-clean\bot_stable.py","261","        users=json.load(open(""state/db.json"", encoding=""utf-8"")).get(""users"", {})"
"C:\Users\USER\slh-bot-clean\bot_stable.py","262","        allowed=json.load(open(""allowed_ids.json""))"
"C:\Users\USER\slh-bot-clean\bot_stable.py","363","        goals = json.load(open(path)) if os.path.exists(path) else []"
"C:\Users\USER\slh-bot-clean\bot_stable.py","365","        json.dump(goals, open(path, ""w""))"
"C:\Users\USER\slh-bot-clean\bot_stable.py","368","        goals = json.load(open(path)) if os.path.exists(path) else []"
"C:\Users\USER\slh-bot-clean\bot_stable.py","426","        with open(""state/db.json"", encoding=""utf-8"") as f:"
"C:\Users\USER\slh-bot-clean\bot_stable.py","427","            db = json.load(f)"
"C:\Users\USER\slh-bot-clean\bot_stable.py","501","            data = json.loads(resp.read())"
"C:\Users\USER\slh-bot-clean\bot_stable.py","590","    db_path = os.path.join(cwd, ""db.json"")"
"C:\Users\USER\slh-bot-clean\bot_stable.py","656","        ""state_manager"": globals().get(""state_manager"", None),"
"C:\Users\USER\slh-bot-clean\bot_stable.py","715","DB: state/db.json"""""""
"C:\Users\USER\slh-bot-clean\brief_handler.py","2","import state_manager"
"C:\Users\USER\slh-bot-clean\brief_handler.py","11","                journal = json.load(f)"
"C:\Users\USER\slh-bot-clean\brief_handler.py","30","            db = state_manager.load_db()"
"C:\Users\USER\slh-bot-clean\checkpoint_manager.py","13","    memory=json.load(f)"
"C:\Users\USER\slh-bot-clean\checkpoint_manager.py","26","    json.dump(checkpoint,f,indent=2,ensure_ascii=False)"
"C:\Users\USER\slh-bot-clean\config.json","7","  ""DB_PATH"": ""state/db.json"","
"C:\Users\USER\slh-bot-clean\core_engine.py","4","USERS = ""state/db.json"""
"C:\Users\USER\slh-bot-clean\core_engine.py","12","            return json.load(open(path))"
"C:\Users\USER\slh-bot-clean\core_engine.py","20","    json.dump(data, open(path, ""w""), indent=2)"
"C:\Users\USER\slh-bot-clean\course_handlers.py","3","DB_PATH = ""state/db.json"""
"C:\Users\USER\slh-bot-clean\course_handlers.py","7","        return json.load(f)"
"C:\Users\USER\slh-bot-clean\course_handlers.py","11","        json.dump(db, f, indent=2, ensure_ascii=False)"
"C:\Users\USER\slh-bot-clean\course_handlers.py","94","            courses_def = json.load(open(""courses.json""))"
"C:\Users\USER\slh-bot-clean\course_handlers.py","127","            courses_def = json.load(open(""courses.json""))"
"C:\Users\USER\slh-bot-clean\create_takeover_manifest.py","7","OUT = ROOT / ""state"" / ""takeover"" / ""manifest.json"""
"C:\Users\USER\slh-bot-clean\create_takeover_manifest.py","14","        return json.loads(path.read_text(encoding=""utf-8""))"
"C:\Users\USER\slh-bot-clean\create_takeover_manifest.py","40","db_path = ROOT / ""state"" / ""db.json"""
"C:\Users\USER\slh-bot-clean\create_takeover_manifest.py","41","board_path = ROOT / ""state"" / ""missions"" / ""board.json"""
"C:\Users\USER\slh-bot-clean\create_takeover_manifest.py","42","rewards_path = ROOT / ""state"" / ""rewards_ledger.json"""
"C:\Users\USER\slh-bot-clean\create_takeover_manifest.py","43","memory_path = ROOT / ""state"" / ""system_memory.json"""
"C:\Users\USER\slh-bot-clean\create_takeover_manifest.py","44","audit_path = ROOT / ""state"" / ""audit.jsonl"""
"C:\Users\USER\slh-bot-clean\create_takeover_manifest.py","396","    json.dumps("
"C:\Users\USER\slh-bot-clean\demo_handlers.py","2","import state_manager"
"C:\Users\USER\slh-bot-clean\demo_handlers.py","13","            agents = state_manager.get_agents()"
"C:\Users\USER\slh-bot-clean\demo_handlers.py","18","            state_manager.set_agents(agents)"
"C:\Users\USER\slh-bot-clean\demo_handlers.py","25","                    demo = json.load(f)"
"C:\Users\USER\slh-bot-clean\device_bridge.py","20","                data = json.load(f)"
"C:\Users\USER\slh-bot-clean\device_bridge.py","26","            json.dump({""devices"": devices}, f, indent=2, ensure_ascii=False)"
"C:\Users\USER\slh-bot-clean\diag_fix_handlers.py","34","        db_path = os.path.join(cwd, ""db.json"")"
"C:\Users\USER\slh-bot-clean\diag_handler.py","47","    db_path = os.path.join(cwd, ""db.json"")"
"C:\Users\USER\slh-bot-clean\dna_lock.py","10","            return json.load(open(path))"
"C:\Users\USER\slh-bot-clean\dna_lock.py","17","    json.dump(data, open(path, ""w""), indent=2)"
"C:\Users\USER\slh-bot-clean\doctor_handler.py","31","    db_path = ""slh_state.db"""
"C:\Users\USER\slh-bot-clean\econ_handler.py","1","import state_manager"
"C:\Users\USER\slh-bot-clean\econ_handler.py","8","        db = state_manager.load_db()"
"C:\Users\USER\slh-bot-clean\econ_handler.py","16","        db = state_manager.load_db()"
"C:\Users\USER\slh-bot-clean\econ_handler.py","41","        state_manager.save_db(db)"
"C:\Users\USER\slh-bot-clean\econ_handler.py","55","        db = state_manager.load_db()"
"C:\Users\USER\slh-bot-clean\econ_handler.py","57","        state_manager.save_db(db)"
"C:\Users\USER\slh-bot-clean\health_check.py","14","    cfg = json.load(open(""config.json""))"
"C:\Users\USER\slh-bot-clean\internal_agent.py","1","import state_manager"
"C:\Users\USER\slh-bot-clean\internal_agent.py","58","            with open(""db.json"") as f:"
"C:\Users\USER\slh-bot-clean\internal_agent.py","59","                db = json.load(f)"
"C:\Users\USER\slh-bot-clean\internal_agent.py","81","                with open(""db.json"", ""w"") as f:"
"C:\Users\USER\slh-bot-clean\internal_agent.py","82","                    json.dump(db, f, indent=2, ensure_ascii=False)"
"C:\Users\USER\slh-bot-clean\internal_agent.py","103","        with open(""db.json"") as f: db = json.load(f)"
"C:\Users\USER\slh-bot-clean\internal_agent.py","124","    with open(""db.json"",""w"") as f: json.dump(db, f, indent=2, ensure_ascii=False)"
"C:\Users\USER\slh-bot-clean\internal_agent.py","132","            agents = state_manager.get_agents()"
"C:\Users\USER\slh-bot-clean\internal_agent.py","145","                state_manager.set_agents(agents)"
"C:\Users\USER\slh-bot-clean\join_fix.py","15","    db = json.load(open(""db.json""))"
"C:\Users\USER\slh-bot-clean\join_fix.py","26","    json.dump(db, open(""db.json"",""w""), indent=2, ensure_ascii=False)"
"C:\Users\USER\slh-bot-clean\journal.json","20","    ""text"": ""SESSION 3-JUL-2026 COMPLETED: agent persistence fixed (state/db.json + Volume), /exec runs Python, /demo with tasks/agents/guide, /inbox shows outbox, /start updated, state_manager centralizes DB access, tutor agent auto-replies. System ready for alpha users. Next: Ollama LLM integration, monetization plan."""
"C:\Users\USER\slh-bot-clean\journal.json","36","    ""text"": ""SESSION 4-JUL-2026 PART 3 - Economic engine audit: Found marketplace.py wrote to /app/marketplace.json (ephemeral container disk, NOT Volume) - active data-loss risk, would reset on every deploy. FIXED: changed STORE_FILE path to state/marketplace.json, preserved existing data (health_check, task_plugin, agent_os, junk_cleaner plugins) by copying to new location before code change. Verified live on Railway post-deploy - code and file both confirmed at new path. ALSO DISCOVERED (not yet fixed): (1) TWO competing /join handlers registered - learn_handlers.py and welcome_handler.py both claim commands=[join], likely causing referral flow to silently fail since welcome_handler writes db[students] without referral_code field that learn_handlers /referral expects. (2) welcome_handler.py and learn_handlers.py bypass state_manager.py entirely, doing raw json.load/dump on relative db.json path instead of using the centralized DB access built last session - same single-source-of-truth risk as journal.json had. (3) Local Termux state/db.json was significantly stale vs Railway live db.json (missing students/courses/admins keys) - must always pull live data via /exec before doing local DB work. (4) orphaned join_fix.py file present in root, unclear if still relevant. NEXT SESSION: resolve duplicate /join handlers, migrate welcome_handler.py and learn_handlers.py to use state_manager.py, decide fate of join_fix.py."""
"C:\Users\USER\slh-bot-clean\journal.json","40","    ""text"": ""SESSION 4-JUL-2026 PART 4 - Join handler cleanup + critical bug fix: Removed dead /join code (start_join/process_name/process_group/process_goal, 58 lines) from learn_handlers.py - was unreachable since welcome_handler.init(bot) registers first in bot_stable.py load order, telebot only executes first-matching handler for a command. CRITICAL BUG FOUND during live testing: welcome_handler.py join handler used relative path db.json (not state/db.json), which does not exist on Railway (no symlink present there unlike Termux local setup) - caused silent FileNotFoundError crash on every /join call, no user-facing response at all. Not caused by our changes - pre-existing bug, only surfaced because we tested /join live for the first time this session. FIXED: changed all 3 db.json references in welcome_handler.py to state/db.json. Verified live - /join now correctly responds. NOTE: my_progress() function in learn_handlers.py also confirmed dead code (referenced in error messages but /myprogress command never registered) - pre-existing, not touched, flagged for future cleanup. NOTE: SyntaxWarning for invalid escape sequences in welcome_handler.py markdown text (\\_ \\<) - cosmetic, not blocking, low priority."""
"C:\Users\USER\slh-bot-clean\journal.json","52","    ""text"": ""SESSION 4-JUL-2026 PART 7 (FINAL): Migrated journal from Volume-only state/journal.json to git-tracked journal.json in project root. Updated report_handler.py JOURNAL_FILE path. Now journal.json and ROADMAP.md both auto-sync Termux to Railway via git push - no /exec sync needed anymore for either. Verified live - /journal_read shows all entries correctly after deploy. This resolves the recurring Volume/git split issue that caused confusion multiple times this session (journal showing stale test data, requiring manual /exec writes). State files that still remain Volume-only by necessity (live user data): state/db.json, state/marketplace.json - these correctly stay on Volume since they change in real-time from user actions, not from code edits."""
"C:\Users\USER\slh-bot-clean\language_handler.py","1","import state_manager"
"C:\Users\USER\slh-bot-clean\language_handler.py","32","        db = state_manager.load_db()"
"C:\Users\USER\slh-bot-clean\language_handler.py","34","        state_manager.save_db(db)"
"C:\Users\USER\slh-bot-clean\language_handler.py","38","    db = state_manager.load_db()"
"C:\Users\USER\slh-bot-clean\learning_path.py","2","import state_manager"
"C:\Users\USER\slh-bot-clean\learning_path.py","9","        db = state_manager.load_db()"
"C:\Users\USER\slh-bot-clean\learning_path.py","55","        db = state_manager.load_db()"
"C:\Users\USER\slh-bot-clean\learning_path.py","60","        state_manager.save_db(db)"
"C:\Users\USER\slh-bot-clean\learning_path.py","80","        db = state_manager.load_db()"
"C:\Users\USER\slh-bot-clean\learning_path.py","94","        state_manager.save_db(db)"
"C:\Users\USER\slh-bot-clean\learning_path.py","113","        db = state_manager.load_db()"
"C:\Users\USER\slh-bot-clean\learning_path.py","119","        state_manager.save_db(db)"
"C:\Users\USER\slh-bot-clean\learning_path.py","130","        db = state_manager.load_db()"
"C:\Users\USER\slh-bot-clean\learning_path.py","147","        db = state_manager.load_db()"
"C:\Users\USER\slh-bot-clean\learning_path.py","150","        state_manager.save_db(db)"
"C:\Users\USER\slh-bot-clean\marketplace.py","9","            return json.load(f)"
"C:\Users\USER\slh-bot-clean\marketplace.py","22","        json.dump(data, f, indent=2)"
"C:\Users\USER\slh-bot-clean\mission_assignment_commit.py","39","    return json.loads("
"C:\Users\USER\slh-bot-clean\mission_assignment_commit.py","241","        json.dumps("
"C:\Users\USER\slh-bot-clean\mission_completion_commit.py","9","BOARD_PATH = ROOT / ""state"" / ""missions"" / ""board.json"""
"C:\Users\USER\slh-bot-clean\mission_completion_commit.py","10","MANIFEST_PATH = ROOT / ""state"" / ""takeover"" / ""manifest.json"""
"C:\Users\USER\slh-bot-clean\mission_completion_commit.py","11","RESULTS_DIR = ROOT / ""state"" / ""missions"" / ""results"""
"C:\Users\USER\slh-bot-clean\mission_completion_commit.py","12","BACKUP_DIR = ROOT / ""state"" / ""takeover"" / ""backups"""
"C:\Users\USER\slh-bot-clean\mission_completion_commit.py","23","    return json.loads("
"C:\Users\USER\slh-bot-clean\mission_completion_commit.py","135","    canonical = json.dumps("
"C:\Users\USER\slh-bot-clean\mission_completion_commit.py","379","    canonical = json.dumps("
"C:\Users\USER\slh-bot-clean\mission_completion_commit.py","390","        json.dumps("
"C:\Users\USER\slh-bot-clean\mission_completion_commit.py","399","        json.dumps("
"C:\Users\USER\slh-bot-clean\mission_completion_commit_2.py","40","    return json.loads("
"C:\Users\USER\slh-bot-clean\mission_completion_commit_2.py","137","    canonical = json.dumps("
"C:\Users\USER\slh-bot-clean\mission_completion_commit_2.py","385","    canonical = json.dumps("
"C:\Users\USER\slh-bot-clean\mission_completion_commit_2.py","398","        json.dumps("
"C:\Users\USER\slh-bot-clean\mission_completion_commit_2.py","407","        json.dumps("
"C:\Users\USER\slh-bot-clean\mission_completion_gate.py","8","BOARD_PATH = ROOT / ""state"" / ""missions"" / ""board.json"""
"C:\Users\USER\slh-bot-clean\mission_completion_gate.py","9","MANIFEST_PATH = ROOT / ""state"" / ""takeover"" / ""manifest.json"""
"C:\Users\USER\slh-bot-clean\mission_completion_gate.py","10","RESULTS_DIR = ROOT / ""state"" / ""missions"" / ""results"""
"C:\Users\USER\slh-bot-clean\mission_completion_gate.py","21","    return json.loads("
"C:\Users\USER\slh-bot-clean\mission_completion_gate.py","133","    canonical = json.dumps("
"C:\Users\USER\slh-bot-clean\mission_creation_commit.py","32","    return json.loads("
"C:\Users\USER\slh-bot-clean\mission_creation_commit.py","194","        json.dumps("
"C:\Users\USER\slh-bot-clean\mission_execution_commit.py","47","    return json.loads("
"C:\Users\USER\slh-bot-clean\mission_execution_commit.py","345","    canonical = json.dumps("
"C:\Users\USER\slh-bot-clean\mission_execution_commit.py","364","        json.dumps("
"C:\Users\USER\slh-bot-clean\mission_execution_gate.py","8","BOARD_PATH = ROOT / ""state"" / ""missions"" / ""board.json"""
"C:\Users\USER\slh-bot-clean\mission_execution_gate.py","9","MANIFEST_PATH = ROOT / ""state"" / ""takeover"" / ""manifest.json"""
"C:\Users\USER\slh-bot-clean\mission_execution_gate.py","19","    return json.loads("
"C:\Users\USER\slh-bot-clean\mission_execution_preview.py","30","    return json.loads("
"C:\Users\USER\slh-bot-clean\mission_result_recorder.py","9","BOARD_PATH = ROOT / ""state"" / ""missions"" / ""board.json"""
"C:\Users\USER\slh-bot-clean\mission_result_recorder.py","10","MANIFEST_PATH = ROOT / ""state"" / ""takeover"" / ""manifest.json"""
"C:\Users\USER\slh-bot-clean\mission_result_recorder.py","11","RESULTS_DIR = ROOT / ""state"" / ""missions"" / ""results"""
"C:\Users\USER\slh-bot-clean\mission_result_recorder.py","12","BACKUP_DIR = ROOT / ""state"" / ""takeover"" / ""backups"""
"C:\Users\USER\slh-bot-clean\mission_result_recorder.py","23","    return json.loads("
"C:\Users\USER\slh-bot-clean\mission_result_recorder.py","241","    canonical = json.dumps("
"C:\Users\USER\slh-bot-clean\mission_result_recorder.py","310","        json.dumps("
"C:\Users\USER\slh-bot-clean\mission_result_verifier.py","8","BOARD_PATH = ROOT / ""state"" / ""missions"" / ""board.json"""
"C:\Users\USER\slh-bot-clean\mission_result_verifier.py","9","MANIFEST_PATH = ROOT / ""state"" / ""takeover"" / ""manifest.json"""
"C:\Users\USER\slh-bot-clean\mission_result_verifier.py","10","RESULTS_DIR = ROOT / ""state"" / ""missions"" / ""results"""
"C:\Users\USER\slh-bot-clean\mission_result_verifier.py","21","    return json.loads("
"C:\Users\USER\slh-bot-clean\mission_result_verifier.py","133","    canonical = json.dumps("
"C:\Users\USER\slh-bot-clean\mission_runner.py","8","BOARD_PATH = ROOT / ""state"" / ""missions"" / ""board.json"""
"C:\Users\USER\slh-bot-clean\mission_runner.py","9","MANIFEST_PATH = ROOT / ""state"" / ""takeover"" / ""manifest.json"""
"C:\Users\USER\slh-bot-clean\mission_runner.py","20","    return json.loads("
"C:\Users\USER\slh-bot-clean\monitor_handler.py","53","            with open(""db.json"") as f:"
"C:\Users\USER\slh-bot-clean\monitor_handler.py","54","                db = json.load(f)"
"C:\Users\USER\slh-bot-clean\myprogress_handler.py","8","            with open(""state/db.json"", encoding=""utf-8"") as f:"
"C:\Users\USER\slh-bot-clean\myprogress_handler.py","9","                db = json.load(f)"
"C:\Users\USER\slh-bot-clean\onboarding_handler.py","5","DB_PATH = ""state/db.json"""
"C:\Users\USER\slh-bot-clean\onboarding_handler.py","10","        return json.load(f)"
"C:\Users\USER\slh-bot-clean\onboarding_handler.py","15","        json.dump(db, f, indent=2, ensure_ascii=False)"
"C:\Users\USER\slh-bot-clean\plugins_store.py","8","            return json.load(f)"
"C:\Users\USER\slh-bot-clean\plugins_store.py","18","        json.dump(data, f, indent=2)"
"C:\Users\USER\slh-bot-clean\project_commands.py","61","            db = json.load(open(""state/db.json"", encoding=""utf-8""))"
"C:\Users\USER\slh-bot-clean\project_commands.py","63","            json.dump(db, open(""db.json"", ""w""), indent=2)"
"C:\Users\USER\slh-bot-clean\project_commands.py","67","            db = json.load(open(""state/db.json"", encoding=""utf-8""))"
"C:\Users\USER\slh-bot-clean\project_commands.py","87","            db = json.load(open(""state/db.json"", encoding=""utf-8""))"
"C:\Users\USER\slh-bot-clean\project_commands.py","102","            db = json.load(open(""state/db.json"", encoding=""utf-8""))"
"C:\Users\USER\slh-bot-clean\project_commands.py","114","            db = json.load(open(""state/db.json"", encoding=""utf-8""))"
"C:\Users\USER\slh-bot-clean\project_commands.py","128","            db = json.load(open(""state/db.json"", encoding=""utf-8""))"
"C:\Users\USER\slh-bot-clean\refresh_token_handler.py","21","            return json.load(f)"
"C:\Users\USER\slh-bot-clean\refresh_token_handler.py","35","            json.dump(_load_config(), f, indent=2, ensure_ascii=False)"
"C:\Users\USER\slh-bot-clean\refresh_token_handler.py","40","        json.dump(cfg, f, indent=2, ensure_ascii=False)"
"C:\Users\USER\slh-bot-clean\report_handler.py","8","            return json.load(f)"
"C:\Users\USER\slh-bot-clean\report_handler.py","16","        json.dump(entries, f, indent=2)"
"C:\Users\USER\slh-bot-clean\report_handler.py","24","            with open(""state/db.json"", encoding=""utf-8"") as f:"
"C:\Users\USER\slh-bot-clean\report_handler.py","25","                db = json.load(f)"
"C:\Users\USER\slh-bot-clean\report_handler.py","57","            with open(""state/db.json"", encoding=""utf-8"") as f:"
"C:\Users\USER\slh-bot-clean\report_handler.py","58","                db = json.load(f)"
"C:\Users\USER\slh-bot-clean\report_handler.py","83","            with open(""state/db.json"", encoding=""utf-8"") as f:"
"C:\Users\USER\slh-bot-clean\report_handler.py","84","                db = json.load(f)"
"C:\Users\USER\slh-bot-clean\responsibility_map.py","23","    return json.loads("
"C:\Users\USER\slh-bot-clean\safe_progress.py","9","            return json.load(open(STATE_FILE))"
"C:\Users\USER\slh-bot-clean\safe_progress.py","16","    json.dump(data, open(STATE_FILE, ""w""), indent=2)"
"C:\Users\USER\slh-bot-clean\self_check.py","10","    ""state/db.json"","
"C:\Users\USER\slh-bot-clean\self_model_audit.py","9","    ""state/db.json"","
"C:\Users\USER\slh-bot-clean\self_test.py","17","        with open(""db.json"") as f: db = json.load(f)"
"C:\Users\USER\slh-bot-clean\self_test.py","25","        with open(""db.json"") as f: db = json.load(f)"
"C:\Users\USER\slh-bot-clean\self_test.py","30","            with open(""db.json"",""w"") as f: json.dump(db, f)"
"C:\Users\USER\slh-bot-clean\self_test.py","32","            with open(""db.json"") as f: db = json.load(f)"
"C:\Users\USER\slh-bot-clean\SESSION_CLOSURE_AUDIT.json","48","      ""output"": ""admin_utils.py\nagent_client_termux.py\nbackups/end_of_day_20260721_0016/bot_stable.py\nbackups/pre_governance_phase/bot_stable.py\nbackups/pre_phase95_governance/bot_stable.py\nbackups/stable_2026_07_20/bot_stable.py\nbot_stable.py\nbroadcast_handler.py\nconfig.json\ncore/identity.py\ncourse_handlers.py\ndiagnostic_handler.py\njunk_handler.py\nlearning_path.py\nmonitor_handler.py\npayment_handler.py\nreport_handler.py\nsandbox_handler.py\nstaking_handler.py\nstate/custom_handlers/ai_voting_handler.py\nstate/db.json\ntest_handler.py\ntests/system_check.py\ntools/session_closure_audit.py"""
"C:\Users\USER\slh-bot-clean\SESSION_CLOSURE_AUDIT.json","62","      ""output"": ""DO_NOT_RUN_LOCALLY.md\nREADME.md\nSLH_AGENT_HANDOFF.md\nscripts_dump.txt\nSOURCE_OF_TRUTH.md\nUPDATE.md\nadd_sync_patch.py\nagent_client.py\nagent_client.pyn\nbot_stable.py\nautomation_handlers.txt\nSLH_AGENT_HANDOFF.md.before_update\nslh_audit.py\nbrief_handler.py\ncourse_handlers.py\ncourses.json\ndeep_diagnostic.sh\nslh_hardening.py\ndemo_handlers.py\ndiagnose_all.sh\ndoctor_handler.py\nevents.db\nfinal_verification.sh\nfull_diag.sh\nfull_diagnostic.sh\nguide_handler.py\nheb_convert.py\ninternal_agent.py\njoin_fix.py\njunk_handler.py\nlanguage_handler.py\nlearning_path.py\nlogo.txt\nmemory.db\nmonitor_handler.py\nmyprogress_handler.py\nonboarding_handler.py\npre_change_check.sh\npre_change_diag.sh\nrefresh_token_handler.py\nreport_handler.py\nstart_safe.sh\nsystem_diagnostics.py\nsystem_verification.sh\nagent_client_termux.py.BAK\nadvanced_ask_handler.py.bak\nSLH_BEFORE_CLEANUP_20260720.tar.gz\nbot_stable.py.backup_1784637781\nadvanced_ask_handler.backup_2026-07-21_1632.py\nbot_stable.py.bak\nCONTROL_CENTER_FORENSIC_20260726_095133.txt\nresponsibility_map.py\nbot_stable.py.before_v18_47_10_20260726_164804\nbot_stable.py.pre_eventbus_fix\nbot_stable.py.pre_mission_import_fix\nTOMORROW_HANDOFF.md\nsandbox_handler.py\nslh_state.db\nstaking_handler.py\nsystem_health.py\ntutorial_handler.py\nupdate_token.sh\nwelcome_handler.py.bak\ndashboard_backup.tar.gz\nadvanced_ask_handler.py.bak_2124\nadvanced_ask_handler.py.bak_file\nslh_full_check.py\nadvanced_ask_handler.py.bak_2131\nagent_client_termux.py\nwelcome_handler.py.disabled\nCONTROL_CENTER_FORENSIC_20260726_095133.txt.gz\nassignment_preview.py\nbot_stable.py.pre_context_import_fix\nSESSION_CLOSURE_MANIFEST.md\n.git/index\nbackups/slh_working_20260720_220829.tar.gz\nbackups/loader_before_fix.py\nbackups/loader_after_task_fix.py\nbackups/loader_before_economy_cleanup.py\nbackups/loader_before_economy_first_remove.py\nbackups/loader_before_mission_cleanup.py\nbackups/loader_before_mission_cleanup_retry.py\nbranding/SLH_LOGO.txt\ncore/lesson_engine.py\ncore/ask_debug.py\ncore/ask_guard.py\ncore/context_builder.py\ncore/ask_router.py\ncore/ask_router.py.bak\ncore/ask_router.py.before_cleanup\ncore/ask_router.py.dup_backup\ncore/identity.py\ncore/ai_guard.py\ncore/identity.py.bak\ncore/ask_router.py.before_v18_46_1_bom_repair\ndocs/SELF_MODEL.md\ndocs/SLH_OPERATIONS_MANUAL.md\nhandlers/academy_handler.py\nhandlers/academy_menu_handler.py\nhandlers/join_handler.py\nhandlers/lesson_handler.py\nhandlers/llm_handler.py\nhandlers/morning_handler.py\nhandlers/ownership_transfer_handler.py\nhandlers/system_handler.py\nhandlers/task_handler.py\nhandlers/termux_handler.py\nhandlers/user_handler.py\nhandlers/loader.py.backup\nhandlers/me_handler.py\nhandlers/feedback_handler.py\nhandlers/mission_handler.py\nhandlers/kb_handler.py\nhandlers/device_handler.py\nhandlers/monitor_handler.py\nhandlers/dashboard_handler.py\nhandlers/onboarding_v2.py\nhandlers/advanced_ask_handler.py\nhandlers/llm_handler.py.backup_20260726_103015\nhandlers/audit_handler.py\nhandlers/monitor_handler.py.before_v18_46_1_bom_repair\nhandlers/mission_handler.py.before_v18_47_10_20260726_164804\nhandlers/advanced_ask_handler.py.bak_20260727_0047\nplugins/task.py\ntools/SLH-Control.ps1\ntools/connect_llm_circuit.py\ntools/create_ask_guard.py\ntools/patch_ask_router.py\ntools/session_closure_audit.py\nstate/agents.json\nstate/chats.json\nstate/db.json\nstate/demo_tasks.json\nstate/journal.json\nstate/tasks.json.backup\nstate/startup.py\n_backup/llm_handler.py.bak\ndiag_report/report_20260726_004238.txt\nreports/control_panels_full_inventory_20260726_093831.log\n__pycache__/add_visibility_report.cpython-313.pyc\n__pycache__/bot_stable.cpython-313.pyc\n__pycache__/welcome_handler.cpython-313.pyc\n__pycache__/system_diagnostics.cpython-313.pyc\n__pycache__/doctor_handler.cpython-313.pyc\n__pycache__/heb_convert.cpython-313.pyc\n__pycache__/slh_lock.cpython-313.pyc\n__pycache__/marketplace.cpython-313.pyc\n__pycache__/admin_utils.cpython-313.pyc\n__pycache__/audit_logger.cpython-313.pyc\n__pycache__/payment_handler.cpython-313.pyc\n__pycache__/state_manager.cpython-313.pyc\n_"""
"C:\Users\USER\slh-bot-clean\SESSION_CLOSURE_AUDIT.json","83","      ""output"": ""a2af4a1 Add closure day handoff\n M agent_client_termux.py\n M bot_stable.py\n M config.json\n M core/ai_guard.py\n M core/ask_router.py\n M core/bootstrap_commands.py\n M core/mission_lifecycle.py\n M handlers/advanced_ask_handler.py\n M handlers/agents_handler.py\n D handlers/chat_registry_handler.py\n M handlers/device_bridge.py\n M handlers/llm_handler.py\n M handlers/loader.py\n M handlers/mission_handler.py\n M handlers/monitor_handler.py\n M handlers/voting_handler.py\n M services/task_service.py\n M staking_handler.py\n M state/agents.json\n M state/custom_handlers/task_listener.py\n M state/db.json\n M state/missions/board.json\n D welcome_handler.py\n?? CONTROL_CENTER_FORENSIC_20260726_095133.txt.gz\n?? N\n?? SESSION_CLOSURE_MANIFEST.md\n?? _quarantine/\n?? agent_client_pc.py\n?? agent_client_termux.py.BAK\n?? assignment_approval.py\n?? assignment_commit.py\n?? assignment_preview.py\n?? bot_stable.py.pre_context_import_fix\n?? bot_stable.py.pre_eventbus_fix\n?? bot_stable.py.pre_mission_import_fix\n?? config.json.broken\n?? config.tmp\n?? core/agent_registry.py\n?? core/agent_registry.py.pre_state_store_20260726T193953Z\n?? core/agent_state_store.py\n?? core/audit.py\n?? core/mission_lock.py\n?? core/mission_orchestrator.py\n?? core/mission_state.py\n?? core/project_graph.py\n?? core/project_registry.py\n?? core/system_collector.py\n?? core/system_state_gateway.py\n?? create_takeover_manifest.py\n?? handlers/advanced_ask_handler.py.bak_20260727_0047\n?? handlers/audit_handler.py\n?? handlers/loader.py.pre_signature_fix\n?? mission_assignment_commit.py\n?? mission_assignment_preview.py\n?? mission_completion_commit.py\n?? mission_completion_commit_2.py\n?? mission_completion_gate.py\n?? mission_creation_commit.py\n?? mission_creation_preview.py\n?? mission_execution_commit.py\n?? mission_execution_gate.py\n?? mission_execution_preview.py\n?? mission_lifecycle_preview.py\n?? mission_result_recorder.py\n?? mission_result_verifier.py\n?? mission_runner.py\n?? responsibility_map.py\n?? state/agents_archive.json\n?? state/audit.jsonl\n?? state/custom_handlers/task_listener.py.pre_log_fix\n?? state/missions/.mission_lifecycle.lock\n?? state/missions/results/mission-4-20260726T091849Z.json\n?? state/missions/results/mission-5-20260726T093030Z.json\n?? state/missions/results/mission-6-20260726T093157Z.json\n?? state/missions/results/mission-API-TEST-20260726T094818Z-20260726T094818Z.json\n?? state/missions/results/mission-SMOKE-20260726T143715190125Z-20260726T143715Z.json\n?? state/rewards_ledger.json\n?? state/takeover/\n?? system_test.sh\n?? takeover_controller.py\n?? test_assignment_api.py\n?? test_assignment_commit_api.py\n?? test_creation_api.py\n?? test_mission3_assignment_commit.py\n?? test_mission3_assignment_preview.py\n?? test_mission3_execution_preview.py\n?? test_mission4_assignment_commit.py\n?? test_mission4_assignment_preview.py\n?? test_mission4_creation_commit.py\n?? test_mission4_creation_preview.py\n?? test_mission4_execution_commit.py\n?? test_mission4_execution_preview.py\n?? test_mission_orchestrator_preview.py\n?? tools/active_loader_audit.py\n?? tools/agent_state_autopilot.py\n?? tools/audit_state_access.py\n?? tools/build_state_migration_queue.py\n?? tools/discover_projects.py\n?? tools/discover_termux_projects.py\n?? tools/full_static_handler_audit.py\n?? tools/loader_registration_audit.py\n?? tools/runtime_command_registration_audit.py\n?? tools/runtime_loading_path_audit.py\n?? tools/runtime_state_access_classification.py\n?? tools/runtime_state_dependency_map.py\n?? tools/session_closure_audit.py\n?? tools/slh_migrate.py\n?? tools/test_agent_state_full.py\n?? tools/test_project_graph_contract.py\n?? tools/test_project_registry_contract.py\n?? tools/test_system_snapshot_contract.py\n?? tools/user_acceptance_audit.py\n?? tools/user_command_audit.py\n?? tools/user_command_wiring_audit.py\n?? welcome_handler.py.disabled"""
"C:\Users\USER\slh-bot-clean\show_dashboard.py","2","with open(r'C:\Users\USER\slh-bot-clean\state\db.json', 'r', encoding='utf-8') as f:"
"C:\Users\USER\slh-bot-clean\show_dashboard.py","3","    d = json.load(f)"
"C:\Users\USER\slh-bot-clean\show_journal.py","6","data = json.loads(JOURNAL.read_text(encoding=""utf-8""))"
"C:\Users\USER\slh-bot-clean\slh.py","4","DB_PATH = ""state/db.json"""
"C:\Users\USER\slh-bot-clean\slh.py","6","    with open(DB_PATH,'r') as f: return json.load(f)"
"C:\Users\USER\slh-bot-clean\slh.py","8","    with open(DB_PATH,'w') as f: json.dump(db,f,indent=2)"
"C:\Users\USER\slh-bot-clean\slhdna.py","35","        return json.loads(path.read_text(encoding=""utf-8""))"
"C:\Users\USER\slh-bot-clean\slhdna.py","43","        json.dumps(data, indent=2, ensure_ascii=False),"
"C:\Users\USER\slh-bot-clean\slhdna.py","56","        f.write(json.dumps(record, ensure_ascii=False) + ""\n"")"
"C:\Users\USER\slh-bot-clean\slh_audit.py","58","DB=""state/db.json"""
"C:\Users\USER\slh-bot-clean\slh_audit.py","62","        db=json.load(f)"
"C:\Users\USER\slh-bot-clean\slh_audit.py","208","    ""state/db.json"","
"C:\Users\USER\slh-bot-clean\slh_audit_report.json","7","    ""state/db.json"": {"
"C:\Users\USER\slh-bot-clean\slh_authority_audit.py","144","    json.dumps(audit, indent=2, ensure_ascii=False),"
"C:\Users\USER\slh-bot-clean\slh_autopilot.py","42","            json.load(f)"
"C:\Users\USER\slh-bot-clean\slh_autopilot.py","105","check_json(""state/db.json"")"
"C:\Users\USER\slh-bot-clean\slh_consolidate.py","12","db_file=""state/db.json"""
"C:\Users\USER\slh-bot-clean\slh_consolidate.py","35","    db=json.load(f)"
"C:\Users\USER\slh-bot-clean\slh_consolidate.py","49","    json.dump("
"C:\Users\USER\slh-bot-clean\slh_consolidate.py","65","    agents=json.load(f)"
"C:\Users\USER\slh-bot-clean\slh_consolidate.py","106","    json.dump("
"C:\Users\USER\slh-bot-clean\slh_consolidate.py","117","print(json.dumps(report,indent=2,ensure_ascii=False))"
"C:\Users\USER\slh-bot-clean\slh_dna_scan.py","409","        json.dumps("
"C:\Users\USER\slh-bot-clean\slh_dna_scan.py","455","        json.dumps("
"C:\Users\USER\slh-bot-clean\slh_full_check.py","20","        json.dump(REPORT,f,indent=2,ensure_ascii=False)"
"C:\Users\USER\slh-bot-clean\slh_full_check.py","53","    ""state/db.json"","
"C:\Users\USER\slh-bot-clean\slh_full_check.py","84","    with open(""state/db.json"",encoding=""utf8"") as f:"
"C:\Users\USER\slh-bot-clean\slh_full_check.py","85","        db=json.load(f)"
"C:\Users\USER\slh-bot-clean\slh_hardening.py","23","    ""state/db.json"","
"C:\Users\USER\slh-bot-clean\slh_hardening.py","47","        json.dump({},f,indent=2)"
"C:\Users\USER\slh-bot-clean\slh_hardening.py","61","agents_file=""state/db.json"""
"C:\Users\USER\slh-bot-clean\slh_hardening.py","64","    db=json.load(f)"
"C:\Users\USER\slh-bot-clean\slh_hardening.py","107","    json.dump(db,f,indent=2,ensure_ascii=False)"
"C:\Users\USER\slh-bot-clean\slh_hardening.py","123","        aj=json.load(f)"
"C:\Users\USER\slh-bot-clean\slh_hardening.py","192","    json.dump(report,f,indent=2)"
"C:\Users\USER\slh-bot-clean\slh_hardening.py","198","print(json.dumps(report,indent=2))"
"C:\Users\USER\slh-bot-clean\slh_snapshot.py","12","""state/db.json"","
"C:\Users\USER\slh-bot-clean\slh_state_audit.py","9","    db=json.load(open(path,encoding=""utf-8""))"
"C:\Users\USER\slh-bot-clean\slh_state_audit.py","19","inspect(""state/db.json"",""LOCAL"")"
"C:\Users\USER\slh-bot-clean\SLH_STATE_BACKUP_20260812_marketfix_bot_stable.py","49","            cfg = json.load(f)"
"C:\Users\USER\slh-bot-clean\SLH_STATE_BACKUP_20260812_marketfix_bot_stable.py","65","        cfg = json.load(f)"
"C:\Users\USER\slh-bot-clean\SLH_STATE_BACKUP_20260812_marketfix_bot_stable.py","69","DB_FILE = cfg.get(""DB_FILE"", ""state/db.json"")"
"C:\Users\USER\slh-bot-clean\SLH_STATE_BACKUP_20260812_marketfix_bot_stable.py","102","import state_manager"
"C:\Users\USER\slh-bot-clean\SLH_STATE_BACKUP_20260812_marketfix_bot_stable.py","133","            db = json.load(f)"
"C:\Users\USER\slh-bot-clean\SLH_STATE_BACKUP_20260812_marketfix_bot_stable.py","142","        json.dump(db, f, indent=2)"
"C:\Users\USER\slh-bot-clean\SLH_STATE_BACKUP_20260812_marketfix_bot_stable.py","261","        users=json.load(open(""state/db.json"", encoding=""utf-8"")).get(""users"", {})"
"C:\Users\USER\slh-bot-clean\SLH_STATE_BACKUP_20260812_marketfix_bot_stable.py","262","        allowed=json.load(open(""allowed_ids.json""))"
"C:\Users\USER\slh-bot-clean\SLH_STATE_BACKUP_20260812_marketfix_bot_stable.py","363","        goals = json.load(open(path)) if os.path.exists(path) else []"
"C:\Users\USER\slh-bot-clean\SLH_STATE_BACKUP_20260812_marketfix_bot_stable.py","365","        json.dump(goals, open(path, ""w""))"
"C:\Users\USER\slh-bot-clean\SLH_STATE_BACKUP_20260812_marketfix_bot_stable.py","368","        goals = json.load(open(path)) if os.path.exists(path) else []"
"C:\Users\USER\slh-bot-clean\SLH_STATE_BACKUP_20260812_marketfix_bot_stable.py","426","        with open(""state/db.json"", encoding=""utf-8"") as f:"
"C:\Users\USER\slh-bot-clean\SLH_STATE_BACKUP_20260812_marketfix_bot_stable.py","427","            db = json.load(f)"
"C:\Users\USER\slh-bot-clean\SLH_STATE_BACKUP_20260812_marketfix_bot_stable.py","501","            data = json.loads(resp.read())"
"C:\Users\USER\slh-bot-clean\SLH_STATE_BACKUP_20260812_marketfix_bot_stable.py","691","    db_path = os.path.join(cwd, ""db.json"")"
"C:\Users\USER\slh-bot-clean\SLH_STATE_BACKUP_20260812_marketfix_bot_stable.py","757","        ""state_manager"": globals().get(""state_manager"", None),"
"C:\Users\USER\slh-bot-clean\SLH_STATE_BACKUP_20260812_marketfix_bot_stable.py","843","DB: state/db.json"""""""
"C:\Users\USER\slh-bot-clean\slh_sync_fix.py","13","DB=""state/db.json"""
"C:\Users\USER\slh-bot-clean\slh_sync_fix.py","33","    db=json.load(f)"
"C:\Users\USER\slh-bot-clean\slh_sync_fix.py","63","    json.dump("
"C:\Users\USER\slh-bot-clean\slh_sync_fix.py","78","    mirror=json.load(f)"
"C:\Users\USER\slh-bot-clean\slh_sync_fix.py","116","    json.dump("
"C:\Users\USER\slh-bot-clean\slh_sync_fix.py","125","print(json.dumps(report,indent=2))"
"C:\Users\USER\slh-bot-clean\slh_visibility_scan.py","29","            d=json.load(open(f))"
"C:\Users\USER\slh-bot-clean\smart_leaderboard.py","3","DB_PATH = ""state/db.json"""
"C:\Users\USER\slh-bot-clean\smart_leaderboard.py","7","        return json.load(f)"
"C:\Users\USER\slh-bot-clean\state_engine.py","9","            return json.load(open(STATE_FILE))"
"C:\Users\USER\slh-bot-clean\state_engine.py","16","    json.dump(s, open(STATE_FILE, ""w""), indent=2)"
"C:\Users\USER\slh-bot-clean\state_manager.py","5","        cfg = json.load(f)"
"C:\Users\USER\slh-bot-clean\state_manager.py","8","DB_FILE = cfg.get(""DB_FILE"", ""state/db.json"")"
"C:\Users\USER\slh-bot-clean\state_manager.py","17","        return json.load(f)"
"C:\Users\USER\slh-bot-clean\state_manager.py","21","        json.dump(db, f, indent=2, ensure_ascii=False)"
"C:\Users\USER\slh-bot-clean\state_manager.py","23","AGENTS_FILE = ""state/db.json"""
"C:\Users\USER\slh-bot-clean\subscriptions.py","9","DB_FILE = ""subscriptions.json"""
"C:\Users\USER\slh-bot-clean\subscriptions.py","14","            return json.load(f)"
"C:\Users\USER\slh-bot-clean\subscriptions.py","20","        json.dump(data, f, indent=2)"
"C:\Users\USER\slh-bot-clean\system_diagnostics.py","49","            with open(""state/db.json"", encoding=""utf-8"") as f:"
"C:\Users\USER\slh-bot-clean\system_diagnostics.py","50","                db = json.load(f)"
"C:\Users\USER\slh-bot-clean\system_diagnostics.py","193","            print(json.dumps(self.results, indent=2))"
"C:\Users\USER\slh-bot-clean\system_health.py","19","        with open(""state/db.json"", encoding=""utf-8"") as f:"
"C:\Users\USER\slh-bot-clean\system_health.py","20","            db = json.load(f)"
"C:\Users\USER\slh-bot-clean\takeover_controller.py","6","MANIFEST_PATH = ROOT / ""state"" / ""takeover"" / ""manifest.json"""
"C:\Users\USER\slh-bot-clean\takeover_controller.py","7","DB_PATH = ROOT / ""state"" / ""db.json"""
"C:\Users\USER\slh-bot-clean\takeover_controller.py","8","BOARD_PATH = ROOT / ""state"" / ""missions"" / ""board.json"""
"C:\Users\USER\slh-bot-clean\takeover_controller.py","9","MEMORY_PATH = ROOT / ""state"" / ""system_memory.json"""
"C:\Users\USER\slh-bot-clean\takeover_controller.py","17","        return json.loads("
"C:\Users\USER\slh-bot-clean\telegram_chat_audit.py","11","            return json.load(f).get(""BOT_TOKEN"")"
"C:\Users\USER\slh-bot-clean\test_assignment_commit_api.py","16","    return json.loads("
"C:\Users\USER\slh-bot-clean\test_creation_api.py","16","    return json.loads("
"C:\Users\USER\slh-bot-clean\test_mission3_assignment_commit.py","16","    return json.loads("
"C:\Users\USER\slh-bot-clean\test_mission3_completion_commit.py","17","    return json.loads("
"C:\Users\USER\slh-bot-clean\test_mission3_completion_commit.py","64","    canonical = json.dumps("
"C:\Users\USER\slh-bot-clean\test_mission3_completion_commit.py","355","        result_data = json.loads("
"C:\Users\USER\slh-bot-clean\test_mission3_completion_preview.py","17","    return json.loads("
"C:\Users\USER\slh-bot-clean\test_mission3_completion_preview.py","64","    canonical = json.dumps("
"C:\Users\USER\slh-bot-clean\test_mission3_completion_preview.py","151","    result = json.loads("
"C:\Users\USER\slh-bot-clean\test_mission3_execution_commit.py","17","    return json.loads("
"C:\Users\USER\slh-bot-clean\test_mission3_execution_commit.py","64","    canonical = json.dumps("
"C:\Users\USER\slh-bot-clean\test_mission3_execution_commit.py","341","        result_data = json.loads("
"C:\Users\USER\slh-bot-clean\test_mission3_post_completion_regression.py","16","    return json.loads("
"C:\Users\USER\slh-bot-clean\test_mission4_assignment_commit.py","16","    return json.loads("
"C:\Users\USER\slh-bot-clean\test_mission4_creation_commit.py","16","    return json.loads("
"C:\Users\USER\slh-bot-clean\test_mission4_execution_commit.py","16","    return json.loads("
"C:\Users\USER\slh-bot-clean\test_mission_orchestrator_preview.py","29","        json.dumps("
"C:\Users\USER\slh-bot-clean\ton_handler.py","3","import state_manager"
"C:\Users\USER\slh-bot-clean\ton_handler.py","14","        db = state_manager.load_db()"
"C:\Users\USER\slh-bot-clean\ton_handler.py","22","        db = state_manager.load_db()"
"C:\Users\USER\slh-bot-clean\ton_handler.py","24","        state_manager.save_db(db)"
"C:\Users\USER\slh-bot-clean\ton_handler.py","116","        new_balance = state_manager.atomic_update(mutate)"
"C:\Users\USER\slh-bot-clean\webapp.py","6","DB_PATH = BASE_DIR / ""state"" / ""db.json"""
"C:\Users\USER\slh-bot-clean\webapp.py","14","        return json.load(f)"
